{
"type": "FeatureCollection",
"name": "POINTS_PL_LOTE_01",
"crs": { "type": "name", "properties": { "name": "urn:ogc:def:crs:OGC:1.3:CRS84" } },
"features": [
{ "type": "Feature", "properties": { "id": 2034, "left": -45.722127, "top": -12.678105692000001, "right": -45.721767676, "bottom": -12.678465016000001, "centroid_x": -45.721823, "centroid_y": -12.678421, "talhao": "PL LOTE 01" }, "geometry": { "type": "MultiPolygon", "coordinates": [ [ [ [ -45.721767676, -12.67833262543772 ], [ -45.721767676, -12.678465016 ], [ -45.721934499982062, -12.678465016 ], [ -45.721767676, -12.67833262543772 ] ] ] ] } },
{ "type": "Feature", "properties": { "id": 2035, "left": -45.722127, "top": -12.678465016000001, "right": -45.721767676, "bottom": -12.67882434, "centroid_x": -45.721923, "centroid_y": -12.678657, "talhao": "PL LOTE 01" }, "geometry": { "type": "MultiPolygon", "coordinates": [ [ [ [ -45.722075, -12.678788 ], [ -45.722112, -12.678733 ], [ -45.722123, -12.678704 ], [ -45.722127, -12.678674 ], [ -45.722122, -12.678643 ], [ -45.722102, -12.67861 ], [ -45.722073, -12.678582 ], [ -45.721937, -12.678467 ], [ -45.721934499982062, -12.678465016 ], [ -45.721767676, -12.678465016 ], [ -45.721767676, -12.67882434 ], [ -45.722043441578954, -12.67882434 ], [ -45.722075, -12.678788 ] ] ] ] } },
{ "type": "Feature", "properties": { "id": 2036, "left": -45.722127, "top": -12.67882434, "right": -45.721767676, "bottom": -12.679183664, "centroid_x": -45.721861, "centroid_y": -12.678914, "talhao": "PL LOTE 01" }, "geometry": { "type": "MultiPolygon", "coordinates": [ [ [ [ -45.721931, -12.678939 ], [ -45.722042, -12.678826 ], [ -45.722043441578947, -12.67882434 ], [ -45.721767676, -12.67882434 ], [ -45.721767676, -12.67909179614634 ], [ -45.721931, -12.678939 ] ] ] ] } },
{ "type": "Feature", "properties": { "id": 2086, "left": -45.721767676, "top": -12.677746368, "right": -45.721408351999997, "bottom": -12.678105692000001, "centroid_x": -45.72144, "centroid_y": -12.678078, "talhao": "PL LOTE 01" }, "geometry": { "type": "MultiPolygon", "coordinates": [ [ [ [ -45.721437, -12.678048 ], [ -45.721408352, -12.67802396306023 ], [ -45.721408352, -12.678105692 ], [ -45.721501461979592, -12.678105692 ], [ -45.721437, -12.678048 ] ] ] ] } },
{ "type": "Feature", "properties": { "id": 2087, "left": -45.721767676, "top": -12.678105692000001, "right": -45.721408351999997, "bottom": -12.678465016000001, "centroid_x": -45.72156, "centroid_y": -12.678318, "talhao": "PL LOTE 01" }, "geometry": { "type": "MultiPolygon", "coordinates": [ [ [ [ -45.721656, -12.678244 ], [ -45.721501461979592, -12.678105692 ], [ -45.721408352, -12.678105692 ], [ -45.721408352, -12.678465016 ], [ -45.721767676, -12.678465016 ], [ -45.721767676, -12.67833262543772 ], [ -45.721656, -12.678244 ] ] ] ] } },
{ "type": "Feature", "properties": { "id": 2088, "left": -45.721767676, "top": -12.678465016000001, "right": -45.721408351999997, "bottom": -12.67882434, "centroid_x": -45.721588, "centroid_y": -12.678645, "talhao": "PL LOTE 01" }, "geometry": { "type": "MultiPolygon", "coordinates": [ [ [ [ -45.721767676, -12.678465016 ], [ -45.721408352, -12.678465016 ], [ -45.721408352, -12.67882434 ], [ -45.721767676, -12.67882434 ], [ -45.721767676, -12.678465016 ] ] ] ] } },
{ "type": "Feature", "properties": { "id": 2089, "left": -45.721767676, "top": -12.67882434, "right": -45.721408351999997, "bottom": -12.679183664, "centroid_x": -45.721583, "centroid_y": -12.678999, "talhao": "PL LOTE 01" }, "geometry": { "type": "MultiPolygon", "coordinates": [ [ [ [ -45.721767676, -12.67909179614634 ], [ -45.721767676, -12.67882434 ], [ -45.721408352, -12.67882434 ], [ -45.721408352, -12.679183664 ], [ -45.721669478331471, -12.679183664 ], [ -45.721767676, -12.67909179614634 ] ] ] ] } },
{ "type": "Feature", "properties": { "id": 2090, "left": -45.721767676, "top": -12.679183664, "right": -45.721408351999997, "bottom": -12.679542988, "centroid_x": -45.721495, "centroid_y": -12.679265, "talhao": "PL LOTE 01" }, "geometry": { "type": "MultiPolygon", "coordinates": [ [ [ [ -45.721669478331471, -12.679183664 ], [ -45.721408352, -12.679183664 ], [ -45.721408352, -12.679427958146343 ], [ -45.721669478331471, -12.679183664 ] ] ] ] } },
{ "type": "Feature", "properties": { "id": 20138, "left": -45.721408351999997, "top": -12.677387044, "right": -45.721049027999996, "bottom": -12.677746368, "centroid_x": -45.721059, "centroid_y": -12.677738, "talhao": "PL LOTE 01" }, "geometry": { "type": "MultiPolygon", "coordinates": [ [ [ [ -45.721049028, -12.677722474322982 ], [ -45.721049028, -12.677746368 ], [ -45.721077505254833, -12.677746368 ], [ -45.721049028, -12.677722474322982 ] ] ] ] } },
{ "type": "Feature", "properties": { "id": 20139, "left": -45.721408351999997, "top": -12.677746368, "right": -45.721049027999996, "bottom": -12.678105692000001, "centroid_x": -45.72119, "centroid_y": -12.677974, "talhao": "PL LOTE 01" }, "geometry": { "type": "MultiPolygon", "coordinates": [ [ [ [ -45.721077505254833, -12.677746368 ], [ -45.721049028, -12.677746368 ], [ -45.721049028, -12.678105692 ], [ -45.721408352, -12.678105692 ], [ -45.721408352, -12.67802396306023 ], [ -45.721077505254833, -12.677746368 ] ] ] ] } },
{ "type": "Feature", "properties": { "id": 20140, "left": -45.721408351999997, "top": -12.678105692000001, "right": -45.721049027999996, "bottom": -12.678465016000001, "centroid_x": -45.721229, "centroid_y": -12.678285, "talhao": "PL LOTE 01" }, "geometry": { "type": "MultiPolygon", "coordinates": [ [ [ [ -45.721408352, -12.678105692 ], [ -45.721049028, -12.678105692 ], [ -45.721049028, -12.678465016 ], [ -45.721408352, -12.678465016 ], [ -45.721408352, -12.678105692 ] ] ] ] } },
{ "type": "Feature", "properties": { "id": 20141, "left": -45.721408351999997, "top": -12.678465016000001, "right": -45.721049027999996, "bottom": -12.67882434, "centroid_x": -45.721229, "centroid_y": -12.678645, "talhao": "PL LOTE 01" }, "geometry": { "type": "MultiPolygon", "coordinates": [ [ [ [ -45.721408352, -12.678465016 ], [ -45.721049028, -12.678465016 ], [ -45.721049028, -12.67882434 ], [ -45.721408352, -12.67882434 ], [ -45.721408352, -12.678465016 ] ] ] ] } },
{ "type": "Feature", "properties": { "id": 20142, "left": -45.721408351999997, "top": -12.67882434, "right": -45.721049027999996, "bottom": -12.679183664, "centroid_x": -45.721229, "centroid_y": -12.679004, "talhao": "PL LOTE 01" }, "geometry": { "type": "MultiPolygon", "coordinates": [ [ [ [ -45.721408352, -12.67882434 ], [ -45.721049028, -12.67882434 ], [ -45.721049028, -12.679183664 ], [ -45.721408352, -12.679183664 ], [ -45.721408352, -12.67882434 ] ] ] ] } },
{ "type": "Feature", "properties": { "id": 20143, "left": -45.721408351999997, "top": -12.679183664, "right": -45.721049027999996, "bottom": -12.679542988, "centroid_x": -45.721221, "centroid_y": -12.679355, "talhao": "PL LOTE 01" }, "geometry": { "type": "MultiPolygon", "coordinates": [ [ [ [ -45.721408352, -12.679427958146343 ], [ -45.721408352, -12.679183664 ], [ -45.721049028, -12.679183664 ], [ -45.721049028, -12.679542988 ], [ -45.721285396439477, -12.679542988 ], [ -45.721408352, -12.679427958146343 ] ] ] ] } },
{ "type": "Feature", "properties": { "id": 20144, "left": -45.721408351999997, "top": -12.679542988, "right": -45.721049027999996, "bottom": -12.679902312, "centroid_x": -45.721128, "centroid_y": -12.679617, "talhao": "PL LOTE 01" }, "geometry": { "type": "MultiPolygon", "coordinates": [ [ [ [ -45.721285396439477, -12.679542988 ], [ -45.721049028, -12.679542988 ], [ -45.721049028, -12.679764120146345 ], [ -45.721285396439477, -12.679542988 ] ] ] ] } },
{ "type": "Feature", "properties": { "id": 20191, "left": -45.721049028000003, "top": -12.677387044, "right": -45.720689704000002, "bottom": -12.677746368, "centroid_x": -45.720818, "centroid_y": -12.677637, "talhao": "PL LOTE 01" }, "geometry": { "type": "MultiPolygon", "coordinates": [ [ [ [ -45.720689704, -12.677420985585741 ], [ -45.720689704, -12.677746368 ], [ -45.721049028, -12.677746368 ], [ -45.721049028, -12.677722474322989 ], [ -45.720689704, -12.677420985585741 ] ] ] ] } },
{ "type": "Feature", "properties": { "id": 20192, "left": -45.721049028000003, "top": -12.677746368, "right": -45.720689704000002, "bottom": -12.678105692000001, "centroid_x": -45.720869, "centroid_y": -12.677926, "talhao": "PL LOTE 01" }, "geometry": { "type": "MultiPolygon", "coordinates": [ [ [ [ -45.721049028, -12.677746368 ], [ -45.720689704, -12.677746368 ], [ -45.720689704, -12.678105692 ], [ -45.721049028, -12.678105692 ], [ -45.721049028, -12.677746368 ] ] ] ] } },
{ "type": "Feature", "properties": { "id": 20193, "left": -45.721049028000003, "top": -12.678105692000001, "right": -45.720689704000002, "bottom": -12.678465016000001, "centroid_x": -45.720869, "centroid_y": -12.678285, "talhao": "PL LOTE 01" }, "geometry": { "type": "MultiPolygon", "coordinates": [ [ [ [ -45.721049028, -12.678105692 ], [ -45.720689704, -12.678105692 ], [ -45.720689704, -12.678465016 ], [ -45.721049028, -12.678465016 ], [ -45.721049028, -12.678105692 ] ] ] ] } },
{ "type": "Feature", "properties": { "id": 20194, "left": -45.721049028000003, "top": -12.678465016000001, "right": -45.720689704000002, "bottom": -12.67882434, "centroid_x": -45.720869, "centroid_y": -12.678645, "talhao": "PL LOTE 01" }, "geometry": { "type": "MultiPolygon", "coordinates": [ [ [ [ -45.721049028, -12.678465016 ], [ -45.720689704, -12.678465016 ], [ -45.720689704, -12.67882434 ], [ -45.721049028, -12.67882434 ], [ -45.721049028, -12.678465016 ] ] ] ] } },
{ "type": "Feature", "properties": { "id": 20195, "left": -45.721049028000003, "top": -12.67882434, "right": -45.720689704000002, "bottom": -12.679183664, "centroid_x": -45.720869, "centroid_y": -12.679004, "talhao": "PL LOTE 01" }, "geometry": { "type": "MultiPolygon", "coordinates": [ [ [ [ -45.721049028, -12.67882434 ], [ -45.720689704, -12.67882434 ], [ -45.720689704, -12.679183664 ], [ -45.721049028, -12.679183664 ], [ -45.721049028, -12.67882434 ] ] ] ] } },
{ "type": "Feature", "properties": { "id": 20196, "left": -45.721049028000003, "top": -12.679183664, "right": -45.720689704000002, "bottom": -12.679542988, "centroid_x": -45.720869, "centroid_y": -12.679363, "talhao": "PL LOTE 01" }, "geometry": { "type": "MultiPolygon", "coordinates": [ [ [ [ -45.721049028, -12.679183664 ], [ -45.720689704, -12.679183664 ], [ -45.720689704, -12.679542988 ], [ -45.721049028, -12.679542988 ], [ -45.721049028, -12.679183664 ] ] ] ] } },
{ "type": "Feature", "properties": { "id": 20197, "left": -45.721049028000003, "top": -12.679542988, "right": -45.720689704000002, "bottom": -12.679902312, "centroid_x": -45.720858, "centroid_y": -12.679711, "talhao": "PL LOTE 01" }, "geometry": { "type": "MultiPolygon", "coordinates": [ [ [ [ -45.721049028, -12.679764120146338 ], [ -45.721049028, -12.679542988 ], [ -45.720689704, -12.679542988 ], [ -45.720689704, -12.679902312 ], [ -45.720901314547483, -12.679902312 ], [ -45.721049028, -12.679764120146338 ] ] ] ] } },
{ "type": "Feature", "properties": { "id": 20198, "left": -45.721049028000003, "top": -12.679902312, "right": -45.720689704000002, "bottom": -12.680261636, "centroid_x": -45.72076, "centroid_y": -12.679968, "talhao": "PL LOTE 01" }, "geometry": { "type": "MultiPolygon", "coordinates": [ [ [ [ -45.720901314547483, -12.679902312 ], [ -45.720689704, -12.679902312 ], [ -45.720689704, -12.68010028214634 ], [ -45.720901314547483, -12.679902312 ] ] ] ] } },
{ "type": "Feature", "properties": { "id": 20243, "left": -45.720689704000002, "top": -12.67702772, "right": -45.72033038, "bottom": -12.677387044, "centroid_x": -45.720437, "centroid_y": -12.677298, "talhao": "PL LOTE 01" }, "geometry": { "type": "MultiPolygon", "coordinates": [ [ [ [ -45.72033038, -12.677119496848494 ], [ -45.72033038, -12.677387044 ], [ -45.720649251323508, -12.677387044 ], [ -45.72033038, -12.677119496848494 ] ] ] ] } },
{ "type": "Feature", "properties": { "id": 20244, "left": -45.720689704000002, "top": -12.677387044, "right": -45.72033038, "bottom": -12.677746368, "centroid_x": -45.720509, "centroid_y": -12.677568, "talhao": "PL LOTE 01" }, "geometry": { "type": "MultiPolygon", "coordinates": [ [ [ [ -45.720649251323508, -12.677387044 ], [ -45.72033038, -12.677387044 ], [ -45.72033038, -12.677746368 ], [ -45.720689704, -12.677746368 ], [ -45.720689704, -12.677420985585741 ], [ -45.720649251323508, -12.677387044 ] ] ] ] } },
{ "type": "Feature", "properties": { "id": 20245, "left": -45.720689704000002, "top": -12.677746368, "right": -45.72033038, "bottom": -12.678105692000001, "centroid_x": -45.72051, "centroid_y": -12.677926, "talhao": "PL LOTE 01" }, "geometry": { "type": "MultiPolygon", "coordinates": [ [ [ [ -45.720689704, -12.677746368 ], [ -45.72033038, -12.677746368 ], [ -45.72033038, -12.678105692 ], [ -45.720689704, -12.678105692 ], [ -45.720689704, -12.677746368 ] ] ] ] } },
{ "type": "Feature", "properties": { "id": 20246, "left": -45.720689704000002, "top": -12.678105692000001, "right": -45.72033038, "bottom": -12.678465016000001, "centroid_x": -45.72051, "centroid_y": -12.678285, "talhao": "PL LOTE 01" }, "geometry": { "type": "MultiPolygon", "coordinates": [ [ [ [ -45.720689704, -12.678105692 ], [ -45.72033038, -12.678105692 ], [ -45.72033038, -12.678465016 ], [ -45.720689704, -12.678465016 ], [ -45.720689704, -12.678105692 ] ] ] ] } },
{ "type": "Feature", "properties": { "id": 20247, "left": -45.720689704000002, "top": -12.678465016000001, "right": -45.72033038, "bottom": -12.67882434, "centroid_x": -45.72051, "centroid_y": -12.678645, "talhao": "PL LOTE 01" }, "geometry": { "type": "MultiPolygon", "coordinates": [ [ [ [ -45.720689704, -12.678465016 ], [ -45.72033038, -12.678465016 ], [ -45.72033038, -12.67882434 ], [ -45.720689704, -12.67882434 ], [ -45.720689704, -12.678465016 ] ] ] ] } },
{ "type": "Feature", "properties": { "id": 20248, "left": -45.720689704000002, "top": -12.67882434, "right": -45.72033038, "bottom": -12.679183664, "centroid_x": -45.72051, "centroid_y": -12.679004, "talhao": "PL LOTE 01" }, "geometry": { "type": "MultiPolygon", "coordinates": [ [ [ [ -45.720689704, -12.67882434 ], [ -45.72033038, -12.67882434 ], [ -45.72033038, -12.679183664 ], [ -45.720689704, -12.679183664 ], [ -45.720689704, -12.67882434 ] ] ] ] } },
{ "type": "Feature", "properties": { "id": 20249, "left": -45.720689704000002, "top": -12.679183664, "right": -45.72033038, "bottom": -12.679542988, "centroid_x": -45.72051, "centroid_y": -12.679363, "talhao": "PL LOTE 01" }, "geometry": { "type": "MultiPolygon", "coordinates": [ [ [ [ -45.720689704, -12.679183664 ], [ -45.72033038, -12.679183664 ], [ -45.72033038, -12.679542988 ], [ -45.720689704, -12.679542988 ], [ -45.720689704, -12.679183664 ] ] ] ] } },
{ "type": "Feature", "properties": { "id": 20250, "left": -45.720689704000002, "top": -12.679542988, "right": -45.72033038, "bottom": -12.679902312, "centroid_x": -45.72051, "centroid_y": -12.679723, "talhao": "PL LOTE 01" }, "geometry": { "type": "MultiPolygon", "coordinates": [ [ [ [ -45.720689704, -12.679542988 ], [ -45.72033038, -12.679542988 ], [ -45.72033038, -12.679902312 ], [ -45.720689704, -12.679902312 ], [ -45.720689704, -12.679542988 ] ] ] ] } },
{ "type": "Feature", "properties": { "id": 20251, "left": -45.720689704000002, "top": -12.679902312, "right": -45.72033038, "bottom": -12.680261636, "centroid_x": -45.720495, "centroid_y": -12.680067, "talhao": "PL LOTE 01" }, "geometry": { "type": "MultiPolygon", "coordinates": [ [ [ [ -45.720689704, -12.68010028214634 ], [ -45.720689704, -12.679902312 ], [ -45.72033038, -12.679902312 ], [ -45.72033038, -12.680261636 ], [ -45.720517232655496, -12.680261636 ], [ -45.720689704, -12.68010028214634 ] ] ] ] } },
{ "type": "Feature", "properties": { "id": 20252, "left": -45.720689704000002, "top": -12.680261636, "right": -45.72033038, "bottom": -12.68062096, "centroid_x": -45.720393, "centroid_y": -12.68032, "talhao": "PL LOTE 01" }, "geometry": { "type": "MultiPolygon", "coordinates": [ [ [ [ -45.720517232655496, -12.680261636 ], [ -45.72033038, -12.680261636 ], [ -45.72033038, -12.680436444146341 ], [ -45.720517232655496, -12.680261636 ] ] ] ] } },
{ "type": "Feature", "properties": { "id": 20295, "left": -45.72033038, "top": -12.676668396, "right": -45.719971056, "bottom": -12.67702772, "centroid_x": -45.720054, "centroid_y": -12.676958, "talhao": "PL LOTE 01" }, "geometry": { "type": "MultiPolygon", "coordinates": [ [ [ [ -45.719971056, -12.676818008111246 ], [ -45.719971056, -12.67702772 ], [ -45.720220997392182, -12.67702772 ], [ -45.719971056, -12.676818008111246 ] ] ] ] } },
{ "type": "Feature", "properties": { "id": 20296, "left": -45.72033038, "top": -12.67702772, "right": -45.719971056, "bottom": -12.677387044, "centroid_x": -45.720145, "centroid_y": -12.677213, "talhao": "PL LOTE 01" }, "geometry": { "type": "MultiPolygon", "coordinates": [ [ [ [ -45.720220997392182, -12.67702772 ], [ -45.719971056, -12.67702772 ], [ -45.719971056, -12.677387044 ], [ -45.72033038, -12.677387044 ], [ -45.72033038, -12.677119496848494 ], [ -45.720220997392182, -12.67702772 ] ] ] ] } },
{ "type": "Feature", "properties": { "id": 20297, "left": -45.72033038, "top": -12.677387044, "right": -45.719971056, "bottom": -12.677746368, "centroid_x": -45.720151, "centroid_y": -12.677567, "talhao": "PL LOTE 01" }, "geometry": { "type": "MultiPolygon", "coordinates": [ [ [ [ -45.72033038, -12.677387044 ], [ -45.719971056, -12.677387044 ], [ -45.719971056, -12.677746368 ], [ -45.72033038, -12.677746368 ], [ -45.72033038, -12.677387044 ] ] ] ] } },
{ "type": "Feature", "properties": { "id": 20298, "left": -45.72033038, "top": -12.677746368, "right": -45.719971056, "bottom": -12.678105692000001, "centroid_x": -45.720151, "centroid_y": -12.677926, "talhao": "PL LOTE 01" }, "geometry": { "type": "MultiPolygon", "coordinates": [ [ [ [ -45.72033038, -12.677746368 ], [ -45.719971056, -12.677746368 ], [ -45.719971056, -12.678105692 ], [ -45.72033038, -12.678105692 ], [ -45.72033038, -12.677746368 ] ] ] ] } },
{ "type": "Feature", "properties": { "id": 20299, "left": -45.72033038, "top": -12.678105692000001, "right": -45.719971056, "bottom": -12.678465016000001, "centroid_x": -45.720151, "centroid_y": -12.678285, "talhao": "PL LOTE 01" }, "geometry": { "type": "MultiPolygon", "coordinates": [ [ [ [ -45.72033038, -12.678105692 ], [ -45.719971056, -12.678105692 ], [ -45.719971056, -12.678465016 ], [ -45.72033038, -12.678465016 ], [ -45.72033038, -12.678105692 ] ] ] ] } },
{ "type": "Feature", "properties": { "id": 20300, "left": -45.72033038, "top": -12.678465016000001, "right": -45.719971056, "bottom": -12.67882434, "centroid_x": -45.720151, "centroid_y": -12.678645, "talhao": "PL LOTE 01" }, "geometry": { "type": "MultiPolygon", "coordinates": [ [ [ [ -45.72033038, -12.678465016 ], [ -45.719971056, -12.678465016 ], [ -45.719971056, -12.67882434 ], [ -45.72033038, -12.67882434 ], [ -45.72033038, -12.678465016 ] ] ] ] } },
{ "type": "Feature", "properties": { "id": 20301, "left": -45.72033038, "top": -12.67882434, "right": -45.719971056, "bottom": -12.679183664, "centroid_x": -45.720151, "centroid_y": -12.679004, "talhao": "PL LOTE 01" }, "geometry": { "type": "MultiPolygon", "coordinates": [ [ [ [ -45.72033038, -12.67882434 ], [ -45.719971056, -12.67882434 ], [ -45.719971056, -12.679183664 ], [ -45.72033038, -12.679183664 ], [ -45.72033038, -12.67882434 ] ] ] ] } },
{ "type": "Feature", "properties": { "id": 20302, "left": -45.72033038, "top": -12.679183664, "right": -45.719971056, "bottom": -12.679542988, "centroid_x": -45.720151, "centroid_y": -12.679363, "talhao": "PL LOTE 01" }, "geometry": { "type": "MultiPolygon", "coordinates": [ [ [ [ -45.72033038, -12.679183664 ], [ -45.719971056, -12.679183664 ], [ -45.719971056, -12.679542988 ], [ -45.72033038, -12.679542988 ], [ -45.72033038, -12.679183664 ] ] ] ] } },
{ "type": "Feature", "properties": { "id": 20303, "left": -45.72033038, "top": -12.679542988, "right": -45.719971056, "bottom": -12.679902312, "centroid_x": -45.720151, "centroid_y": -12.679723, "talhao": "PL LOTE 01" }, "geometry": { "type": "MultiPolygon", "coordinates": [ [ [ [ -45.72033038, -12.679542988 ], [ -45.719971056, -12.679542988 ], [ -45.719971056, -12.679902312 ], [ -45.72033038, -12.679902312 ], [ -45.72033038, -12.679542988 ] ] ] ] } },
{ "type": "Feature", "properties": { "id": 20304, "left": -45.72033038, "top": -12.679902312, "right": -45.719971056, "bottom": -12.680261636, "centroid_x": -45.720151, "centroid_y": -12.680082, "talhao": "PL LOTE 01" }, "geometry": { "type": "MultiPolygon", "coordinates": [ [ [ [ -45.72033038, -12.679902312 ], [ -45.719971056, -12.679902312 ], [ -45.719971056, -12.680261636 ], [ -45.72033038, -12.680261636 ], [ -45.72033038, -12.679902312 ] ] ] ] } },
{ "type": "Feature", "properties": { "id": 20305, "left": -45.72033038, "top": -12.680261636, "right": -45.719971056, "bottom": -12.68062096, "centroid_x": -45.720132, "centroid_y": -12.680422, "talhao": "PL LOTE 01" }, "geometry": { "type": "MultiPolygon", "coordinates": [ [ [ [ -45.72033038, -12.680436444146341 ], [ -45.72033038, -12.680261636 ], [ -45.719971056, -12.680261636 ], [ -45.719971056, -12.68062096 ], [ -45.720133150763502, -12.68062096 ], [ -45.72033038, -12.680436444146341 ] ] ] ] } },
{ "type": "Feature", "properties": { "id": 20306, "left": -45.72033038, "top": -12.68062096, "right": -45.719971056, "bottom": -12.680980284, "centroid_x": -45.720025, "centroid_y": -12.680672, "talhao": "PL LOTE 01" }, "geometry": { "type": "MultiPolygon", "coordinates": [ [ [ [ -45.720133150763502, -12.68062096 ], [ -45.719971056, -12.68062096 ], [ -45.719971056, -12.680772606146343 ], [ -45.720133150763502, -12.68062096 ] ] ] ] } },
{ "type": "Feature", "properties": { "id": 20347, "left": -45.719971056, "top": -12.676309072, "right": -45.719611731999997, "bottom": -12.676668395999998, "centroid_x": -45.719672, "centroid_y": -12.676618, "talhao": "PL LOTE 01" }, "geometry": { "type": "MultiPolygon", "coordinates": [ [ [ [ -45.719611732, -12.676516519373997 ], [ -45.719611732, -12.676668396 ], [ -45.719792743460857, -12.676668396 ], [ -45.719611732, -12.676516519373997 ] ] ] ] } },
{ "type": "Feature", "properties": { "id": 20348, "left": -45.719971056, "top": -12.676668396, "right": -45.719611731999997, "bottom": -12.67702772, "centroid_x": -45.719778, "centroid_y": -12.676863, "talhao": "PL LOTE 01" }, "geometry": { "type": "MultiPolygon", "coordinates": [ [ [ [ -45.719792743460857, -12.676668396 ], [ -45.719611732, -12.676668396 ], [ -45.719611732, -12.67702772 ], [ -45.719971056, -12.67702772 ], [ -45.719971056, -12.676818008111246 ], [ -45.719792743460857, -12.676668396 ] ] ] ] } },
{ "type": "Feature", "properties": { "id": 20349, "left": -45.719971056, "top": -12.67702772, "right": -45.719611731999997, "bottom": -12.677387044, "centroid_x": -45.719791, "centroid_y": -12.677207, "talhao": "PL LOTE 01" }, "geometry": { "type": "MultiPolygon", "coordinates": [ [ [ [ -45.719971056, -12.67702772 ], [ -45.719611732, -12.67702772 ], [ -45.719611732, -12.677387044 ], [ -45.719971056, -12.677387044 ], [ -45.719971056, -12.67702772 ] ] ] ] } },
{ "type": "Feature", "properties": { "id": 20350, "left": -45.719971056, "top": -12.677387044, "right": -45.719611731999997, "bottom": -12.677746368, "centroid_x": -45.719791, "centroid_y": -12.677567, "talhao": "PL LOTE 01" }, "geometry": { "type": "MultiPolygon", "coordinates": [ [ [ [ -45.719971056, -12.677387044 ], [ -45.719611732, -12.677387044 ], [ -45.719611732, -12.677746368 ], [ -45.719971056, -12.677746368 ], [ -45.719971056, -12.677387044 ] ] ] ] } },
{ "type": "Feature", "properties": { "id": 20351, "left": -45.719971056, "top": -12.677746368, "right": -45.719611731999997, "bottom": -12.678105692000001, "centroid_x": -45.719791, "centroid_y": -12.677926, "talhao": "PL LOTE 01" }, "geometry": { "type": "MultiPolygon", "coordinates": [ [ [ [ -45.719971056, -12.677746368 ], [ -45.719611732, -12.677746368 ], [ -45.719611732, -12.678105692 ], [ -45.719971056, -12.678105692 ], [ -45.719971056, -12.677746368 ] ] ] ] } },
{ "type": "Feature", "properties": { "id": 20352, "left": -45.719971056, "top": -12.678105692000001, "right": -45.719611731999997, "bottom": -12.678465016000001, "centroid_x": -45.719791, "centroid_y": -12.678285, "talhao": "PL LOTE 01" }, "geometry": { "type": "MultiPolygon", "coordinates": [ [ [ [ -45.719971056, -12.678105692 ], [ -45.719611732, -12.678105692 ], [ -45.719611732, -12.678465016 ], [ -45.719971056, -12.678465016 ], [ -45.719971056, -12.678105692 ] ] ] ] } },
{ "type": "Feature", "properties": { "id": 20353, "left": -45.719971056, "top": -12.678465016000001, "right": -45.719611731999997, "bottom": -12.67882434, "centroid_x": -45.719791, "centroid_y": -12.678645, "talhao": "PL LOTE 01" }, "geometry": { "type": "MultiPolygon", "coordinates": [ [ [ [ -45.719971056, -12.678465016 ], [ -45.719611732, -12.678465016 ], [ -45.719611732, -12.67882434 ], [ -45.719971056, -12.67882434 ], [ -45.719971056, -12.678465016 ] ] ] ] } },
{ "type": "Feature", "properties": { "id": 20354, "left": -45.719971056, "top": -12.67882434, "right": -45.719611731999997, "bottom": -12.679183664, "centroid_x": -45.719791, "centroid_y": -12.679004, "talhao": "PL LOTE 01" }, "geometry": { "type": "MultiPolygon", "coordinates": [ [ [ [ -45.719971056, -12.67882434 ], [ -45.719611732, -12.67882434 ], [ -45.719611732, -12.679183664 ], [ -45.719971056, -12.679183664 ], [ -45.719971056, -12.67882434 ] ] ] ] } },
{ "type": "Feature", "properties": { "id": 20355, "left": -45.719971056, "top": -12.679183664, "right": -45.719611731999997, "bottom": -12.679542988, "centroid_x": -45.719791, "centroid_y": -12.679363, "talhao": "PL LOTE 01" }, "geometry": { "type": "MultiPolygon", "coordinates": [ [ [ [ -45.719971056, -12.679183664 ], [ -45.719611732, -12.679183664 ], [ -45.719611732, -12.679542988 ], [ -45.719971056, -12.679542988 ], [ -45.719971056, -12.679183664 ] ] ] ] } },
{ "type": "Feature", "properties": { "id": 20356, "left": -45.719971056, "top": -12.679542988, "right": -45.719611731999997, "bottom": -12.679902312, "centroid_x": -45.719791, "centroid_y": -12.679723, "talhao": "PL LOTE 01" }, "geometry": { "type": "MultiPolygon", "coordinates": [ [ [ [ -45.719971056, -12.679542988 ], [ -45.719611732, -12.679542988 ], [ -45.719611732, -12.679902312 ], [ -45.719971056, -12.679902312 ], [ -45.719971056, -12.679542988 ] ] ] ] } },
{ "type": "Feature", "properties": { "id": 20357, "left": -45.719971056, "top": -12.679902312, "right": -45.719611731999997, "bottom": -12.680261636, "centroid_x": -45.719791, "centroid_y": -12.680082, "talhao": "PL LOTE 01" }, "geometry": { "type": "MultiPolygon", "coordinates": [ [ [ [ -45.719971056, -12.679902312 ], [ -45.719611732, -12.679902312 ], [ -45.719611732, -12.680261636 ], [ -45.719971056, -12.680261636 ], [ -45.719971056, -12.679902312 ] ] ] ] } },
{ "type": "Feature", "properties": { "id": 20358, "left": -45.719971056, "top": -12.680261636, "right": -45.719611731999997, "bottom": -12.68062096, "centroid_x": -45.719791, "centroid_y": -12.680441, "talhao": "PL LOTE 01" }, "geometry": { "type": "MultiPolygon", "coordinates": [ [ [ [ -45.719971056, -12.680261636 ], [ -45.719611732, -12.680261636 ], [ -45.719611732, -12.68062096 ], [ -45.719971056, -12.68062096 ], [ -45.719971056, -12.680261636 ] ] ] ] } },
{ "type": "Feature", "properties": { "id": 20359, "left": -45.719971056, "top": -12.68062096, "right": -45.719611731999997, "bottom": -12.680980284, "centroid_x": -45.719768, "centroid_y": -12.680777, "talhao": "PL LOTE 01" }, "geometry": { "type": "MultiPolygon", "coordinates": [ [ [ [ -45.719971056, -12.680772606146343 ], [ -45.719971056, -12.68062096 ], [ -45.719611732, -12.68062096 ], [ -45.719611732, -12.680980284 ], [ -45.719749068871515, -12.680980284 ], [ -45.719971056, -12.680772606146343 ] ] ] ] } },
{ "type": "Feature", "properties": { "id": 20360, "left": -45.719971056, "top": -12.680980284, "right": -45.719611731999997, "bottom": -12.681339608, "centroid_x": -45.719658, "centroid_y": -12.681023, "talhao": "PL LOTE 01" }, "geometry": { "type": "MultiPolygon", "coordinates": [ [ [ [ -45.719749068871508, -12.680980284 ], [ -45.719611732, -12.680980284 ], [ -45.719611732, -12.681108768146347 ], [ -45.719749068871508, -12.680980284 ] ] ] ] } },
{ "type": "Feature", "properties": { "id": 20399, "left": -45.719611731999997, "top": -12.675949748000001, "right": -45.719252407999996, "bottom": -12.676309072, "centroid_x": -45.71929, "centroid_y": -12.676278, "talhao": "PL LOTE 01" }, "geometry": { "type": "MultiPolygon", "coordinates": [ [ [ [ -45.719252408, -12.676215030636751 ], [ -45.719252408, -12.676309072 ], [ -45.719364489529532, -12.676309072 ], [ -45.719252408, -12.676215030636751 ] ] ] ] } },
{ "type": "Feature", "properties": { "id": 20400, "left": -45.719611731999997, "top": -12.676309072, "right": -45.719252407999996, "bottom": -12.676668395999998, "centroid_x": -45.719408, "centroid_y": -12.676516, "talhao": "PL LOTE 01" }, "geometry": { "type": "MultiPolygon", "coordinates": [ [ [ [ -45.719364489529532, -12.676309072 ], [ -45.719252408, -12.676309072 ], [ -45.719252408, -12.676668396 ], [ -45.719611732, -12.676668396 ], [ -45.719611732, -12.676516519373997 ], [ -45.719364489529532, -12.676309072 ] ] ] ] } },
{ "type": "Feature", "properties": { "id": 20401, "left": -45.719611731999997, "top": -12.676668396, "right": -45.719252407999996, "bottom": -12.67702772, "centroid_x": -45.719432, "centroid_y": -12.676848, "talhao": "PL LOTE 01" }, "geometry": { "type": "MultiPolygon", "coordinates": [ [ [ [ -45.719611732, -12.676668396 ], [ -45.719252408, -12.676668396 ], [ -45.719252408, -12.67702772 ], [ -45.719611732, -12.67702772 ], [ -45.719611732, -12.676668396 ] ] ] ] } },
{ "type": "Feature", "properties": { "id": 20402, "left": -45.719611731999997, "top": -12.67702772, "right": -45.719252407999996, "bottom": -12.677387044, "centroid_x": -45.719432, "centroid_y": -12.677207, "talhao": "PL LOTE 01" }, "geometry": { "type": "MultiPolygon", "coordinates": [ [ [ [ -45.719611732, -12.67702772 ], [ -45.719252408, -12.67702772 ], [ -45.719252408, -12.677387044 ], [ -45.719611732, -12.677387044 ], [ -45.719611732, -12.67702772 ] ] ] ] } },
{ "type": "Feature", "properties": { "id": 20403, "left": -45.719611731999997, "top": -12.677387044, "right": -45.719252407999996, "bottom": -12.677746368, "centroid_x": -45.719432, "centroid_y": -12.677567, "talhao": "PL LOTE 01" }, "geometry": { "type": "MultiPolygon", "coordinates": [ [ [ [ -45.719611732, -12.677387044 ], [ -45.719252408, -12.677387044 ], [ -45.719252408, -12.677746368 ], [ -45.719611732, -12.677746368 ], [ -45.719611732, -12.677387044 ] ] ] ] } },
{ "type": "Feature", "properties": { "id": 20404, "left": -45.719611731999997, "top": -12.677746368, "right": -45.719252407999996, "bottom": -12.678105692000001, "centroid_x": -45.719432, "centroid_y": -12.677926, "talhao": "PL LOTE 01" }, "geometry": { "type": "MultiPolygon", "coordinates": [ [ [ [ -45.719611732, -12.677746368 ], [ -45.719252408, -12.677746368 ], [ -45.719252408, -12.678105692 ], [ -45.719611732, -12.678105692 ], [ -45.719611732, -12.677746368 ] ] ] ] } },
{ "type": "Feature", "properties": { "id": 20405, "left": -45.719611731999997, "top": -12.678105692000001, "right": -45.719252407999996, "bottom": -12.678465016000001, "centroid_x": -45.719432, "centroid_y": -12.678285, "talhao": "PL LOTE 01" }, "geometry": { "type": "MultiPolygon", "coordinates": [ [ [ [ -45.719611732, -12.678105692 ], [ -45.719252408, -12.678105692 ], [ -45.719252408, -12.678465016 ], [ -45.719611732, -12.678465016 ], [ -45.719611732, -12.678105692 ] ] ] ] } },
{ "type": "Feature", "properties": { "id": 20406, "left": -45.719611731999997, "top": -12.678465016000001, "right": -45.719252407999996, "bottom": -12.67882434, "centroid_x": -45.719432, "centroid_y": -12.678645, "talhao": "PL LOTE 01" }, "geometry": { "type": "MultiPolygon", "coordinates": [ [ [ [ -45.719611732, -12.678465016 ], [ -45.719252408, -12.678465016 ], [ -45.719252408, -12.67882434 ], [ -45.719611732, -12.67882434 ], [ -45.719611732, -12.678465016 ] ] ] ] } },
{ "type": "Feature", "properties": { "id": 20407, "left": -45.719611731999997, "top": -12.67882434, "right": -45.719252407999996, "bottom": -12.679183664, "centroid_x": -45.719432, "centroid_y": -12.679004, "talhao": "PL LOTE 01" }, "geometry": { "type": "MultiPolygon", "coordinates": [ [ [ [ -45.719611732, -12.67882434 ], [ -45.719252408, -12.67882434 ], [ -45.719252408, -12.679183664 ], [ -45.719611732, -12.679183664 ], [ -45.719611732, -12.67882434 ] ] ] ] } },
{ "type": "Feature", "properties": { "id": 20408, "left": -45.719611731999997, "top": -12.679183664, "right": -45.719252407999996, "bottom": -12.679542988, "centroid_x": -45.719432, "centroid_y": -12.679363, "talhao": "PL LOTE 01" }, "geometry": { "type": "MultiPolygon", "coordinates": [ [ [ [ -45.719611732, -12.679183664 ], [ -45.719252408, -12.679183664 ], [ -45.719252408, -12.679542988 ], [ -45.719611732, -12.679542988 ], [ -45.719611732, -12.679183664 ] ] ] ] } },
{ "type": "Feature", "properties": { "id": 20409, "left": -45.719611731999997, "top": -12.679542988, "right": -45.719252407999996, "bottom": -12.679902312, "centroid_x": -45.719432, "centroid_y": -12.679723, "talhao": "PL LOTE 01" }, "geometry": { "type": "MultiPolygon", "coordinates": [ [ [ [ -45.719611732, -12.679542988 ], [ -45.719252408, -12.679542988 ], [ -45.719252408, -12.679902312 ], [ -45.719611732, -12.679902312 ], [ -45.719611732, -12.679542988 ] ] ] ] } },
{ "type": "Feature", "properties": { "id": 20410, "left": -45.719611731999997, "top": -12.679902312, "right": -45.719252407999996, "bottom": -12.680261636, "centroid_x": -45.719432, "centroid_y": -12.680082, "talhao": "PL LOTE 01" }, "geometry": { "type": "MultiPolygon", "coordinates": [ [ [ [ -45.719611732, -12.679902312 ], [ -45.719252408, -12.679902312 ], [ -45.719252408, -12.680261636 ], [ -45.719611732, -12.680261636 ], [ -45.719611732, -12.679902312 ] ] ] ] } },
{ "type": "Feature", "properties": { "id": 20411, "left": -45.719611731999997, "top": -12.680261636, "right": -45.719252407999996, "bottom": -12.68062096, "centroid_x": -45.719432, "centroid_y": -12.680441, "talhao": "PL LOTE 01" }, "geometry": { "type": "MultiPolygon", "coordinates": [ [ [ [ -45.719611732, -12.680261636 ], [ -45.719252408, -12.680261636 ], [ -45.719252408, -12.68062096 ], [ -45.719611732, -12.68062096 ], [ -45.719611732, -12.680261636 ] ] ] ] } },
{ "type": "Feature", "properties": { "id": 20412, "left": -45.719611731999997, "top": -12.68062096, "right": -45.719252407999996, "bottom": -12.680980284, "centroid_x": -45.719432, "centroid_y": -12.680801, "talhao": "PL LOTE 01" }, "geometry": { "type": "MultiPolygon", "coordinates": [ [ [ [ -45.719611732, -12.68062096 ], [ -45.719252408, -12.68062096 ], [ -45.719252408, -12.680980284 ], [ -45.719611732, -12.680980284 ], [ -45.719611732, -12.68062096 ] ] ] ] } },
{ "type": "Feature", "properties": { "id": 20413, "left": -45.719611731999997, "top": -12.680980284, "right": -45.719252407999996, "bottom": -12.681339608, "centroid_x": -45.719405, "centroid_y": -12.681131, "talhao": "PL LOTE 01" }, "geometry": { "type": "MultiPolygon", "coordinates": [ [ [ [ -45.719611732, -12.681108768146347 ], [ -45.719611732, -12.680980284 ], [ -45.719252408, -12.680980284 ], [ -45.719252408, -12.681339608 ], [ -45.719364986979521, -12.681339608 ], [ -45.719611732, -12.681108768146347 ] ] ] ] } },
{ "type": "Feature", "properties": { "id": 20414, "left": -45.719611731999997, "top": -12.681339608, "right": -45.719252407999996, "bottom": -12.681698932, "centroid_x": -45.71929, "centroid_y": -12.681375, "talhao": "PL LOTE 01" }, "geometry": { "type": "MultiPolygon", "coordinates": [ [ [ [ -45.719364986979521, -12.681339608 ], [ -45.719252408, -12.681339608 ], [ -45.719252408, -12.681444930146348 ], [ -45.719364986979521, -12.681339608 ] ] ] ] } },
{ "type": "Feature", "properties": { "id": 20451, "left": -45.719252408000003, "top": -12.675590424, "right": -45.718893084000001, "bottom": -12.675949748000001, "centroid_x": -45.718907, "centroid_y": -12.675938, "talhao": "PL LOTE 01" }, "geometry": { "type": "MultiPolygon", "coordinates": [ [ [ [ -45.718893084, -12.675913541899508 ], [ -45.718893084, -12.675949748 ], [ -45.718936235598207, -12.675949748 ], [ -45.718893084, -12.675913541899508 ] ] ] ] } },
{ "type": "Feature", "properties": { "id": 20452, "left": -45.719252408000003, "top": -12.675949748000001, "right": -45.718893084000001, "bottom": -12.676309072, "centroid_x": -45.719037, "centroid_y": -12.676173, "talhao": "PL LOTE 01" }, "geometry": { "type": "MultiPolygon", "coordinates": [ [ [ [ -45.718936235598207, -12.675949748 ], [ -45.718893084, -12.675949748 ], [ -45.718893084, -12.676309072 ], [ -45.719252408, -12.676309072 ], [ -45.719252408, -12.676215030636756 ], [ -45.718936235598207, -12.675949748 ] ] ] ] } },
{ "type": "Feature", "properties": { "id": 20453, "left": -45.719252408000003, "top": -12.676309072, "right": -45.718893084000001, "bottom": -12.676668395999998, "centroid_x": -45.719073, "centroid_y": -12.676489, "talhao": "PL LOTE 01" }, "geometry": { "type": "MultiPolygon", "coordinates": [ [ [ [ -45.719252408, -12.676309072 ], [ -45.718893084, -12.676309072 ], [ -45.718893084, -12.676668396 ], [ -45.719252408, -12.676668396 ], [ -45.719252408, -12.676309072 ] ] ] ] } },
{ "type": "Feature", "properties": { "id": 20454, "left": -45.719252408000003, "top": -12.676668396, "right": -45.718893084000001, "bottom": -12.67702772, "centroid_x": -45.719073, "centroid_y": -12.676848, "talhao": "PL LOTE 01" }, "geometry": { "type": "MultiPolygon", "coordinates": [ [ [ [ -45.719252408, -12.676668396 ], [ -45.718893084, -12.676668396 ], [ -45.718893084, -12.67702772 ], [ -45.719252408, -12.67702772 ], [ -45.719252408, -12.676668396 ] ] ] ] } },
{ "type": "Feature", "properties": { "id": 20455, "left": -45.719252408000003, "top": -12.67702772, "right": -45.718893084000001, "bottom": -12.677387044, "centroid_x": -45.719073, "centroid_y": -12.677207, "talhao": "PL LOTE 01" }, "geometry": { "type": "MultiPolygon", "coordinates": [ [ [ [ -45.719252408, -12.67702772 ], [ -45.718893084, -12.67702772 ], [ -45.718893084, -12.677387044 ], [ -45.719252408, -12.677387044 ], [ -45.719252408, -12.67702772 ] ] ] ] } },
{ "type": "Feature", "properties": { "id": 20456, "left": -45.719252408000003, "top": -12.677387044, "right": -45.718893084000001, "bottom": -12.677746368, "centroid_x": -45.719073, "centroid_y": -12.677567, "talhao": "PL LOTE 01" }, "geometry": { "type": "MultiPolygon", "coordinates": [ [ [ [ -45.719252408, -12.677387044 ], [ -45.718893084, -12.677387044 ], [ -45.718893084, -12.677746368 ], [ -45.719252408, -12.677746368 ], [ -45.719252408, -12.677387044 ] ] ] ] } },
{ "type": "Feature", "properties": { "id": 20457, "left": -45.719252408000003, "top": -12.677746368, "right": -45.718893084000001, "bottom": -12.678105692000001, "centroid_x": -45.719073, "centroid_y": -12.677926, "talhao": "PL LOTE 01" }, "geometry": { "type": "MultiPolygon", "coordinates": [ [ [ [ -45.719252408, -12.677746368 ], [ -45.718893084, -12.677746368 ], [ -45.718893084, -12.678105692 ], [ -45.719252408, -12.678105692 ], [ -45.719252408, -12.677746368 ] ] ] ] } },
{ "type": "Feature", "properties": { "id": 20458, "left": -45.719252408000003, "top": -12.678105692000001, "right": -45.718893084000001, "bottom": -12.678465016000001, "centroid_x": -45.719073, "centroid_y": -12.678285, "talhao": "PL LOTE 01" }, "geometry": { "type": "MultiPolygon", "coordinates": [ [ [ [ -45.719252408, -12.678105692 ], [ -45.718893084, -12.678105692 ], [ -45.718893084, -12.678465016 ], [ -45.719252408, -12.678465016 ], [ -45.719252408, -12.678105692 ] ] ] ] } },
{ "type": "Feature", "properties": { "id": 20459, "left": -45.719252408000003, "top": -12.678465016000001, "right": -45.718893084000001, "bottom": -12.67882434, "centroid_x": -45.719073, "centroid_y": -12.678645, "talhao": "PL LOTE 01" }, "geometry": { "type": "MultiPolygon", "coordinates": [ [ [ [ -45.719252408, -12.678465016 ], [ -45.718893084, -12.678465016 ], [ -45.718893084, -12.67882434 ], [ -45.719252408, -12.67882434 ], [ -45.719252408, -12.678465016 ] ] ] ] } },
{ "type": "Feature", "properties": { "id": 20460, "left": -45.719252408000003, "top": -12.67882434, "right": -45.718893084000001, "bottom": -12.679183664, "centroid_x": -45.719073, "centroid_y": -12.679004, "talhao": "PL LOTE 01" }, "geometry": { "type": "MultiPolygon", "coordinates": [ [ [ [ -45.719252408, -12.67882434 ], [ -45.718893084, -12.67882434 ], [ -45.718893084, -12.679183664 ], [ -45.719252408, -12.679183664 ], [ -45.719252408, -12.67882434 ] ] ] ] } },
{ "type": "Feature", "properties": { "id": 20461, "left": -45.719252408000003, "top": -12.679183664, "right": -45.718893084000001, "bottom": -12.679542988, "centroid_x": -45.719073, "centroid_y": -12.679363, "talhao": "PL LOTE 01" }, "geometry": { "type": "MultiPolygon", "coordinates": [ [ [ [ -45.719252408, -12.679183664 ], [ -45.718893084, -12.679183664 ], [ -45.718893084, -12.679542988 ], [ -45.719252408, -12.679542988 ], [ -45.719252408, -12.679183664 ] ] ] ] } },
{ "type": "Feature", "properties": { "id": 20462, "left": -45.719252408000003, "top": -12.679542988, "right": -45.718893084000001, "bottom": -12.679902312, "centroid_x": -45.719073, "centroid_y": -12.679723, "talhao": "PL LOTE 01" }, "geometry": { "type": "MultiPolygon", "coordinates": [ [ [ [ -45.719252408, -12.679542988 ], [ -45.718893084, -12.679542988 ], [ -45.718893084, -12.679902312 ], [ -45.719252408, -12.679902312 ], [ -45.719252408, -12.679542988 ] ] ] ] } },
{ "type": "Feature", "properties": { "id": 20463, "left": -45.719252408000003, "top": -12.679902312, "right": -45.718893084000001, "bottom": -12.680261636, "centroid_x": -45.719073, "centroid_y": -12.680082, "talhao": "PL LOTE 01" }, "geometry": { "type": "MultiPolygon", "coordinates": [ [ [ [ -45.719252408, -12.679902312 ], [ -45.718893084, -12.679902312 ], [ -45.718893084, -12.680261636 ], [ -45.719252408, -12.680261636 ], [ -45.719252408, -12.679902312 ] ] ] ] } },
{ "type": "Feature", "properties": { "id": 20464, "left": -45.719252408000003, "top": -12.680261636, "right": -45.718893084000001, "bottom": -12.68062096, "centroid_x": -45.719073, "centroid_y": -12.680441, "talhao": "PL LOTE 01" }, "geometry": { "type": "MultiPolygon", "coordinates": [ [ [ [ -45.719252408, -12.680261636 ], [ -45.718893084, -12.680261636 ], [ -45.718893084, -12.68062096 ], [ -45.719252408, -12.68062096 ], [ -45.719252408, -12.680261636 ] ] ] ] } },
{ "type": "Feature", "properties": { "id": 20465, "left": -45.719252408000003, "top": -12.68062096, "right": -45.718893084000001, "bottom": -12.680980284, "centroid_x": -45.719073, "centroid_y": -12.680801, "talhao": "PL LOTE 01" }, "geometry": { "type": "MultiPolygon", "coordinates": [ [ [ [ -45.719252408, -12.68062096 ], [ -45.718893084, -12.68062096 ], [ -45.718893084, -12.680980284 ], [ -45.719252408, -12.680980284 ], [ -45.719252408, -12.68062096 ] ] ] ] } },
{ "type": "Feature", "properties": { "id": 20466, "left": -45.719252408000003, "top": -12.680980284, "right": -45.718893084000001, "bottom": -12.681339608, "centroid_x": -45.719073, "centroid_y": -12.68116, "talhao": "PL LOTE 01" }, "geometry": { "type": "MultiPolygon", "coordinates": [ [ [ [ -45.719252408, -12.680980284 ], [ -45.718893084, -12.680980284 ], [ -45.718893084, -12.681339608 ], [ -45.719252408, -12.681339608 ], [ -45.719252408, -12.680980284 ] ] ] ] } },
{ "type": "Feature", "properties": { "id": 20467, "left": -45.719252408000003, "top": -12.681339608, "right": -45.718893084000001, "bottom": -12.681698932, "centroid_x": -45.71904, "centroid_y": -12.681485, "talhao": "PL LOTE 01" }, "geometry": { "type": "MultiPolygon", "coordinates": [ [ [ [ -45.719061, -12.681624 ], [ -45.719252408, -12.681444930146341 ], [ -45.719252408, -12.681339608 ], [ -45.718893084, -12.681339608 ], [ -45.718893084, -12.681698932 ], [ -45.718986068, -12.681698932 ], [ -45.719061, -12.681624 ] ] ] ] } },
{ "type": "Feature", "properties": { "id": 20468, "left": -45.719252408000003, "top": -12.681698932, "right": -45.718893084000001, "bottom": -12.682058256, "centroid_x": -45.718925, "centroid_y": -12.681727, "talhao": "PL LOTE 01" }, "geometry": { "type": "MultiPolygon", "coordinates": [ [ [ [ -45.718944, -12.681741 ], [ -45.718986068, -12.681698932 ], [ -45.718893084, -12.681698932 ], [ -45.718893084, -12.681782331811766 ], [ -45.718944, -12.681741 ] ] ] ] } },
{ "type": "Feature", "properties": { "id": 20504, "left": -45.718893084000001, "top": -12.675590424, "right": -45.71853376, "bottom": -12.675949748000001, "centroid_x": -45.718665, "centroid_y": -12.675836, "talhao": "PL LOTE 01" }, "geometry": { "type": "MultiPolygon", "coordinates": [ [ [ [ -45.71853376, -12.675612053162261 ], [ -45.71853376, -12.675949748 ], [ -45.718893084, -12.675949748 ], [ -45.718893084, -12.675913541899508 ], [ -45.71853376, -12.675612053162261 ] ] ] ] } },
{ "type": "Feature", "properties": { "id": 20505, "left": -45.718893084000001, "top": -12.675949748000001, "right": -45.71853376, "bottom": -12.676309072, "centroid_x": -45.718713, "centroid_y": -12.676129, "talhao": "PL LOTE 01" }, "geometry": { "type": "MultiPolygon", "coordinates": [ [ [ [ -45.718893084, -12.675949748 ], [ -45.71853376, -12.675949748 ], [ -45.71853376, -12.676309072 ], [ -45.718893084, -12.676309072 ], [ -45.718893084, -12.675949748 ] ] ] ] } },
{ "type": "Feature", "properties": { "id": 20506, "left": -45.718893084000001, "top": -12.676309072, "right": -45.71853376, "bottom": -12.676668395999998, "centroid_x": -45.718713, "centroid_y": -12.676489, "talhao": "PL LOTE 01" }, "geometry": { "type": "MultiPolygon", "coordinates": [ [ [ [ -45.718893084, -12.676309072 ], [ -45.71853376, -12.676309072 ], [ -45.71853376, -12.676668396 ], [ -45.718893084, -12.676668396 ], [ -45.718893084, -12.676309072 ] ] ] ] } },
{ "type": "Feature", "properties": { "id": 20507, "left": -45.718893084000001, "top": -12.676668396, "right": -45.71853376, "bottom": -12.67702772, "centroid_x": -45.718713, "centroid_y": -12.676848, "talhao": "PL LOTE 01" }, "geometry": { "type": "MultiPolygon", "coordinates": [ [ [ [ -45.718893084, -12.676668396 ], [ -45.71853376, -12.676668396 ], [ -45.71853376, -12.67702772 ], [ -45.718893084, -12.67702772 ], [ -45.718893084, -12.676668396 ] ] ] ] } },
{ "type": "Feature", "properties": { "id": 20508, "left": -45.718893084000001, "top": -12.67702772, "right": -45.71853376, "bottom": -12.677387044, "centroid_x": -45.718713, "centroid_y": -12.677207, "talhao": "PL LOTE 01" }, "geometry": { "type": "MultiPolygon", "coordinates": [ [ [ [ -45.718893084, -12.67702772 ], [ -45.71853376, -12.67702772 ], [ -45.71853376, -12.677387044 ], [ -45.718893084, -12.677387044 ], [ -45.718893084, -12.67702772 ] ] ] ] } },
{ "type": "Feature", "properties": { "id": 20509, "left": -45.718893084000001, "top": -12.677387044, "right": -45.71853376, "bottom": -12.677746368, "centroid_x": -45.718713, "centroid_y": -12.677567, "talhao": "PL LOTE 01" }, "geometry": { "type": "MultiPolygon", "coordinates": [ [ [ [ -45.718893084, -12.677387044 ], [ -45.71853376, -12.677387044 ], [ -45.71853376, -12.677746368 ], [ -45.718893084, -12.677746368 ], [ -45.718893084, -12.677387044 ] ] ] ] } },
{ "type": "Feature", "properties": { "id": 20510, "left": -45.718893084000001, "top": -12.677746368, "right": -45.71853376, "bottom": -12.678105692000001, "centroid_x": -45.718713, "centroid_y": -12.677926, "talhao": "PL LOTE 01" }, "geometry": { "type": "MultiPolygon", "coordinates": [ [ [ [ -45.718893084, -12.677746368 ], [ -45.71853376, -12.677746368 ], [ -45.71853376, -12.678105692 ], [ -45.718893084, -12.678105692 ], [ -45.718893084, -12.677746368 ] ] ] ] } },
{ "type": "Feature", "properties": { "id": 20511, "left": -45.718893084000001, "top": -12.678105692000001, "right": -45.71853376, "bottom": -12.678465016000001, "centroid_x": -45.718713, "centroid_y": -12.678285, "talhao": "PL LOTE 01" }, "geometry": { "type": "MultiPolygon", "coordinates": [ [ [ [ -45.718893084, -12.678105692 ], [ -45.71853376, -12.678105692 ], [ -45.71853376, -12.678465016 ], [ -45.718893084, -12.678465016 ], [ -45.718893084, -12.678105692 ] ] ] ] } },
{ "type": "Feature", "properties": { "id": 20512, "left": -45.718893084000001, "top": -12.678465016000001, "right": -45.71853376, "bottom": -12.67882434, "centroid_x": -45.718713, "centroid_y": -12.678645, "talhao": "PL LOTE 01" }, "geometry": { "type": "MultiPolygon", "coordinates": [ [ [ [ -45.718893084, -12.678465016 ], [ -45.71853376, -12.678465016 ], [ -45.71853376, -12.67882434 ], [ -45.718893084, -12.67882434 ], [ -45.718893084, -12.678465016 ] ] ] ] } },
{ "type": "Feature", "properties": { "id": 20513, "left": -45.718893084000001, "top": -12.67882434, "right": -45.71853376, "bottom": -12.679183664, "centroid_x": -45.718713, "centroid_y": -12.679004, "talhao": "PL LOTE 01" }, "geometry": { "type": "MultiPolygon", "coordinates": [ [ [ [ -45.718893084, -12.67882434 ], [ -45.71853376, -12.67882434 ], [ -45.71853376, -12.679183664 ], [ -45.718893084, -12.679183664 ], [ -45.718893084, -12.67882434 ] ] ] ] } },
{ "type": "Feature", "properties": { "id": 20514, "left": -45.718893084000001, "top": -12.679183664, "right": -45.71853376, "bottom": -12.679542988, "centroid_x": -45.718713, "centroid_y": -12.679363, "talhao": "PL LOTE 01" }, "geometry": { "type": "MultiPolygon", "coordinates": [ [ [ [ -45.718893084, -12.679183664 ], [ -45.71853376, -12.679183664 ], [ -45.71853376, -12.679542988 ], [ -45.718893084, -12.679542988 ], [ -45.718893084, -12.679183664 ] ] ] ] } },
{ "type": "Feature", "properties": { "id": 20515, "left": -45.718893084000001, "top": -12.679542988, "right": -45.71853376, "bottom": -12.679902312, "centroid_x": -45.718713, "centroid_y": -12.679723, "talhao": "PL LOTE 01" }, "geometry": { "type": "MultiPolygon", "coordinates": [ [ [ [ -45.718893084, -12.679542988 ], [ -45.71853376, -12.679542988 ], [ -45.71853376, -12.679902312 ], [ -45.718893084, -12.679902312 ], [ -45.718893084, -12.679542988 ] ] ] ] } },
{ "type": "Feature", "properties": { "id": 20516, "left": -45.718893084000001, "top": -12.679902312, "right": -45.71853376, "bottom": -12.680261636, "centroid_x": -45.718713, "centroid_y": -12.680082, "talhao": "PL LOTE 01" }, "geometry": { "type": "MultiPolygon", "coordinates": [ [ [ [ -45.718893084, -12.679902312 ], [ -45.71853376, -12.679902312 ], [ -45.71853376, -12.680261636 ], [ -45.718893084, -12.680261636 ], [ -45.718893084, -12.679902312 ] ] ] ] } },
{ "type": "Feature", "properties": { "id": 20517, "left": -45.718893084000001, "top": -12.680261636, "right": -45.71853376, "bottom": -12.68062096, "centroid_x": -45.718713, "centroid_y": -12.680441, "talhao": "PL LOTE 01" }, "geometry": { "type": "MultiPolygon", "coordinates": [ [ [ [ -45.718893084, -12.680261636 ], [ -45.71853376, -12.680261636 ], [ -45.71853376, -12.68062096 ], [ -45.718893084, -12.68062096 ], [ -45.718893084, -12.680261636 ] ] ] ] } },
{ "type": "Feature", "properties": { "id": 20518, "left": -45.718893084000001, "top": -12.68062096, "right": -45.71853376, "bottom": -12.680980284, "centroid_x": -45.718713, "centroid_y": -12.680801, "talhao": "PL LOTE 01" }, "geometry": { "type": "MultiPolygon", "coordinates": [ [ [ [ -45.718893084, -12.68062096 ], [ -45.71853376, -12.68062096 ], [ -45.71853376, -12.680980284 ], [ -45.718893084, -12.680980284 ], [ -45.718893084, -12.68062096 ] ] ] ] } },
{ "type": "Feature", "properties": { "id": 20519, "left": -45.718893084000001, "top": -12.680980284, "right": -45.71853376, "bottom": -12.681339608, "centroid_x": -45.718713, "centroid_y": -12.68116, "talhao": "PL LOTE 01" }, "geometry": { "type": "MultiPolygon", "coordinates": [ [ [ [ -45.718893084, -12.680980284 ], [ -45.71853376, -12.680980284 ], [ -45.71853376, -12.681339608 ], [ -45.718893084, -12.681339608 ], [ -45.718893084, -12.680980284 ] ] ] ] } },
{ "type": "Feature", "properties": { "id": 20520, "left": -45.718893084000001, "top": -12.681339608, "right": -45.71853376, "bottom": -12.681698932, "centroid_x": -45.718713, "centroid_y": -12.681519, "talhao": "PL LOTE 01" }, "geometry": { "type": "MultiPolygon", "coordinates": [ [ [ [ -45.718893084, -12.681339608 ], [ -45.71853376, -12.681339608 ], [ -45.71853376, -12.681698932 ], [ -45.718893084, -12.681698932 ], [ -45.718893084, -12.681339608 ] ] ] ] } },
{ "type": "Feature", "properties": { "id": 20521, "left": -45.718893084000001, "top": -12.681698932, "right": -45.71853376, "bottom": -12.682058256, "centroid_x": -45.718679, "centroid_y": -12.681801, "talhao": "PL LOTE 01" }, "geometry": { "type": "MultiPolygon", "coordinates": [ [ [ [ -45.718725, -12.681867 ], [ -45.718755, -12.68185 ], [ -45.718859, -12.68181 ], [ -45.718893084, -12.681782331811766 ], [ -45.718893084, -12.681698932 ], [ -45.71853376, -12.681698932 ], [ -45.71853376, -12.681998209506727 ], [ -45.718725, -12.681867 ] ] ] ] } },
{ "type": "Feature", "properties": { "id": 20556, "left": -45.71853376, "top": -12.6752311, "right": -45.718174435999998, "bottom": -12.675590424, "centroid_x": -45.718286, "centroid_y": -12.675497, "talhao": "PL LOTE 01" }, "geometry": { "type": "MultiPolygon", "coordinates": [ [ [ [ -45.718174436, -12.675310564425013 ], [ -45.718174436, -12.675590424 ], [ -45.718507981666882, -12.675590424 ], [ -45.718174436, -12.675310564425013 ] ] ] ] } },
{ "type": "Feature", "properties": { "id": 20557, "left": -45.71853376, "top": -12.675590424, "right": -45.718174435999998, "bottom": -12.675949748000001, "centroid_x": -45.718354, "centroid_y": -12.67577, "talhao": "PL LOTE 01" }, "geometry": { "type": "MultiPolygon", "coordinates": [ [ [ [ -45.718507981666882, -12.675590424 ], [ -45.718174436, -12.675590424 ], [ -45.718174436, -12.675949748 ], [ -45.71853376, -12.675949748 ], [ -45.71853376, -12.675612053162261 ], [ -45.718507981666882, -12.675590424 ] ] ] ] } },
{ "type": "Feature", "properties": { "id": 20558, "left": -45.71853376, "top": -12.675949748000001, "right": -45.718174435999998, "bottom": -12.676309072, "centroid_x": -45.718354, "centroid_y": -12.676129, "talhao": "PL LOTE 01" }, "geometry": { "type": "MultiPolygon", "coordinates": [ [ [ [ -45.71853376, -12.675949748 ], [ -45.718174436, -12.675949748 ], [ -45.718174436, -12.676309072 ], [ -45.71853376, -12.676309072 ], [ -45.71853376, -12.675949748 ] ] ] ] } },
{ "type": "Feature", "properties": { "id": 20559, "left": -45.71853376, "top": -12.676309072, "right": -45.718174435999998, "bottom": -12.676668395999998, "centroid_x": -45.718354, "centroid_y": -12.676489, "talhao": "PL LOTE 01" }, "geometry": { "type": "MultiPolygon", "coordinates": [ [ [ [ -45.71853376, -12.676309072 ], [ -45.718174436, -12.676309072 ], [ -45.718174436, -12.676668396 ], [ -45.71853376, -12.676668396 ], [ -45.71853376, -12.676309072 ] ] ] ] } },
{ "type": "Feature", "properties": { "id": 20560, "left": -45.71853376, "top": -12.676668396, "right": -45.718174435999998, "bottom": -12.67702772, "centroid_x": -45.718354, "centroid_y": -12.676848, "talhao": "PL LOTE 01" }, "geometry": { "type": "MultiPolygon", "coordinates": [ [ [ [ -45.71853376, -12.676668396 ], [ -45.718174436, -12.676668396 ], [ -45.718174436, -12.67702772 ], [ -45.71853376, -12.67702772 ], [ -45.71853376, -12.676668396 ] ] ] ] } },
{ "type": "Feature", "properties": { "id": 20561, "left": -45.71853376, "top": -12.67702772, "right": -45.718174435999998, "bottom": -12.677387044, "centroid_x": -45.718354, "centroid_y": -12.677207, "talhao": "PL LOTE 01" }, "geometry": { "type": "MultiPolygon", "coordinates": [ [ [ [ -45.71853376, -12.67702772 ], [ -45.718174436, -12.67702772 ], [ -45.718174436, -12.677387044 ], [ -45.71853376, -12.677387044 ], [ -45.71853376, -12.67702772 ] ] ] ] } },
{ "type": "Feature", "properties": { "id": 20562, "left": -45.71853376, "top": -12.677387044, "right": -45.718174435999998, "bottom": -12.677746368, "centroid_x": -45.718354, "centroid_y": -12.677567, "talhao": "PL LOTE 01" }, "geometry": { "type": "MultiPolygon", "coordinates": [ [ [ [ -45.71853376, -12.677387044 ], [ -45.718174436, -12.677387044 ], [ -45.718174436, -12.677746368 ], [ -45.71853376, -12.677746368 ], [ -45.71853376, -12.677387044 ] ] ] ] } },
{ "type": "Feature", "properties": { "id": 20563, "left": -45.71853376, "top": -12.677746368, "right": -45.718174435999998, "bottom": -12.678105692000001, "centroid_x": -45.718354, "centroid_y": -12.677926, "talhao": "PL LOTE 01" }, "geometry": { "type": "MultiPolygon", "coordinates": [ [ [ [ -45.71853376, -12.677746368 ], [ -45.718174436, -12.677746368 ], [ -45.718174436, -12.678105692 ], [ -45.71853376, -12.678105692 ], [ -45.71853376, -12.677746368 ] ] ] ] } },
{ "type": "Feature", "properties": { "id": 20564, "left": -45.71853376, "top": -12.678105692000001, "right": -45.718174435999998, "bottom": -12.678465016000001, "centroid_x": -45.718354, "centroid_y": -12.678285, "talhao": "PL LOTE 01" }, "geometry": { "type": "MultiPolygon", "coordinates": [ [ [ [ -45.71853376, -12.678105692 ], [ -45.718174436, -12.678105692 ], [ -45.718174436, -12.678465016 ], [ -45.71853376, -12.678465016 ], [ -45.71853376, -12.678105692 ] ] ] ] } },
{ "type": "Feature", "properties": { "id": 20565, "left": -45.71853376, "top": -12.678465016000001, "right": -45.718174435999998, "bottom": -12.67882434, "centroid_x": -45.718354, "centroid_y": -12.678645, "talhao": "PL LOTE 01" }, "geometry": { "type": "MultiPolygon", "coordinates": [ [ [ [ -45.71853376, -12.678465016 ], [ -45.718174436, -12.678465016 ], [ -45.718174436, -12.67882434 ], [ -45.71853376, -12.67882434 ], [ -45.71853376, -12.678465016 ] ] ] ] } },
{ "type": "Feature", "properties": { "id": 20566, "left": -45.71853376, "top": -12.67882434, "right": -45.718174435999998, "bottom": -12.679183664, "centroid_x": -45.718354, "centroid_y": -12.679004, "talhao": "PL LOTE 01" }, "geometry": { "type": "MultiPolygon", "coordinates": [ [ [ [ -45.71853376, -12.67882434 ], [ -45.718174436, -12.67882434 ], [ -45.718174436, -12.679183664 ], [ -45.71853376, -12.679183664 ], [ -45.71853376, -12.67882434 ] ] ] ] } },
{ "type": "Feature", "properties": { "id": 20567, "left": -45.71853376, "top": -12.679183664, "right": -45.718174435999998, "bottom": -12.679542988, "centroid_x": -45.718354, "centroid_y": -12.679363, "talhao": "PL LOTE 01" }, "geometry": { "type": "MultiPolygon", "coordinates": [ [ [ [ -45.71853376, -12.679183664 ], [ -45.718174436, -12.679183664 ], [ -45.718174436, -12.679542988 ], [ -45.71853376, -12.679542988 ], [ -45.71853376, -12.679183664 ] ] ] ] } },
{ "type": "Feature", "properties": { "id": 20568, "left": -45.71853376, "top": -12.679542988, "right": -45.718174435999998, "bottom": -12.679902312, "centroid_x": -45.718354, "centroid_y": -12.679723, "talhao": "PL LOTE 01" }, "geometry": { "type": "MultiPolygon", "coordinates": [ [ [ [ -45.71853376, -12.679542988 ], [ -45.718174436, -12.679542988 ], [ -45.718174436, -12.679902312 ], [ -45.71853376, -12.679902312 ], [ -45.71853376, -12.679542988 ] ] ] ] } },
{ "type": "Feature", "properties": { "id": 20569, "left": -45.71853376, "top": -12.679902312, "right": -45.718174435999998, "bottom": -12.680261636, "centroid_x": -45.718354, "centroid_y": -12.680082, "talhao": "PL LOTE 01" }, "geometry": { "type": "MultiPolygon", "coordinates": [ [ [ [ -45.71853376, -12.679902312 ], [ -45.718174436, -12.679902312 ], [ -45.718174436, -12.680261636 ], [ -45.71853376, -12.680261636 ], [ -45.71853376, -12.679902312 ] ] ] ] } },
{ "type": "Feature", "properties": { "id": 20570, "left": -45.71853376, "top": -12.680261636, "right": -45.718174435999998, "bottom": -12.68062096, "centroid_x": -45.718354, "centroid_y": -12.680441, "talhao": "PL LOTE 01" }, "geometry": { "type": "MultiPolygon", "coordinates": [ [ [ [ -45.71853376, -12.680261636 ], [ -45.718174436, -12.680261636 ], [ -45.718174436, -12.68062096 ], [ -45.71853376, -12.68062096 ], [ -45.71853376, -12.680261636 ] ] ] ] } },
{ "type": "Feature", "properties": { "id": 20571, "left": -45.71853376, "top": -12.68062096, "right": -45.718174435999998, "bottom": -12.680980284, "centroid_x": -45.718354, "centroid_y": -12.680801, "talhao": "PL LOTE 01" }, "geometry": { "type": "MultiPolygon", "coordinates": [ [ [ [ -45.71853376, -12.68062096 ], [ -45.718174436, -12.68062096 ], [ -45.718174436, -12.680980284 ], [ -45.71853376, -12.680980284 ], [ -45.71853376, -12.68062096 ] ] ] ] } },
{ "type": "Feature", "properties": { "id": 20572, "left": -45.71853376, "top": -12.680980284, "right": -45.718174435999998, "bottom": -12.681339608, "centroid_x": -45.718354, "centroid_y": -12.68116, "talhao": "PL LOTE 01" }, "geometry": { "type": "MultiPolygon", "coordinates": [ [ [ [ -45.71853376, -12.680980284 ], [ -45.718174436, -12.680980284 ], [ -45.718174436, -12.681339608 ], [ -45.71853376, -12.681339608 ], [ -45.71853376, -12.680980284 ] ] ] ] } },
{ "type": "Feature", "properties": { "id": 20573, "left": -45.71853376, "top": -12.681339608, "right": -45.718174435999998, "bottom": -12.681698932, "centroid_x": -45.718354, "centroid_y": -12.681519, "talhao": "PL LOTE 01" }, "geometry": { "type": "MultiPolygon", "coordinates": [ [ [ [ -45.71853376, -12.681339608 ], [ -45.718174436, -12.681339608 ], [ -45.718174436, -12.681698932 ], [ -45.71853376, -12.681698932 ], [ -45.71853376, -12.681339608 ] ] ] ] } },
{ "type": "Feature", "properties": { "id": 20574, "left": -45.71853376, "top": -12.681698932, "right": -45.718174435999998, "bottom": -12.682058256, "centroid_x": -45.718351, "centroid_y": -12.681876, "talhao": "PL LOTE 01" }, "geometry": { "type": "MultiPolygon", "coordinates": [ [ [ [ -45.718502, -12.68202 ], [ -45.71853376, -12.681998209506727 ], [ -45.71853376, -12.681698932 ], [ -45.718174436, -12.681698932 ], [ -45.718174436, -12.682058256 ], [ -45.718460658838708, -12.682058256 ], [ -45.718502, -12.68202 ] ] ] ] } },
{ "type": "Feature", "properties": { "id": 20575, "left": -45.71853376, "top": -12.682058256, "right": -45.718174435999998, "bottom": -12.68241758, "centroid_x": -45.71827, "centroid_y": -12.682147, "talhao": "PL LOTE 01" }, "geometry": { "type": "MultiPolygon", "coordinates": [ [ [ [ -45.718460658838708, -12.682058256 ], [ -45.718174436, -12.682058256 ], [ -45.718174436, -12.682323118925375 ], [ -45.718460658838708, -12.682058256 ] ] ] ] } },
{ "type": "Feature", "properties": { "id": 20608, "left": -45.718174435999998, "top": -12.674871776, "right": -45.717815111999997, "bottom": -12.6752311, "centroid_x": -45.717903, "centroid_y": -12.675157, "talhao": "PL LOTE 01" }, "geometry": { "type": "MultiPolygon", "coordinates": [ [ [ [ -45.717815112, -12.675009075687765 ], [ -45.717815112, -12.6752311 ], [ -45.718079727735557, -12.6752311 ], [ -45.717815112, -12.675009075687765 ] ] ] ] } },
{ "type": "Feature", "properties": { "id": 20609, "left": -45.718174435999998, "top": -12.6752311, "right": -45.717815111999997, "bottom": -12.675590424, "centroid_x": -45.71799, "centroid_y": -12.675415, "talhao": "PL LOTE 01" }, "geometry": { "type": "MultiPolygon", "coordinates": [ [ [ [ -45.718079727735557, -12.6752311 ], [ -45.717815112, -12.6752311 ], [ -45.717815112, -12.675590424 ], [ -45.718174436, -12.675590424 ], [ -45.718174436, -12.675310564425013 ], [ -45.718079727735557, -12.6752311 ] ] ] ] } },
{ "type": "Feature", "properties": { "id": 20610, "left": -45.718174435999998, "top": -12.675590424, "right": -45.717815111999997, "bottom": -12.675949748000001, "centroid_x": -45.717995, "centroid_y": -12.67577, "talhao": "PL LOTE 01" }, "geometry": { "type": "MultiPolygon", "coordinates": [ [ [ [ -45.718174436, -12.675590424 ], [ -45.717815112, -12.675590424 ], [ -45.717815112, -12.675949748 ], [ -45.718174436, -12.675949748 ], [ -45.718174436, -12.675590424 ] ] ] ] } },
{ "type": "Feature", "properties": { "id": 20611, "left": -45.718174435999998, "top": -12.675949748000001, "right": -45.717815111999997, "bottom": -12.676309072, "centroid_x": -45.717995, "centroid_y": -12.676129, "talhao": "PL LOTE 01" }, "geometry": { "type": "MultiPolygon", "coordinates": [ [ [ [ -45.718174436, -12.675949748 ], [ -45.717815112, -12.675949748 ], [ -45.717815112, -12.676309072 ], [ -45.718174436, -12.676309072 ], [ -45.718174436, -12.675949748 ] ] ] ] } },
{ "type": "Feature", "properties": { "id": 20612, "left": -45.718174435999998, "top": -12.676309072, "right": -45.717815111999997, "bottom": -12.676668395999998, "centroid_x": -45.717995, "centroid_y": -12.676489, "talhao": "PL LOTE 01" }, "geometry": { "type": "MultiPolygon", "coordinates": [ [ [ [ -45.718174436, -12.676309072 ], [ -45.717815112, -12.676309072 ], [ -45.717815112, -12.676668396 ], [ -45.718174436, -12.676668396 ], [ -45.718174436, -12.676309072 ] ] ] ] } },
{ "type": "Feature", "properties": { "id": 20613, "left": -45.718174435999998, "top": -12.676668396, "right": -45.717815111999997, "bottom": -12.67702772, "centroid_x": -45.717995, "centroid_y": -12.676848, "talhao": "PL LOTE 01" }, "geometry": { "type": "MultiPolygon", "coordinates": [ [ [ [ -45.718174436, -12.676668396 ], [ -45.717815112, -12.676668396 ], [ -45.717815112, -12.67702772 ], [ -45.718174436, -12.67702772 ], [ -45.718174436, -12.676668396 ] ] ] ] } },
{ "type": "Feature", "properties": { "id": 20614, "left": -45.718174435999998, "top": -12.67702772, "right": -45.717815111999997, "bottom": -12.677387044, "centroid_x": -45.717995, "centroid_y": -12.677207, "talhao": "PL LOTE 01" }, "geometry": { "type": "MultiPolygon", "coordinates": [ [ [ [ -45.718174436, -12.67702772 ], [ -45.717815112, -12.67702772 ], [ -45.717815112, -12.677387044 ], [ -45.718174436, -12.677387044 ], [ -45.718174436, -12.67702772 ] ] ] ] } },
{ "type": "Feature", "properties": { "id": 20615, "left": -45.718174435999998, "top": -12.677387044, "right": -45.717815111999997, "bottom": -12.677746368, "centroid_x": -45.717995, "centroid_y": -12.677567, "talhao": "PL LOTE 01" }, "geometry": { "type": "MultiPolygon", "coordinates": [ [ [ [ -45.718174436, -12.677387044 ], [ -45.717815112, -12.677387044 ], [ -45.717815112, -12.677746368 ], [ -45.718174436, -12.677746368 ], [ -45.718174436, -12.677387044 ] ] ] ] } },
{ "type": "Feature", "properties": { "id": 20616, "left": -45.718174435999998, "top": -12.677746368, "right": -45.717815111999997, "bottom": -12.678105692000001, "centroid_x": -45.717995, "centroid_y": -12.677926, "talhao": "PL LOTE 01" }, "geometry": { "type": "MultiPolygon", "coordinates": [ [ [ [ -45.718174436, -12.677746368 ], [ -45.717815112, -12.677746368 ], [ -45.717815112, -12.678105692 ], [ -45.718174436, -12.678105692 ], [ -45.718174436, -12.677746368 ] ] ] ] } },
{ "type": "Feature", "properties": { "id": 20617, "left": -45.718174435999998, "top": -12.678105692000001, "right": -45.717815111999997, "bottom": -12.678465016000001, "centroid_x": -45.717995, "centroid_y": -12.678285, "talhao": "PL LOTE 01" }, "geometry": { "type": "MultiPolygon", "coordinates": [ [ [ [ -45.718174436, -12.678105692 ], [ -45.717815112, -12.678105692 ], [ -45.717815112, -12.678465016 ], [ -45.718174436, -12.678465016 ], [ -45.718174436, -12.678105692 ] ] ] ] } },
{ "type": "Feature", "properties": { "id": 20618, "left": -45.718174435999998, "top": -12.678465016000001, "right": -45.717815111999997, "bottom": -12.67882434, "centroid_x": -45.717995, "centroid_y": -12.678645, "talhao": "PL LOTE 01" }, "geometry": { "type": "MultiPolygon", "coordinates": [ [ [ [ -45.718174436, -12.678465016 ], [ -45.717815112, -12.678465016 ], [ -45.717815112, -12.67882434 ], [ -45.718174436, -12.67882434 ], [ -45.718174436, -12.678465016 ] ] ] ] } },
{ "type": "Feature", "properties": { "id": 20619, "left": -45.718174435999998, "top": -12.67882434, "right": -45.717815111999997, "bottom": -12.679183664, "centroid_x": -45.717995, "centroid_y": -12.679004, "talhao": "PL LOTE 01" }, "geometry": { "type": "MultiPolygon", "coordinates": [ [ [ [ -45.718174436, -12.67882434 ], [ -45.717815112, -12.67882434 ], [ -45.717815112, -12.679183664 ], [ -45.718174436, -12.679183664 ], [ -45.718174436, -12.67882434 ] ] ] ] } },
{ "type": "Feature", "properties": { "id": 20620, "left": -45.718174435999998, "top": -12.679183664, "right": -45.717815111999997, "bottom": -12.679542988, "centroid_x": -45.717995, "centroid_y": -12.679363, "talhao": "PL LOTE 01" }, "geometry": { "type": "MultiPolygon", "coordinates": [ [ [ [ -45.718174436, -12.679183664 ], [ -45.717815112, -12.679183664 ], [ -45.717815112, -12.679542988 ], [ -45.718174436, -12.679542988 ], [ -45.718174436, -12.679183664 ] ] ] ] } },
{ "type": "Feature", "properties": { "id": 20621, "left": -45.718174435999998, "top": -12.679542988, "right": -45.717815111999997, "bottom": -12.679902312, "centroid_x": -45.717995, "centroid_y": -12.679723, "talhao": "PL LOTE 01" }, "geometry": { "type": "MultiPolygon", "coordinates": [ [ [ [ -45.718174436, -12.679542988 ], [ -45.717815112, -12.679542988 ], [ -45.717815112, -12.679902312 ], [ -45.718174436, -12.679902312 ], [ -45.718174436, -12.679542988 ] ] ] ] } },
{ "type": "Feature", "properties": { "id": 20622, "left": -45.718174435999998, "top": -12.679902312, "right": -45.717815111999997, "bottom": -12.680261636, "centroid_x": -45.717995, "centroid_y": -12.680082, "talhao": "PL LOTE 01" }, "geometry": { "type": "MultiPolygon", "coordinates": [ [ [ [ -45.718174436, -12.679902312 ], [ -45.717815112, -12.679902312 ], [ -45.717815112, -12.680261636 ], [ -45.718174436, -12.680261636 ], [ -45.718174436, -12.679902312 ] ] ] ] } },
{ "type": "Feature", "properties": { "id": 20623, "left": -45.718174435999998, "top": -12.680261636, "right": -45.717815111999997, "bottom": -12.68062096, "centroid_x": -45.717995, "centroid_y": -12.680441, "talhao": "PL LOTE 01" }, "geometry": { "type": "MultiPolygon", "coordinates": [ [ [ [ -45.718174436, -12.680261636 ], [ -45.717815112, -12.680261636 ], [ -45.717815112, -12.68062096 ], [ -45.718174436, -12.68062096 ], [ -45.718174436, -12.680261636 ] ] ] ] } },
{ "type": "Feature", "properties": { "id": 20624, "left": -45.718174435999998, "top": -12.68062096, "right": -45.717815111999997, "bottom": -12.680980284, "centroid_x": -45.717995, "centroid_y": -12.680801, "talhao": "PL LOTE 01" }, "geometry": { "type": "MultiPolygon", "coordinates": [ [ [ [ -45.718174436, -12.68062096 ], [ -45.717815112, -12.68062096 ], [ -45.717815112, -12.680980284 ], [ -45.718174436, -12.680980284 ], [ -45.718174436, -12.68062096 ] ] ] ] } },
{ "type": "Feature", "properties": { "id": 20625, "left": -45.718174435999998, "top": -12.680980284, "right": -45.717815111999997, "bottom": -12.681339608, "centroid_x": -45.717995, "centroid_y": -12.68116, "talhao": "PL LOTE 01" }, "geometry": { "type": "MultiPolygon", "coordinates": [ [ [ [ -45.718174436, -12.680980284 ], [ -45.717815112, -12.680980284 ], [ -45.717815112, -12.681339608 ], [ -45.718174436, -12.681339608 ], [ -45.718174436, -12.680980284 ] ] ] ] } },
{ "type": "Feature", "properties": { "id": 20626, "left": -45.718174435999998, "top": -12.681339608, "right": -45.717815111999997, "bottom": -12.681698932, "centroid_x": -45.717995, "centroid_y": -12.681519, "talhao": "PL LOTE 01" }, "geometry": { "type": "MultiPolygon", "coordinates": [ [ [ [ -45.718174436, -12.681339608 ], [ -45.717815112, -12.681339608 ], [ -45.717815112, -12.681698932 ], [ -45.718174436, -12.681698932 ], [ -45.718174436, -12.681339608 ] ] ] ] } },
{ "type": "Feature", "properties": { "id": 20627, "left": -45.718174435999998, "top": -12.681698932, "right": -45.717815111999997, "bottom": -12.682058256, "centroid_x": -45.717995, "centroid_y": -12.681879, "talhao": "PL LOTE 01" }, "geometry": { "type": "MultiPolygon", "coordinates": [ [ [ [ -45.718174436, -12.681698932 ], [ -45.717815112, -12.681698932 ], [ -45.717815112, -12.682058256 ], [ -45.718174436, -12.682058256 ], [ -45.718174436, -12.681698932 ] ] ] ] } },
{ "type": "Feature", "properties": { "id": 20628, "left": -45.718174435999998, "top": -12.682058256, "right": -45.717815111999997, "bottom": -12.68241758, "centroid_x": -45.717989, "centroid_y": -12.682232, "talhao": "PL LOTE 01" }, "geometry": { "type": "MultiPolygon", "coordinates": [ [ [ [ -45.718174436, -12.682323118925375 ], [ -45.718174436, -12.682058256 ], [ -45.717815112, -12.682058256 ], [ -45.717815112, -12.68241758 ], [ -45.718072357096773, -12.68241758 ], [ -45.718174436, -12.682323118925375 ] ] ] ] } },
{ "type": "Feature", "properties": { "id": 20629, "left": -45.718174435999998, "top": -12.68241758, "right": -45.717815111999997, "bottom": -12.682776904000001, "centroid_x": -45.717901, "centroid_y": -12.682497, "talhao": "PL LOTE 01" }, "geometry": { "type": "MultiPolygon", "coordinates": [ [ [ [ -45.718072357096773, -12.68241758 ], [ -45.717815112, -12.68241758 ], [ -45.717815112, -12.682655627701495 ], [ -45.718072357096773, -12.68241758 ] ] ] ] } },
{ "type": "Feature", "properties": { "id": 20660, "left": -45.717815112000004, "top": -12.674512452, "right": -45.717455788000002, "bottom": -12.674871776, "centroid_x": -45.717521, "centroid_y": -12.674817, "talhao": "PL LOTE 01" }, "geometry": { "type": "MultiPolygon", "coordinates": [ [ [ [ -45.717455788, -12.674707586950523 ], [ -45.717455788, -12.674871776 ], [ -45.717651473804231, -12.674871776 ], [ -45.717455788, -12.674707586950523 ] ] ] ] } },
{ "type": "Feature", "properties": { "id": 20661, "left": -45.717815112000004, "top": -12.674871776, "right": -45.717455788000002, "bottom": -12.6752311, "centroid_x": -45.717624, "centroid_y": -12.675064, "talhao": "PL LOTE 01" }, "geometry": { "type": "MultiPolygon", "coordinates": [ [ [ [ -45.717651473804231, -12.674871776 ], [ -45.717455788, -12.674871776 ], [ -45.717455788, -12.6752311 ], [ -45.717815112, -12.6752311 ], [ -45.717815112, -12.675009075687772 ], [ -45.717651473804231, -12.674871776 ] ] ] ] } },
{ "type": "Feature", "properties": { "id": 20662, "left": -45.717815112000004, "top": -12.6752311, "right": -45.717455788000002, "bottom": -12.675590424, "centroid_x": -45.717635, "centroid_y": -12.675411, "talhao": "PL LOTE 01" }, "geometry": { "type": "MultiPolygon", "coordinates": [ [ [ [ -45.717815112, -12.6752311 ], [ -45.717455788, -12.6752311 ], [ -45.717455788, -12.675590424 ], [ -45.717815112, -12.675590424 ], [ -45.717815112, -12.6752311 ] ] ] ] } },
{ "type": "Feature", "properties": { "id": 20663, "left": -45.717815112000004, "top": -12.675590424, "right": -45.717455788000002, "bottom": -12.675949748000001, "centroid_x": -45.717635, "centroid_y": -12.67577, "talhao": "PL LOTE 01" }, "geometry": { "type": "MultiPolygon", "coordinates": [ [ [ [ -45.717815112, -12.675590424 ], [ -45.717455788, -12.675590424 ], [ -45.717455788, -12.675949748 ], [ -45.717815112, -12.675949748 ], [ -45.717815112, -12.675590424 ] ] ] ] } },
{ "type": "Feature", "properties": { "id": 20664, "left": -45.717815112000004, "top": -12.675949748000001, "right": -45.717455788000002, "bottom": -12.676309072, "centroid_x": -45.717635, "centroid_y": -12.676129, "talhao": "PL LOTE 01" }, "geometry": { "type": "MultiPolygon", "coordinates": [ [ [ [ -45.717815112, -12.675949748 ], [ -45.717455788, -12.675949748 ], [ -45.717455788, -12.676309072 ], [ -45.717815112, -12.676309072 ], [ -45.717815112, -12.675949748 ] ] ] ] } },
{ "type": "Feature", "properties": { "id": 20665, "left": -45.717815112000004, "top": -12.676309072, "right": -45.717455788000002, "bottom": -12.676668395999998, "centroid_x": -45.717635, "centroid_y": -12.676489, "talhao": "PL LOTE 01" }, "geometry": { "type": "MultiPolygon", "coordinates": [ [ [ [ -45.717815112, -12.676309072 ], [ -45.717455788, -12.676309072 ], [ -45.717455788, -12.676668396 ], [ -45.717815112, -12.676668396 ], [ -45.717815112, -12.676309072 ] ] ] ] } },
{ "type": "Feature", "properties": { "id": 20666, "left": -45.717815112000004, "top": -12.676668396, "right": -45.717455788000002, "bottom": -12.67702772, "centroid_x": -45.717635, "centroid_y": -12.676848, "talhao": "PL LOTE 01" }, "geometry": { "type": "MultiPolygon", "coordinates": [ [ [ [ -45.717815112, -12.676668396 ], [ -45.717455788, -12.676668396 ], [ -45.717455788, -12.67702772 ], [ -45.717815112, -12.67702772 ], [ -45.717815112, -12.676668396 ] ] ] ] } },
{ "type": "Feature", "properties": { "id": 20667, "left": -45.717815112000004, "top": -12.67702772, "right": -45.717455788000002, "bottom": -12.677387044, "centroid_x": -45.717635, "centroid_y": -12.677207, "talhao": "PL LOTE 01" }, "geometry": { "type": "MultiPolygon", "coordinates": [ [ [ [ -45.717815112, -12.67702772 ], [ -45.717455788, -12.67702772 ], [ -45.717455788, -12.677387044 ], [ -45.717815112, -12.677387044 ], [ -45.717815112, -12.67702772 ] ] ] ] } },
{ "type": "Feature", "properties": { "id": 20668, "left": -45.717815112000004, "top": -12.677387044, "right": -45.717455788000002, "bottom": -12.677746368, "centroid_x": -45.717635, "centroid_y": -12.677567, "talhao": "PL LOTE 01" }, "geometry": { "type": "MultiPolygon", "coordinates": [ [ [ [ -45.717815112, -12.677387044 ], [ -45.717455788, -12.677387044 ], [ -45.717455788, -12.677746368 ], [ -45.717815112, -12.677746368 ], [ -45.717815112, -12.677387044 ] ] ] ] } },
{ "type": "Feature", "properties": { "id": 20669, "left": -45.717815112000004, "top": -12.677746368, "right": -45.717455788000002, "bottom": -12.678105692000001, "centroid_x": -45.717635, "centroid_y": -12.677926, "talhao": "PL LOTE 01" }, "geometry": { "type": "MultiPolygon", "coordinates": [ [ [ [ -45.717815112, -12.677746368 ], [ -45.717455788, -12.677746368 ], [ -45.717455788, -12.678105692 ], [ -45.717815112, -12.678105692 ], [ -45.717815112, -12.677746368 ] ] ] ] } },
{ "type": "Feature", "properties": { "id": 20670, "left": -45.717815112000004, "top": -12.678105692000001, "right": -45.717455788000002, "bottom": -12.678465016000001, "centroid_x": -45.717635, "centroid_y": -12.678285, "talhao": "PL LOTE 01" }, "geometry": { "type": "MultiPolygon", "coordinates": [ [ [ [ -45.717815112, -12.678105692 ], [ -45.717455788, -12.678105692 ], [ -45.717455788, -12.678465016 ], [ -45.717815112, -12.678465016 ], [ -45.717815112, -12.678105692 ] ] ] ] } },
{ "type": "Feature", "properties": { "id": 20671, "left": -45.717815112000004, "top": -12.678465016000001, "right": -45.717455788000002, "bottom": -12.67882434, "centroid_x": -45.717635, "centroid_y": -12.678645, "talhao": "PL LOTE 01" }, "geometry": { "type": "MultiPolygon", "coordinates": [ [ [ [ -45.717815112, -12.678465016 ], [ -45.717455788, -12.678465016 ], [ -45.717455788, -12.67882434 ], [ -45.717815112, -12.67882434 ], [ -45.717815112, -12.678465016 ] ] ] ] } },
{ "type": "Feature", "properties": { "id": 20672, "left": -45.717815112000004, "top": -12.67882434, "right": -45.717455788000002, "bottom": -12.679183664, "centroid_x": -45.717635, "centroid_y": -12.679004, "talhao": "PL LOTE 01" }, "geometry": { "type": "MultiPolygon", "coordinates": [ [ [ [ -45.717815112, -12.67882434 ], [ -45.717455788, -12.67882434 ], [ -45.717455788, -12.679183664 ], [ -45.717815112, -12.679183664 ], [ -45.717815112, -12.67882434 ] ] ] ] } },
{ "type": "Feature", "properties": { "id": 20673, "left": -45.717815112000004, "top": -12.679183664, "right": -45.717455788000002, "bottom": -12.679542988, "centroid_x": -45.717635, "centroid_y": -12.679363, "talhao": "PL LOTE 01" }, "geometry": { "type": "MultiPolygon", "coordinates": [ [ [ [ -45.717815112, -12.679183664 ], [ -45.717455788, -12.679183664 ], [ -45.717455788, -12.679542988 ], [ -45.717815112, -12.679542988 ], [ -45.717815112, -12.679183664 ] ] ] ] } },
{ "type": "Feature", "properties": { "id": 20674, "left": -45.717815112000004, "top": -12.679542988, "right": -45.717455788000002, "bottom": -12.679902312, "centroid_x": -45.717635, "centroid_y": -12.679723, "talhao": "PL LOTE 01" }, "geometry": { "type": "MultiPolygon", "coordinates": [ [ [ [ -45.717815112, -12.679542988 ], [ -45.717455788, -12.679542988 ], [ -45.717455788, -12.679902312 ], [ -45.717815112, -12.679902312 ], [ -45.717815112, -12.679542988 ] ] ] ] } },
{ "type": "Feature", "properties": { "id": 20675, "left": -45.717815112000004, "top": -12.679902312, "right": -45.717455788000002, "bottom": -12.680261636, "centroid_x": -45.717635, "centroid_y": -12.680082, "talhao": "PL LOTE 01" }, "geometry": { "type": "MultiPolygon", "coordinates": [ [ [ [ -45.717815112, -12.679902312 ], [ -45.717455788, -12.679902312 ], [ -45.717455788, -12.680261636 ], [ -45.717815112, -12.680261636 ], [ -45.717815112, -12.679902312 ] ] ] ] } },
{ "type": "Feature", "properties": { "id": 20676, "left": -45.717815112000004, "top": -12.680261636, "right": -45.717455788000002, "bottom": -12.68062096, "centroid_x": -45.717635, "centroid_y": -12.680441, "talhao": "PL LOTE 01" }, "geometry": { "type": "MultiPolygon", "coordinates": [ [ [ [ -45.717815112, -12.680261636 ], [ -45.717455788, -12.680261636 ], [ -45.717455788, -12.68062096 ], [ -45.717815112, -12.68062096 ], [ -45.717815112, -12.680261636 ] ] ] ] } },
{ "type": "Feature", "properties": { "id": 20677, "left": -45.717815112000004, "top": -12.68062096, "right": -45.717455788000002, "bottom": -12.680980284, "centroid_x": -45.717635, "centroid_y": -12.680801, "talhao": "PL LOTE 01" }, "geometry": { "type": "MultiPolygon", "coordinates": [ [ [ [ -45.717815112, -12.68062096 ], [ -45.717455788, -12.68062096 ], [ -45.717455788, -12.680980284 ], [ -45.717815112, -12.680980284 ], [ -45.717815112, -12.68062096 ] ] ] ] } },
{ "type": "Feature", "properties": { "id": 20678, "left": -45.717815112000004, "top": -12.680980284, "right": -45.717455788000002, "bottom": -12.681339608, "centroid_x": -45.717635, "centroid_y": -12.68116, "talhao": "PL LOTE 01" }, "geometry": { "type": "MultiPolygon", "coordinates": [ [ [ [ -45.717815112, -12.680980284 ], [ -45.717455788, -12.680980284 ], [ -45.717455788, -12.681339608 ], [ -45.717815112, -12.681339608 ], [ -45.717815112, -12.680980284 ] ] ] ] } },
{ "type": "Feature", "properties": { "id": 20679, "left": -45.717815112000004, "top": -12.681339608, "right": -45.717455788000002, "bottom": -12.681698932, "centroid_x": -45.717635, "centroid_y": -12.681519, "talhao": "PL LOTE 01" }, "geometry": { "type": "MultiPolygon", "coordinates": [ [ [ [ -45.717815112, -12.681339608 ], [ -45.717455788, -12.681339608 ], [ -45.717455788, -12.681698932 ], [ -45.717815112, -12.681698932 ], [ -45.717815112, -12.681339608 ] ] ] ] } },
{ "type": "Feature", "properties": { "id": 20680, "left": -45.717815112000004, "top": -12.681698932, "right": -45.717455788000002, "bottom": -12.682058256, "centroid_x": -45.717635, "centroid_y": -12.681879, "talhao": "PL LOTE 01" }, "geometry": { "type": "MultiPolygon", "coordinates": [ [ [ [ -45.717815112, -12.681698932 ], [ -45.717455788, -12.681698932 ], [ -45.717455788, -12.682058256 ], [ -45.717815112, -12.682058256 ], [ -45.717815112, -12.681698932 ] ] ] ] } },
{ "type": "Feature", "properties": { "id": 20681, "left": -45.717815112000004, "top": -12.682058256, "right": -45.717455788000002, "bottom": -12.68241758, "centroid_x": -45.717635, "centroid_y": -12.682238, "talhao": "PL LOTE 01" }, "geometry": { "type": "MultiPolygon", "coordinates": [ [ [ [ -45.717815112, -12.682058256 ], [ -45.717455788, -12.682058256 ], [ -45.717455788, -12.68241758 ], [ -45.717815112, -12.68241758 ], [ -45.717815112, -12.682058256 ] ] ] ] } },
{ "type": "Feature", "properties": { "id": 20682, "left": -45.717815112000004, "top": -12.68241758, "right": -45.717455788000002, "bottom": -12.682776904000001, "centroid_x": -45.717627, "centroid_y": -12.682588, "talhao": "PL LOTE 01" }, "geometry": { "type": "MultiPolygon", "coordinates": [ [ [ [ -45.717698, -12.682764 ], [ -45.717815112, -12.682655627701488 ], [ -45.717815112, -12.68241758 ], [ -45.717455788, -12.68241758 ], [ -45.717455788, -12.682776904 ], [ -45.71768310410738, -12.682776904 ], [ -45.717698, -12.682764 ] ] ] ] } },
{ "type": "Feature", "properties": { "id": 20683, "left": -45.717815112000004, "top": -12.682776904000001, "right": -45.717455788000002, "bottom": -12.683136228, "centroid_x": -45.717531, "centroid_y": -12.682843, "talhao": "PL LOTE 01" }, "geometry": { "type": "MultiPolygon", "coordinates": [ [ [ [ -45.717526, -12.682913 ], [ -45.71768310410738, -12.682776904 ], [ -45.717455788, -12.682776904 ], [ -45.717455788, -12.68297747724503 ], [ -45.717526, -12.682913 ] ] ] ] } },
{ "type": "Feature", "properties": { "id": 20712, "left": -45.717455788000002, "top": -12.674153128, "right": -45.717096464000001, "bottom": -12.674512452, "centroid_x": -45.717139, "centroid_y": -12.674477, "talhao": "PL LOTE 01" }, "geometry": { "type": "MultiPolygon", "coordinates": [ [ [ [ -45.717096464, -12.674406098213275 ], [ -45.717096464, -12.674512452 ], [ -45.717223219872906, -12.674512452 ], [ -45.717096464, -12.674406098213275 ] ] ] ] } },
{ "type": "Feature", "properties": { "id": 20713, "left": -45.717455788000002, "top": -12.674512452, "right": -45.717096464000001, "bottom": -12.674871776, "centroid_x": -45.717254, "centroid_y": -12.674717, "talhao": "PL LOTE 01" }, "geometry": { "type": "MultiPolygon", "coordinates": [ [ [ [ -45.717223219872906, -12.674512452 ], [ -45.717096464, -12.674512452 ], [ -45.717096464, -12.674871776 ], [ -45.717455788, -12.674871776 ], [ -45.717455788, -12.674707586950523 ], [ -45.717223219872906, -12.674512452 ] ] ] ] } },
{ "type": "Feature", "properties": { "id": 20714, "left": -45.717455788000002, "top": -12.674871776, "right": -45.717096464000001, "bottom": -12.6752311, "centroid_x": -45.717276, "centroid_y": -12.675051, "talhao": "PL LOTE 01" }, "geometry": { "type": "MultiPolygon", "coordinates": [ [ [ [ -45.717455788, -12.674871776 ], [ -45.717096464, -12.674871776 ], [ -45.717096464, -12.6752311 ], [ -45.717455788, -12.6752311 ], [ -45.717455788, -12.674871776 ] ] ] ] } },
{ "type": "Feature", "properties": { "id": 20715, "left": -45.717455788000002, "top": -12.6752311, "right": -45.717096464000001, "bottom": -12.675590424, "centroid_x": -45.717276, "centroid_y": -12.675411, "talhao": "PL LOTE 01" }, "geometry": { "type": "MultiPolygon", "coordinates": [ [ [ [ -45.717455788, -12.6752311 ], [ -45.717096464, -12.6752311 ], [ -45.717096464, -12.675590424 ], [ -45.717455788, -12.675590424 ], [ -45.717455788, -12.6752311 ] ] ] ] } },
{ "type": "Feature", "properties": { "id": 20716, "left": -45.717455788000002, "top": -12.675590424, "right": -45.717096464000001, "bottom": -12.675949748000001, "centroid_x": -45.717276, "centroid_y": -12.67577, "talhao": "PL LOTE 01" }, "geometry": { "type": "MultiPolygon", "coordinates": [ [ [ [ -45.717455788, -12.675590424 ], [ -45.717096464, -12.675590424 ], [ -45.717096464, -12.675949748 ], [ -45.717455788, -12.675949748 ], [ -45.717455788, -12.675590424 ] ] ] ] } },
{ "type": "Feature", "properties": { "id": 20717, "left": -45.717455788000002, "top": -12.675949748000001, "right": -45.717096464000001, "bottom": -12.676309072, "centroid_x": -45.717276, "centroid_y": -12.676129, "talhao": "PL LOTE 01" }, "geometry": { "type": "MultiPolygon", "coordinates": [ [ [ [ -45.717455788, -12.675949748 ], [ -45.717096464, -12.675949748 ], [ -45.717096464, -12.676309072 ], [ -45.717455788, -12.676309072 ], [ -45.717455788, -12.675949748 ] ] ] ] } },
{ "type": "Feature", "properties": { "id": 20718, "left": -45.717455788000002, "top": -12.676309072, "right": -45.717096464000001, "bottom": -12.676668395999998, "centroid_x": -45.717276, "centroid_y": -12.676489, "talhao": "PL LOTE 01" }, "geometry": { "type": "MultiPolygon", "coordinates": [ [ [ [ -45.717455788, -12.676309072 ], [ -45.717096464, -12.676309072 ], [ -45.717096464, -12.676668396 ], [ -45.717455788, -12.676668396 ], [ -45.717455788, -12.676309072 ] ] ] ] } },
{ "type": "Feature", "properties": { "id": 20719, "left": -45.717455788000002, "top": -12.676668396, "right": -45.717096464000001, "bottom": -12.67702772, "centroid_x": -45.717276, "centroid_y": -12.676848, "talhao": "PL LOTE 01" }, "geometry": { "type": "MultiPolygon", "coordinates": [ [ [ [ -45.717455788, -12.676668396 ], [ -45.717096464, -12.676668396 ], [ -45.717096464, -12.67702772 ], [ -45.717455788, -12.67702772 ], [ -45.717455788, -12.676668396 ] ] ] ] } },
{ "type": "Feature", "properties": { "id": 20720, "left": -45.717455788000002, "top": -12.67702772, "right": -45.717096464000001, "bottom": -12.677387044, "centroid_x": -45.717276, "centroid_y": -12.677207, "talhao": "PL LOTE 01" }, "geometry": { "type": "MultiPolygon", "coordinates": [ [ [ [ -45.717455788, -12.67702772 ], [ -45.717096464, -12.67702772 ], [ -45.717096464, -12.677387044 ], [ -45.717455788, -12.677387044 ], [ -45.717455788, -12.67702772 ] ] ] ] } },
{ "type": "Feature", "properties": { "id": 20721, "left": -45.717455788000002, "top": -12.677387044, "right": -45.717096464000001, "bottom": -12.677746368, "centroid_x": -45.717276, "centroid_y": -12.677567, "talhao": "PL LOTE 01" }, "geometry": { "type": "MultiPolygon", "coordinates": [ [ [ [ -45.717455788, -12.677387044 ], [ -45.717096464, -12.677387044 ], [ -45.717096464, -12.677746368 ], [ -45.717455788, -12.677746368 ], [ -45.717455788, -12.677387044 ] ] ] ] } },
{ "type": "Feature", "properties": { "id": 20722, "left": -45.717455788000002, "top": -12.677746368, "right": -45.717096464000001, "bottom": -12.678105692000001, "centroid_x": -45.717276, "centroid_y": -12.677926, "talhao": "PL LOTE 01" }, "geometry": { "type": "MultiPolygon", "coordinates": [ [ [ [ -45.717455788, -12.677746368 ], [ -45.717096464, -12.677746368 ], [ -45.717096464, -12.678105692 ], [ -45.717455788, -12.678105692 ], [ -45.717455788, -12.677746368 ] ] ] ] } },
{ "type": "Feature", "properties": { "id": 20723, "left": -45.717455788000002, "top": -12.678105692000001, "right": -45.717096464000001, "bottom": -12.678465016000001, "centroid_x": -45.717276, "centroid_y": -12.678285, "talhao": "PL LOTE 01" }, "geometry": { "type": "MultiPolygon", "coordinates": [ [ [ [ -45.717455788, -12.678105692 ], [ -45.717096464, -12.678105692 ], [ -45.717096464, -12.678465016 ], [ -45.717455788, -12.678465016 ], [ -45.717455788, -12.678105692 ] ] ] ] } },
{ "type": "Feature", "properties": { "id": 20724, "left": -45.717455788000002, "top": -12.678465016000001, "right": -45.717096464000001, "bottom": -12.67882434, "centroid_x": -45.717276, "centroid_y": -12.678645, "talhao": "PL LOTE 01" }, "geometry": { "type": "MultiPolygon", "coordinates": [ [ [ [ -45.717455788, -12.678465016 ], [ -45.717096464, -12.678465016 ], [ -45.717096464, -12.67882434 ], [ -45.717455788, -12.67882434 ], [ -45.717455788, -12.678465016 ] ] ] ] } },
{ "type": "Feature", "properties": { "id": 20725, "left": -45.717455788000002, "top": -12.67882434, "right": -45.717096464000001, "bottom": -12.679183664, "centroid_x": -45.717276, "centroid_y": -12.679004, "talhao": "PL LOTE 01" }, "geometry": { "type": "MultiPolygon", "coordinates": [ [ [ [ -45.717455788, -12.67882434 ], [ -45.717096464, -12.67882434 ], [ -45.717096464, -12.679183664 ], [ -45.717455788, -12.679183664 ], [ -45.717455788, -12.67882434 ] ] ] ] } },
{ "type": "Feature", "properties": { "id": 20726, "left": -45.717455788000002, "top": -12.679183664, "right": -45.717096464000001, "bottom": -12.679542988, "centroid_x": -45.717276, "centroid_y": -12.679363, "talhao": "PL LOTE 01" }, "geometry": { "type": "MultiPolygon", "coordinates": [ [ [ [ -45.717455788, -12.679183664 ], [ -45.717096464, -12.679183664 ], [ -45.717096464, -12.679542988 ], [ -45.717455788, -12.679542988 ], [ -45.717455788, -12.679183664 ] ] ] ] } },
{ "type": "Feature", "properties": { "id": 20727, "left": -45.717455788000002, "top": -12.679542988, "right": -45.717096464000001, "bottom": -12.679902312, "centroid_x": -45.717276, "centroid_y": -12.679723, "talhao": "PL LOTE 01" }, "geometry": { "type": "MultiPolygon", "coordinates": [ [ [ [ -45.717455788, -12.679542988 ], [ -45.717096464, -12.679542988 ], [ -45.717096464, -12.679902312 ], [ -45.717455788, -12.679902312 ], [ -45.717455788, -12.679542988 ] ] ] ] } },
{ "type": "Feature", "properties": { "id": 20728, "left": -45.717455788000002, "top": -12.679902312, "right": -45.717096464000001, "bottom": -12.680261636, "centroid_x": -45.717276, "centroid_y": -12.680082, "talhao": "PL LOTE 01" }, "geometry": { "type": "MultiPolygon", "coordinates": [ [ [ [ -45.717455788, -12.679902312 ], [ -45.717096464, -12.679902312 ], [ -45.717096464, -12.680261636 ], [ -45.717455788, -12.680261636 ], [ -45.717455788, -12.679902312 ] ] ] ] } },
{ "type": "Feature", "properties": { "id": 20729, "left": -45.717455788000002, "top": -12.680261636, "right": -45.717096464000001, "bottom": -12.68062096, "centroid_x": -45.717276, "centroid_y": -12.680441, "talhao": "PL LOTE 01" }, "geometry": { "type": "MultiPolygon", "coordinates": [ [ [ [ -45.717455788, -12.680261636 ], [ -45.717096464, -12.680261636 ], [ -45.717096464, -12.68062096 ], [ -45.717455788, -12.68062096 ], [ -45.717455788, -12.680261636 ] ] ] ] } },
{ "type": "Feature", "properties": { "id": 20730, "left": -45.717455788000002, "top": -12.68062096, "right": -45.717096464000001, "bottom": -12.680980284, "centroid_x": -45.717276, "centroid_y": -12.680801, "talhao": "PL LOTE 01" }, "geometry": { "type": "MultiPolygon", "coordinates": [ [ [ [ -45.717455788, -12.68062096 ], [ -45.717096464, -12.68062096 ], [ -45.717096464, -12.680980284 ], [ -45.717455788, -12.680980284 ], [ -45.717455788, -12.68062096 ] ] ] ] } },
{ "type": "Feature", "properties": { "id": 20731, "left": -45.717455788000002, "top": -12.680980284, "right": -45.717096464000001, "bottom": -12.681339608, "centroid_x": -45.717276, "centroid_y": -12.68116, "talhao": "PL LOTE 01" }, "geometry": { "type": "MultiPolygon", "coordinates": [ [ [ [ -45.717455788, -12.680980284 ], [ -45.717096464, -12.680980284 ], [ -45.717096464, -12.681339608 ], [ -45.717455788, -12.681339608 ], [ -45.717455788, -12.680980284 ] ] ] ] } },
{ "type": "Feature", "properties": { "id": 20732, "left": -45.717455788000002, "top": -12.681339608, "right": -45.717096464000001, "bottom": -12.681698932, "centroid_x": -45.717276, "centroid_y": -12.681519, "talhao": "PL LOTE 01" }, "geometry": { "type": "MultiPolygon", "coordinates": [ [ [ [ -45.717455788, -12.681339608 ], [ -45.717096464, -12.681339608 ], [ -45.717096464, -12.681698932 ], [ -45.717455788, -12.681698932 ], [ -45.717455788, -12.681339608 ] ] ] ] } },
{ "type": "Feature", "properties": { "id": 20733, "left": -45.717455788000002, "top": -12.681698932, "right": -45.717096464000001, "bottom": -12.682058256, "centroid_x": -45.717276, "centroid_y": -12.681879, "talhao": "PL LOTE 01" }, "geometry": { "type": "MultiPolygon", "coordinates": [ [ [ [ -45.717455788, -12.681698932 ], [ -45.717096464, -12.681698932 ], [ -45.717096464, -12.682058256 ], [ -45.717455788, -12.682058256 ], [ -45.717455788, -12.681698932 ] ] ] ] } },
{ "type": "Feature", "properties": { "id": 20734, "left": -45.717455788000002, "top": -12.682058256, "right": -45.717096464000001, "bottom": -12.68241758, "centroid_x": -45.717276, "centroid_y": -12.682238, "talhao": "PL LOTE 01" }, "geometry": { "type": "MultiPolygon", "coordinates": [ [ [ [ -45.717455788, -12.682058256 ], [ -45.717096464, -12.682058256 ], [ -45.717096464, -12.68241758 ], [ -45.717455788, -12.68241758 ], [ -45.717455788, -12.682058256 ] ] ] ] } },
{ "type": "Feature", "properties": { "id": 20735, "left": -45.717455788000002, "top": -12.68241758, "right": -45.717096464000001, "bottom": -12.682776904000001, "centroid_x": -45.717276, "centroid_y": -12.682597, "talhao": "PL LOTE 01" }, "geometry": { "type": "MultiPolygon", "coordinates": [ [ [ [ -45.717455788, -12.68241758 ], [ -45.717096464, -12.68241758 ], [ -45.717096464, -12.682776904 ], [ -45.717455788, -12.682776904 ], [ -45.717455788, -12.68241758 ] ] ] ] } },
{ "type": "Feature", "properties": { "id": 20736, "left": -45.717455788000002, "top": -12.682776904000001, "right": -45.717096464000001, "bottom": -12.683136228, "centroid_x": -45.717262, "centroid_y": -12.682941, "talhao": "PL LOTE 01" }, "geometry": { "type": "MultiPolygon", "coordinates": [ [ [ [ -45.717455788, -12.68297747724503 ], [ -45.717455788, -12.682776904 ], [ -45.717096464, -12.682776904 ], [ -45.717096464, -12.683136228 ], [ -45.717282917586537, -12.683136228 ], [ -45.717455788, -12.68297747724503 ] ] ] ] } },
{ "type": "Feature", "properties": { "id": 20737, "left": -45.717455788000002, "top": -12.683136228, "right": -45.717096464000001, "bottom": -12.683495551999998, "centroid_x": -45.717159, "centroid_y": -12.683193, "talhao": "PL LOTE 01" }, "geometry": { "type": "MultiPolygon", "coordinates": [ [ [ [ -45.717282917586537, -12.683136228 ], [ -45.717096464, -12.683136228 ], [ -45.717096464, -12.68330745248565 ], [ -45.717282917586537, -12.683136228 ] ] ] ] } },
{ "type": "Feature", "properties": { "id": 20764, "left": -45.717096464000001, "top": -12.673793804000001, "right": -45.71673714, "bottom": -12.674153128, "centroid_x": -45.716756, "centroid_y": -12.674137, "talhao": "PL LOTE 01" }, "geometry": { "type": "MultiPolygon", "coordinates": [ [ [ [ -45.71673714, -12.674104609476029 ], [ -45.71673714, -12.674153128 ], [ -45.716794965941581, -12.674153128 ], [ -45.71673714, -12.674104609476029 ] ] ] ] } },
{ "type": "Feature", "properties": { "id": 20765, "left": -45.717096464000001, "top": -12.674153128, "right": -45.71673714, "bottom": -12.674512452, "centroid_x": -45.716884, "centroid_y": -12.674373, "talhao": "PL LOTE 01" }, "geometry": { "type": "MultiPolygon", "coordinates": [ [ [ [ -45.716794965941581, -12.674153128 ], [ -45.71673714, -12.674153128 ], [ -45.71673714, -12.674512452 ], [ -45.717096464, -12.674512452 ], [ -45.717096464, -12.674406098213275 ], [ -45.716794965941581, -12.674153128 ] ] ] ] } },
{ "type": "Feature", "properties": { "id": 20766, "left": -45.717096464000001, "top": -12.674512452, "right": -45.71673714, "bottom": -12.674871776, "centroid_x": -45.716917, "centroid_y": -12.674692, "talhao": "PL LOTE 01" }, "geometry": { "type": "MultiPolygon", "coordinates": [ [ [ [ -45.717096464, -12.674512452 ], [ -45.71673714, -12.674512452 ], [ -45.71673714, -12.674871776 ], [ -45.717096464, -12.674871776 ], [ -45.717096464, -12.674512452 ] ] ] ] } },
{ "type": "Feature", "properties": { "id": 20767, "left": -45.717096464000001, "top": -12.674871776, "right": -45.71673714, "bottom": -12.6752311, "centroid_x": -45.716917, "centroid_y": -12.675051, "talhao": "PL LOTE 01" }, "geometry": { "type": "MultiPolygon", "coordinates": [ [ [ [ -45.717096464, -12.674871776 ], [ -45.71673714, -12.674871776 ], [ -45.71673714, -12.6752311 ], [ -45.717096464, -12.6752311 ], [ -45.717096464, -12.674871776 ] ] ] ] } },
{ "type": "Feature", "properties": { "id": 20768, "left": -45.717096464000001, "top": -12.6752311, "right": -45.71673714, "bottom": -12.675590424, "centroid_x": -45.716917, "centroid_y": -12.675411, "talhao": "PL LOTE 01" }, "geometry": { "type": "MultiPolygon", "coordinates": [ [ [ [ -45.717096464, -12.6752311 ], [ -45.71673714, -12.6752311 ], [ -45.71673714, -12.675590424 ], [ -45.717096464, -12.675590424 ], [ -45.717096464, -12.6752311 ] ] ] ] } },
{ "type": "Feature", "properties": { "id": 20769, "left": -45.717096464000001, "top": -12.675590424, "right": -45.71673714, "bottom": -12.675949748000001, "centroid_x": -45.716917, "centroid_y": -12.67577, "talhao": "PL LOTE 01" }, "geometry": { "type": "MultiPolygon", "coordinates": [ [ [ [ -45.717096464, -12.675590424 ], [ -45.71673714, -12.675590424 ], [ -45.71673714, -12.675949748 ], [ -45.717096464, -12.675949748 ], [ -45.717096464, -12.675590424 ] ] ] ] } },
{ "type": "Feature", "properties": { "id": 20770, "left": -45.717096464000001, "top": -12.675949748000001, "right": -45.71673714, "bottom": -12.676309072, "centroid_x": -45.716917, "centroid_y": -12.676129, "talhao": "PL LOTE 01" }, "geometry": { "type": "MultiPolygon", "coordinates": [ [ [ [ -45.717096464, -12.675949748 ], [ -45.71673714, -12.675949748 ], [ -45.71673714, -12.676309072 ], [ -45.717096464, -12.676309072 ], [ -45.717096464, -12.675949748 ] ] ] ] } },
{ "type": "Feature", "properties": { "id": 20771, "left": -45.717096464000001, "top": -12.676309072, "right": -45.71673714, "bottom": -12.676668395999998, "centroid_x": -45.716917, "centroid_y": -12.676489, "talhao": "PL LOTE 01" }, "geometry": { "type": "MultiPolygon", "coordinates": [ [ [ [ -45.717096464, -12.676309072 ], [ -45.71673714, -12.676309072 ], [ -45.71673714, -12.676668396 ], [ -45.717096464, -12.676668396 ], [ -45.717096464, -12.676309072 ] ] ] ] } },
{ "type": "Feature", "properties": { "id": 20772, "left": -45.717096464000001, "top": -12.676668396, "right": -45.71673714, "bottom": -12.67702772, "centroid_x": -45.716917, "centroid_y": -12.676848, "talhao": "PL LOTE 01" }, "geometry": { "type": "MultiPolygon", "coordinates": [ [ [ [ -45.717096464, -12.676668396 ], [ -45.71673714, -12.676668396 ], [ -45.71673714, -12.67702772 ], [ -45.717096464, -12.67702772 ], [ -45.717096464, -12.676668396 ] ] ] ] } },
{ "type": "Feature", "properties": { "id": 20773, "left": -45.717096464000001, "top": -12.67702772, "right": -45.71673714, "bottom": -12.677387044, "centroid_x": -45.716917, "centroid_y": -12.677207, "talhao": "PL LOTE 01" }, "geometry": { "type": "MultiPolygon", "coordinates": [ [ [ [ -45.717096464, -12.67702772 ], [ -45.71673714, -12.67702772 ], [ -45.71673714, -12.677387044 ], [ -45.717096464, -12.677387044 ], [ -45.717096464, -12.67702772 ] ] ] ] } },
{ "type": "Feature", "properties": { "id": 20774, "left": -45.717096464000001, "top": -12.677387044, "right": -45.71673714, "bottom": -12.677746368, "centroid_x": -45.716917, "centroid_y": -12.677567, "talhao": "PL LOTE 01" }, "geometry": { "type": "MultiPolygon", "coordinates": [ [ [ [ -45.717096464, -12.677387044 ], [ -45.71673714, -12.677387044 ], [ -45.71673714, -12.677746368 ], [ -45.717096464, -12.677746368 ], [ -45.717096464, -12.677387044 ] ] ] ] } },
{ "type": "Feature", "properties": { "id": 20775, "left": -45.717096464000001, "top": -12.677746368, "right": -45.71673714, "bottom": -12.678105692000001, "centroid_x": -45.716917, "centroid_y": -12.677926, "talhao": "PL LOTE 01" }, "geometry": { "type": "MultiPolygon", "coordinates": [ [ [ [ -45.717096464, -12.677746368 ], [ -45.71673714, -12.677746368 ], [ -45.71673714, -12.678105692 ], [ -45.717096464, -12.678105692 ], [ -45.717096464, -12.677746368 ] ] ] ] } },
{ "type": "Feature", "properties": { "id": 20776, "left": -45.717096464000001, "top": -12.678105692000001, "right": -45.71673714, "bottom": -12.678465016000001, "centroid_x": -45.716917, "centroid_y": -12.678285, "talhao": "PL LOTE 01" }, "geometry": { "type": "MultiPolygon", "coordinates": [ [ [ [ -45.717096464, -12.678105692 ], [ -45.71673714, -12.678105692 ], [ -45.71673714, -12.678465016 ], [ -45.717096464, -12.678465016 ], [ -45.717096464, -12.678105692 ] ] ] ] } },
{ "type": "Feature", "properties": { "id": 20777, "left": -45.717096464000001, "top": -12.678465016000001, "right": -45.71673714, "bottom": -12.67882434, "centroid_x": -45.716917, "centroid_y": -12.678645, "talhao": "PL LOTE 01" }, "geometry": { "type": "MultiPolygon", "coordinates": [ [ [ [ -45.717096464, -12.678465016 ], [ -45.71673714, -12.678465016 ], [ -45.71673714, -12.67882434 ], [ -45.717096464, -12.67882434 ], [ -45.717096464, -12.678465016 ] ] ] ] } },
{ "type": "Feature", "properties": { "id": 20778, "left": -45.717096464000001, "top": -12.67882434, "right": -45.71673714, "bottom": -12.679183664, "centroid_x": -45.716917, "centroid_y": -12.679004, "talhao": "PL LOTE 01" }, "geometry": { "type": "MultiPolygon", "coordinates": [ [ [ [ -45.717096464, -12.67882434 ], [ -45.71673714, -12.67882434 ], [ -45.71673714, -12.679183664 ], [ -45.717096464, -12.679183664 ], [ -45.717096464, -12.67882434 ] ] ] ] } },
{ "type": "Feature", "properties": { "id": 20779, "left": -45.717096464000001, "top": -12.679183664, "right": -45.71673714, "bottom": -12.679542988, "centroid_x": -45.716917, "centroid_y": -12.679363, "talhao": "PL LOTE 01" }, "geometry": { "type": "MultiPolygon", "coordinates": [ [ [ [ -45.717096464, -12.679183664 ], [ -45.71673714, -12.679183664 ], [ -45.71673714, -12.679542988 ], [ -45.717096464, -12.679542988 ], [ -45.717096464, -12.679183664 ] ] ] ] } },
{ "type": "Feature", "properties": { "id": 20780, "left": -45.717096464000001, "top": -12.679542988, "right": -45.71673714, "bottom": -12.679902312, "centroid_x": -45.716917, "centroid_y": -12.679723, "talhao": "PL LOTE 01" }, "geometry": { "type": "MultiPolygon", "coordinates": [ [ [ [ -45.717096464, -12.679542988 ], [ -45.71673714, -12.679542988 ], [ -45.71673714, -12.679902312 ], [ -45.717096464, -12.679902312 ], [ -45.717096464, -12.679542988 ] ] ] ] } },
{ "type": "Feature", "properties": { "id": 20781, "left": -45.717096464000001, "top": -12.679902312, "right": -45.71673714, "bottom": -12.680261636, "centroid_x": -45.716917, "centroid_y": -12.680082, "talhao": "PL LOTE 01" }, "geometry": { "type": "MultiPolygon", "coordinates": [ [ [ [ -45.717096464, -12.679902312 ], [ -45.71673714, -12.679902312 ], [ -45.71673714, -12.680261636 ], [ -45.717096464, -12.680261636 ], [ -45.717096464, -12.679902312 ] ] ] ] } },
{ "type": "Feature", "properties": { "id": 20782, "left": -45.717096464000001, "top": -12.680261636, "right": -45.71673714, "bottom": -12.68062096, "centroid_x": -45.716917, "centroid_y": -12.680441, "talhao": "PL LOTE 01" }, "geometry": { "type": "MultiPolygon", "coordinates": [ [ [ [ -45.717096464, -12.680261636 ], [ -45.71673714, -12.680261636 ], [ -45.71673714, -12.68062096 ], [ -45.717096464, -12.68062096 ], [ -45.717096464, -12.680261636 ] ] ] ] } },
{ "type": "Feature", "properties": { "id": 20783, "left": -45.717096464000001, "top": -12.68062096, "right": -45.71673714, "bottom": -12.680980284, "centroid_x": -45.716917, "centroid_y": -12.680801, "talhao": "PL LOTE 01" }, "geometry": { "type": "MultiPolygon", "coordinates": [ [ [ [ -45.717096464, -12.68062096 ], [ -45.71673714, -12.68062096 ], [ -45.71673714, -12.680980284 ], [ -45.717096464, -12.680980284 ], [ -45.717096464, -12.68062096 ] ] ] ] } },
{ "type": "Feature", "properties": { "id": 20784, "left": -45.717096464000001, "top": -12.680980284, "right": -45.71673714, "bottom": -12.681339608, "centroid_x": -45.716917, "centroid_y": -12.68116, "talhao": "PL LOTE 01" }, "geometry": { "type": "MultiPolygon", "coordinates": [ [ [ [ -45.717096464, -12.680980284 ], [ -45.71673714, -12.680980284 ], [ -45.71673714, -12.681339608 ], [ -45.717096464, -12.681339608 ], [ -45.717096464, -12.680980284 ] ] ] ] } },
{ "type": "Feature", "properties": { "id": 20785, "left": -45.717096464000001, "top": -12.681339608, "right": -45.71673714, "bottom": -12.681698932, "centroid_x": -45.716917, "centroid_y": -12.681519, "talhao": "PL LOTE 01" }, "geometry": { "type": "MultiPolygon", "coordinates": [ [ [ [ -45.717096464, -12.681339608 ], [ -45.71673714, -12.681339608 ], [ -45.71673714, -12.681698932 ], [ -45.717096464, -12.681698932 ], [ -45.717096464, -12.681339608 ] ] ] ] } },
{ "type": "Feature", "properties": { "id": 20786, "left": -45.717096464000001, "top": -12.681698932, "right": -45.71673714, "bottom": -12.682058256, "centroid_x": -45.716917, "centroid_y": -12.681879, "talhao": "PL LOTE 01" }, "geometry": { "type": "MultiPolygon", "coordinates": [ [ [ [ -45.717096464, -12.681698932 ], [ -45.71673714, -12.681698932 ], [ -45.71673714, -12.682058256 ], [ -45.717096464, -12.682058256 ], [ -45.717096464, -12.681698932 ] ] ] ] } },
{ "type": "Feature", "properties": { "id": 20787, "left": -45.717096464000001, "top": -12.682058256, "right": -45.71673714, "bottom": -12.68241758, "centroid_x": -45.716917, "centroid_y": -12.682238, "talhao": "PL LOTE 01" }, "geometry": { "type": "MultiPolygon", "coordinates": [ [ [ [ -45.717096464, -12.682058256 ], [ -45.71673714, -12.682058256 ], [ -45.71673714, -12.68241758 ], [ -45.717096464, -12.68241758 ], [ -45.717096464, -12.682058256 ] ] ] ] } },
{ "type": "Feature", "properties": { "id": 20788, "left": -45.717096464000001, "top": -12.68241758, "right": -45.71673714, "bottom": -12.682776904000001, "centroid_x": -45.716917, "centroid_y": -12.682597, "talhao": "PL LOTE 01" }, "geometry": { "type": "MultiPolygon", "coordinates": [ [ [ [ -45.717096464, -12.68241758 ], [ -45.71673714, -12.68241758 ], [ -45.71673714, -12.682776904 ], [ -45.717096464, -12.682776904 ], [ -45.717096464, -12.68241758 ] ] ] ] } },
{ "type": "Feature", "properties": { "id": 20789, "left": -45.717096464000001, "top": -12.682776904000001, "right": -45.71673714, "bottom": -12.683136228, "centroid_x": -45.716917, "centroid_y": -12.682957, "talhao": "PL LOTE 01" }, "geometry": { "type": "MultiPolygon", "coordinates": [ [ [ [ -45.717096464, -12.682776904 ], [ -45.71673714, -12.682776904 ], [ -45.71673714, -12.683136228 ], [ -45.717096464, -12.683136228 ], [ -45.717096464, -12.682776904 ] ] ] ] } },
{ "type": "Feature", "properties": { "id": 20790, "left": -45.717096464000001, "top": -12.683136228, "right": -45.71673714, "bottom": -12.683495551999998, "centroid_x": -45.716897, "centroid_y": -12.683295, "talhao": "PL LOTE 01" }, "geometry": { "type": "MultiPolygon", "coordinates": [ [ [ [ -45.717073, -12.683329 ], [ -45.717096464, -12.68330745248565 ], [ -45.717096464, -12.683136228 ], [ -45.71673714, -12.683136228 ], [ -45.71673714, -12.683495552 ], [ -45.716883919227058, -12.683495552 ], [ -45.717073, -12.683329 ] ] ] ] } },
{ "type": "Feature", "properties": { "id": 20791, "left": -45.717096464000001, "top": -12.683495552, "right": -45.71673714, "bottom": -12.683854876, "centroid_x": -45.716786, "centroid_y": -12.683541, "talhao": "PL LOTE 01" }, "geometry": { "type": "MultiPolygon", "coordinates": [ [ [ [ -45.716838, -12.683536 ], [ -45.716883919227058, -12.683495552 ], [ -45.71673714, -12.683495552 ], [ -45.71673714, -12.68363150460177 ], [ -45.716838, -12.683536 ] ] ] ] } },
{ "type": "Feature", "properties": { "id": 20817, "left": -45.71673714, "top": -12.673793804000001, "right": -45.716377815999998, "bottom": -12.674153128, "centroid_x": -45.716512, "centroid_y": -12.674034, "talhao": "PL LOTE 01" }, "geometry": { "type": "MultiPolygon", "coordinates": [ [ [ [ -45.716377816, -12.67380312073878 ], [ -45.716377816, -12.674153128 ], [ -45.71673714, -12.674153128 ], [ -45.71673714, -12.674104609476029 ], [ -45.716377816, -12.67380312073878 ] ] ] ] } },
{ "type": "Feature", "properties": { "id": 20818, "left": -45.71673714, "top": -12.674153128, "right": -45.716377815999998, "bottom": -12.674512452, "centroid_x": -45.716557, "centroid_y": -12.674333, "talhao": "PL LOTE 01" }, "geometry": { "type": "MultiPolygon", "coordinates": [ [ [ [ -45.71673714, -12.674153128 ], [ -45.716377816, -12.674153128 ], [ -45.716377816, -12.674512452 ], [ -45.71673714, -12.674512452 ], [ -45.71673714, -12.674153128 ] ] ] ] } },
{ "type": "Feature", "properties": { "id": 20819, "left": -45.71673714, "top": -12.674512452, "right": -45.716377815999998, "bottom": -12.674871776, "centroid_x": -45.716557, "centroid_y": -12.674692, "talhao": "PL LOTE 01" }, "geometry": { "type": "MultiPolygon", "coordinates": [ [ [ [ -45.71673714, -12.674512452 ], [ -45.716377816, -12.674512452 ], [ -45.716377816, -12.674871776 ], [ -45.71673714, -12.674871776 ], [ -45.71673714, -12.674512452 ] ] ] ] } },
{ "type": "Feature", "properties": { "id": 20820, "left": -45.71673714, "top": -12.674871776, "right": -45.716377815999998, "bottom": -12.6752311, "centroid_x": -45.716557, "centroid_y": -12.675051, "talhao": "PL LOTE 01" }, "geometry": { "type": "MultiPolygon", "coordinates": [ [ [ [ -45.71673714, -12.674871776 ], [ -45.716377816, -12.674871776 ], [ -45.716377816, -12.6752311 ], [ -45.71673714, -12.6752311 ], [ -45.71673714, -12.674871776 ] ] ] ] } },
{ "type": "Feature", "properties": { "id": 20821, "left": -45.71673714, "top": -12.6752311, "right": -45.716377815999998, "bottom": -12.675590424, "centroid_x": -45.716557, "centroid_y": -12.675411, "talhao": "PL LOTE 01" }, "geometry": { "type": "MultiPolygon", "coordinates": [ [ [ [ -45.71673714, -12.6752311 ], [ -45.716377816, -12.6752311 ], [ -45.716377816, -12.675590424 ], [ -45.71673714, -12.675590424 ], [ -45.71673714, -12.6752311 ] ] ] ] } },
{ "type": "Feature", "properties": { "id": 20822, "left": -45.71673714, "top": -12.675590424, "right": -45.716377815999998, "bottom": -12.675949748000001, "centroid_x": -45.716557, "centroid_y": -12.67577, "talhao": "PL LOTE 01" }, "geometry": { "type": "MultiPolygon", "coordinates": [ [ [ [ -45.71673714, -12.675590424 ], [ -45.716377816, -12.675590424 ], [ -45.716377816, -12.675949748 ], [ -45.71673714, -12.675949748 ], [ -45.71673714, -12.675590424 ] ] ] ] } },
{ "type": "Feature", "properties": { "id": 20823, "left": -45.71673714, "top": -12.675949748000001, "right": -45.716377815999998, "bottom": -12.676309072, "centroid_x": -45.716557, "centroid_y": -12.676129, "talhao": "PL LOTE 01" }, "geometry": { "type": "MultiPolygon", "coordinates": [ [ [ [ -45.71673714, -12.675949748 ], [ -45.716377816, -12.675949748 ], [ -45.716377816, -12.676309072 ], [ -45.71673714, -12.676309072 ], [ -45.71673714, -12.675949748 ] ] ] ] } },
{ "type": "Feature", "properties": { "id": 20824, "left": -45.71673714, "top": -12.676309072, "right": -45.716377815999998, "bottom": -12.676668395999998, "centroid_x": -45.716557, "centroid_y": -12.676489, "talhao": "PL LOTE 01" }, "geometry": { "type": "MultiPolygon", "coordinates": [ [ [ [ -45.71673714, -12.676309072 ], [ -45.716377816, -12.676309072 ], [ -45.716377816, -12.676668396 ], [ -45.71673714, -12.676668396 ], [ -45.71673714, -12.676309072 ] ] ] ] } },
{ "type": "Feature", "properties": { "id": 20825, "left": -45.71673714, "top": -12.676668396, "right": -45.716377815999998, "bottom": -12.67702772, "centroid_x": -45.716557, "centroid_y": -12.676848, "talhao": "PL LOTE 01" }, "geometry": { "type": "MultiPolygon", "coordinates": [ [ [ [ -45.71673714, -12.676668396 ], [ -45.716377816, -12.676668396 ], [ -45.716377816, -12.67702772 ], [ -45.71673714, -12.67702772 ], [ -45.71673714, -12.676668396 ] ] ] ] } },
{ "type": "Feature", "properties": { "id": 20826, "left": -45.71673714, "top": -12.67702772, "right": -45.716377815999998, "bottom": -12.677387044, "centroid_x": -45.716557, "centroid_y": -12.677207, "talhao": "PL LOTE 01" }, "geometry": { "type": "MultiPolygon", "coordinates": [ [ [ [ -45.71673714, -12.67702772 ], [ -45.716377816, -12.67702772 ], [ -45.716377816, -12.677387044 ], [ -45.71673714, -12.677387044 ], [ -45.71673714, -12.67702772 ] ] ] ] } },
{ "type": "Feature", "properties": { "id": 20827, "left": -45.71673714, "top": -12.677387044, "right": -45.716377815999998, "bottom": -12.677746368, "centroid_x": -45.716557, "centroid_y": -12.677567, "talhao": "PL LOTE 01" }, "geometry": { "type": "MultiPolygon", "coordinates": [ [ [ [ -45.71673714, -12.677387044 ], [ -45.716377816, -12.677387044 ], [ -45.716377816, -12.677746368 ], [ -45.71673714, -12.677746368 ], [ -45.71673714, -12.677387044 ] ] ] ] } },
{ "type": "Feature", "properties": { "id": 20828, "left": -45.71673714, "top": -12.677746368, "right": -45.716377815999998, "bottom": -12.678105692000001, "centroid_x": -45.716557, "centroid_y": -12.677926, "talhao": "PL LOTE 01" }, "geometry": { "type": "MultiPolygon", "coordinates": [ [ [ [ -45.71673714, -12.677746368 ], [ -45.716377816, -12.677746368 ], [ -45.716377816, -12.678105692 ], [ -45.71673714, -12.678105692 ], [ -45.71673714, -12.677746368 ] ] ] ] } },
{ "type": "Feature", "properties": { "id": 20829, "left": -45.71673714, "top": -12.678105692000001, "right": -45.716377815999998, "bottom": -12.678465016000001, "centroid_x": -45.716557, "centroid_y": -12.678285, "talhao": "PL LOTE 01" }, "geometry": { "type": "MultiPolygon", "coordinates": [ [ [ [ -45.71673714, -12.678105692 ], [ -45.716377816, -12.678105692 ], [ -45.716377816, -12.678465016 ], [ -45.71673714, -12.678465016 ], [ -45.71673714, -12.678105692 ] ] ] ] } },
{ "type": "Feature", "properties": { "id": 20830, "left": -45.71673714, "top": -12.678465016000001, "right": -45.716377815999998, "bottom": -12.67882434, "centroid_x": -45.716557, "centroid_y": -12.678645, "talhao": "PL LOTE 01" }, "geometry": { "type": "MultiPolygon", "coordinates": [ [ [ [ -45.71673714, -12.678465016 ], [ -45.716377816, -12.678465016 ], [ -45.716377816, -12.67882434 ], [ -45.71673714, -12.67882434 ], [ -45.71673714, -12.678465016 ] ] ] ] } },
{ "type": "Feature", "properties": { "id": 20831, "left": -45.71673714, "top": -12.67882434, "right": -45.716377815999998, "bottom": -12.679183664, "centroid_x": -45.716557, "centroid_y": -12.679004, "talhao": "PL LOTE 01" }, "geometry": { "type": "MultiPolygon", "coordinates": [ [ [ [ -45.71673714, -12.67882434 ], [ -45.716377816, -12.67882434 ], [ -45.716377816, -12.679183664 ], [ -45.71673714, -12.679183664 ], [ -45.71673714, -12.67882434 ] ] ] ] } },
{ "type": "Feature", "properties": { "id": 20832, "left": -45.71673714, "top": -12.679183664, "right": -45.716377815999998, "bottom": -12.679542988, "centroid_x": -45.716557, "centroid_y": -12.679363, "talhao": "PL LOTE 01" }, "geometry": { "type": "MultiPolygon", "coordinates": [ [ [ [ -45.71673714, -12.679183664 ], [ -45.716377816, -12.679183664 ], [ -45.716377816, -12.679542988 ], [ -45.71673714, -12.679542988 ], [ -45.71673714, -12.679183664 ] ] ] ] } },
{ "type": "Feature", "properties": { "id": 20833, "left": -45.71673714, "top": -12.679542988, "right": -45.716377815999998, "bottom": -12.679902312, "centroid_x": -45.716557, "centroid_y": -12.679723, "talhao": "PL LOTE 01" }, "geometry": { "type": "MultiPolygon", "coordinates": [ [ [ [ -45.71673714, -12.679542988 ], [ -45.716377816, -12.679542988 ], [ -45.716377816, -12.679902312 ], [ -45.71673714, -12.679902312 ], [ -45.71673714, -12.679542988 ] ] ] ] } },
{ "type": "Feature", "properties": { "id": 20834, "left": -45.71673714, "top": -12.679902312, "right": -45.716377815999998, "bottom": -12.680261636, "centroid_x": -45.716557, "centroid_y": -12.680082, "talhao": "PL LOTE 01" }, "geometry": { "type": "MultiPolygon", "coordinates": [ [ [ [ -45.71673714, -12.679902312 ], [ -45.716377816, -12.679902312 ], [ -45.716377816, -12.680261636 ], [ -45.71673714, -12.680261636 ], [ -45.71673714, -12.679902312 ] ] ] ] } },
{ "type": "Feature", "properties": { "id": 20835, "left": -45.71673714, "top": -12.680261636, "right": -45.716377815999998, "bottom": -12.68062096, "centroid_x": -45.716557, "centroid_y": -12.680441, "talhao": "PL LOTE 01" }, "geometry": { "type": "MultiPolygon", "coordinates": [ [ [ [ -45.71673714, -12.680261636 ], [ -45.716377816, -12.680261636 ], [ -45.716377816, -12.68062096 ], [ -45.71673714, -12.68062096 ], [ -45.71673714, -12.680261636 ] ] ] ] } },
{ "type": "Feature", "properties": { "id": 20836, "left": -45.71673714, "top": -12.68062096, "right": -45.716377815999998, "bottom": -12.680980284, "centroid_x": -45.716557, "centroid_y": -12.680801, "talhao": "PL LOTE 01" }, "geometry": { "type": "MultiPolygon", "coordinates": [ [ [ [ -45.71673714, -12.68062096 ], [ -45.716377816, -12.68062096 ], [ -45.716377816, -12.680980284 ], [ -45.71673714, -12.680980284 ], [ -45.71673714, -12.68062096 ] ] ] ] } },
{ "type": "Feature", "properties": { "id": 20837, "left": -45.71673714, "top": -12.680980284, "right": -45.716377815999998, "bottom": -12.681339608, "centroid_x": -45.716557, "centroid_y": -12.68116, "talhao": "PL LOTE 01" }, "geometry": { "type": "MultiPolygon", "coordinates": [ [ [ [ -45.71673714, -12.680980284 ], [ -45.716377816, -12.680980284 ], [ -45.716377816, -12.681339608 ], [ -45.71673714, -12.681339608 ], [ -45.71673714, -12.680980284 ] ] ] ] } },
{ "type": "Feature", "properties": { "id": 20838, "left": -45.71673714, "top": -12.681339608, "right": -45.716377815999998, "bottom": -12.681698932, "centroid_x": -45.716557, "centroid_y": -12.681519, "talhao": "PL LOTE 01" }, "geometry": { "type": "MultiPolygon", "coordinates": [ [ [ [ -45.71673714, -12.681339608 ], [ -45.716377816, -12.681339608 ], [ -45.716377816, -12.681698932 ], [ -45.71673714, -12.681698932 ], [ -45.71673714, -12.681339608 ] ] ] ] } },
{ "type": "Feature", "properties": { "id": 20839, "left": -45.71673714, "top": -12.681698932, "right": -45.716377815999998, "bottom": -12.682058256, "centroid_x": -45.716557, "centroid_y": -12.681879, "talhao": "PL LOTE 01" }, "geometry": { "type": "MultiPolygon", "coordinates": [ [ [ [ -45.71673714, -12.681698932 ], [ -45.716377816, -12.681698932 ], [ -45.716377816, -12.682058256 ], [ -45.71673714, -12.682058256 ], [ -45.71673714, -12.681698932 ] ] ] ] } },
{ "type": "Feature", "properties": { "id": 20840, "left": -45.71673714, "top": -12.682058256, "right": -45.716377815999998, "bottom": -12.68241758, "centroid_x": -45.716557, "centroid_y": -12.682238, "talhao": "PL LOTE 01" }, "geometry": { "type": "MultiPolygon", "coordinates": [ [ [ [ -45.71673714, -12.682058256 ], [ -45.716377816, -12.682058256 ], [ -45.716377816, -12.68241758 ], [ -45.71673714, -12.68241758 ], [ -45.71673714, -12.682058256 ] ] ] ] } },
{ "type": "Feature", "properties": { "id": 20841, "left": -45.71673714, "top": -12.68241758, "right": -45.716377815999998, "bottom": -12.682776904000001, "centroid_x": -45.716557, "centroid_y": -12.682597, "talhao": "PL LOTE 01" }, "geometry": { "type": "MultiPolygon", "coordinates": [ [ [ [ -45.71673714, -12.68241758 ], [ -45.716377816, -12.68241758 ], [ -45.716377816, -12.682776904 ], [ -45.71673714, -12.682776904 ], [ -45.71673714, -12.68241758 ] ] ] ] } },
{ "type": "Feature", "properties": { "id": 20842, "left": -45.71673714, "top": -12.682776904000001, "right": -45.716377815999998, "bottom": -12.683136228, "centroid_x": -45.716557, "centroid_y": -12.682957, "talhao": "PL LOTE 01" }, "geometry": { "type": "MultiPolygon", "coordinates": [ [ [ [ -45.71673714, -12.682776904 ], [ -45.716377816, -12.682776904 ], [ -45.716377816, -12.683136228 ], [ -45.71673714, -12.683136228 ], [ -45.71673714, -12.682776904 ] ] ] ] } },
{ "type": "Feature", "properties": { "id": 20843, "left": -45.71673714, "top": -12.683136228, "right": -45.716377815999998, "bottom": -12.683495551999998, "centroid_x": -45.716557, "centroid_y": -12.683316, "talhao": "PL LOTE 01" }, "geometry": { "type": "MultiPolygon", "coordinates": [ [ [ [ -45.71673714, -12.683136228 ], [ -45.716377816, -12.683136228 ], [ -45.716377816, -12.683495552 ], [ -45.71673714, -12.683495552 ], [ -45.71673714, -12.683136228 ] ] ] ] } },
{ "type": "Feature", "properties": { "id": 20844, "left": -45.71673714, "top": -12.683495552, "right": -45.716377815999998, "bottom": -12.683854876, "centroid_x": -45.716532, "centroid_y": -12.683649, "talhao": "PL LOTE 01" }, "geometry": { "type": "MultiPolygon", "coordinates": [ [ [ [ -45.716612, -12.68375 ], [ -45.71673714, -12.68363150460177 ], [ -45.71673714, -12.683495552 ], [ -45.716377816, -12.683495552 ], [ -45.716377816, -12.683854876 ], [ -45.7165074245043, -12.683854876 ], [ -45.716612, -12.68375 ] ] ] ] } },
{ "type": "Feature", "properties": { "id": 20845, "left": -45.71673714, "top": -12.683854876, "right": -45.716377815999998, "bottom": -12.6842142, "centroid_x": -45.716421, "centroid_y": -12.683898, "talhao": "PL LOTE 01" }, "geometry": { "type": "MultiPolygon", "coordinates": [ [ [ [ -45.7165074245043, -12.683854876 ], [ -45.716377816, -12.683854876 ], [ -45.716377816, -12.683984856942532 ], [ -45.7165074245043, -12.683854876 ] ] ] ] } },
{ "type": "Feature", "properties": { "id": 20869, "left": -45.716377815999998, "top": -12.67343448, "right": -45.716018491999996, "bottom": -12.673793804000001, "centroid_x": -45.716135, "centroid_y": -12.673696, "talhao": "PL LOTE 01" }, "geometry": { "type": "MultiPolygon", "coordinates": [ [ [ [ -45.716018492, -12.673501632001532 ], [ -45.716018492, -12.673793804 ], [ -45.716366712010256, -12.673793804 ], [ -45.716018492, -12.673501632001532 ] ] ] ] } },
{ "type": "Feature", "properties": { "id": 20870, "left": -45.716377815999998, "top": -12.673793804000001, "right": -45.716018491999996, "bottom": -12.674153128, "centroid_x": -45.716198, "centroid_y": -12.673974, "talhao": "PL LOTE 01" }, "geometry": { "type": "MultiPolygon", "coordinates": [ [ [ [ -45.716366712010256, -12.673793804 ], [ -45.716018492, -12.673793804 ], [ -45.716018492, -12.674153128 ], [ -45.716377816, -12.674153128 ], [ -45.716377816, -12.67380312073878 ], [ -45.716366712010256, -12.673793804 ] ] ] ] } },
{ "type": "Feature", "properties": { "id": 20871, "left": -45.716377815999998, "top": -12.674153128, "right": -45.716018491999996, "bottom": -12.674512452, "centroid_x": -45.716198, "centroid_y": -12.674333, "talhao": "PL LOTE 01" }, "geometry": { "type": "MultiPolygon", "coordinates": [ [ [ [ -45.716377816, -12.674153128 ], [ -45.716018492, -12.674153128 ], [ -45.716018492, -12.674512452 ], [ -45.716377816, -12.674512452 ], [ -45.716377816, -12.674153128 ] ] ] ] } },
{ "type": "Feature", "properties": { "id": 20872, "left": -45.716377815999998, "top": -12.674512452, "right": -45.716018491999996, "bottom": -12.674871776, "centroid_x": -45.716198, "centroid_y": -12.674692, "talhao": "PL LOTE 01" }, "geometry": { "type": "MultiPolygon", "coordinates": [ [ [ [ -45.716377816, -12.674512452 ], [ -45.716018492, -12.674512452 ], [ -45.716018492, -12.674871776 ], [ -45.716377816, -12.674871776 ], [ -45.716377816, -12.674512452 ] ] ] ] } },
{ "type": "Feature", "properties": { "id": 20873, "left": -45.716377815999998, "top": -12.674871776, "right": -45.716018491999996, "bottom": -12.6752311, "centroid_x": -45.716198, "centroid_y": -12.675051, "talhao": "PL LOTE 01" }, "geometry": { "type": "MultiPolygon", "coordinates": [ [ [ [ -45.716377816, -12.674871776 ], [ -45.716018492, -12.674871776 ], [ -45.716018492, -12.6752311 ], [ -45.716377816, -12.6752311 ], [ -45.716377816, -12.674871776 ] ] ] ] } },
{ "type": "Feature", "properties": { "id": 20874, "left": -45.716377815999998, "top": -12.6752311, "right": -45.716018491999996, "bottom": -12.675590424, "centroid_x": -45.716198, "centroid_y": -12.675411, "talhao": "PL LOTE 01" }, "geometry": { "type": "MultiPolygon", "coordinates": [ [ [ [ -45.716377816, -12.6752311 ], [ -45.716018492, -12.6752311 ], [ -45.716018492, -12.675590424 ], [ -45.716377816, -12.675590424 ], [ -45.716377816, -12.6752311 ] ] ] ] } },
{ "type": "Feature", "properties": { "id": 20875, "left": -45.716377815999998, "top": -12.675590424, "right": -45.716018491999996, "bottom": -12.675949748000001, "centroid_x": -45.716198, "centroid_y": -12.67577, "talhao": "PL LOTE 01" }, "geometry": { "type": "MultiPolygon", "coordinates": [ [ [ [ -45.716377816, -12.675590424 ], [ -45.716018492, -12.675590424 ], [ -45.716018492, -12.675949748 ], [ -45.716377816, -12.675949748 ], [ -45.716377816, -12.675590424 ] ] ] ] } },
{ "type": "Feature", "properties": { "id": 20876, "left": -45.716377815999998, "top": -12.675949748000001, "right": -45.716018491999996, "bottom": -12.676309072, "centroid_x": -45.716198, "centroid_y": -12.676129, "talhao": "PL LOTE 01" }, "geometry": { "type": "MultiPolygon", "coordinates": [ [ [ [ -45.716377816, -12.675949748 ], [ -45.716018492, -12.675949748 ], [ -45.716018492, -12.676309072 ], [ -45.716377816, -12.676309072 ], [ -45.716377816, -12.675949748 ] ] ] ] } },
{ "type": "Feature", "properties": { "id": 20877, "left": -45.716377815999998, "top": -12.676309072, "right": -45.716018491999996, "bottom": -12.676668395999998, "centroid_x": -45.716198, "centroid_y": -12.676489, "talhao": "PL LOTE 01" }, "geometry": { "type": "MultiPolygon", "coordinates": [ [ [ [ -45.716377816, -12.676309072 ], [ -45.716018492, -12.676309072 ], [ -45.716018492, -12.676668396 ], [ -45.716377816, -12.676668396 ], [ -45.716377816, -12.676309072 ] ] ] ] } },
{ "type": "Feature", "properties": { "id": 20878, "left": -45.716377815999998, "top": -12.676668396, "right": -45.716018491999996, "bottom": -12.67702772, "centroid_x": -45.716198, "centroid_y": -12.676848, "talhao": "PL LOTE 01" }, "geometry": { "type": "MultiPolygon", "coordinates": [ [ [ [ -45.716377816, -12.676668396 ], [ -45.716018492, -12.676668396 ], [ -45.716018492, -12.67702772 ], [ -45.716377816, -12.67702772 ], [ -45.716377816, -12.676668396 ] ] ] ] } },
{ "type": "Feature", "properties": { "id": 20879, "left": -45.716377815999998, "top": -12.67702772, "right": -45.716018491999996, "bottom": -12.677387044, "centroid_x": -45.716198, "centroid_y": -12.677207, "talhao": "PL LOTE 01" }, "geometry": { "type": "MultiPolygon", "coordinates": [ [ [ [ -45.716377816, -12.67702772 ], [ -45.716018492, -12.67702772 ], [ -45.716018492, -12.677387044 ], [ -45.716377816, -12.677387044 ], [ -45.716377816, -12.67702772 ] ] ] ] } },
{ "type": "Feature", "properties": { "id": 20880, "left": -45.716377815999998, "top": -12.677387044, "right": -45.716018491999996, "bottom": -12.677746368, "centroid_x": -45.716198, "centroid_y": -12.677567, "talhao": "PL LOTE 01" }, "geometry": { "type": "MultiPolygon", "coordinates": [ [ [ [ -45.716377816, -12.677387044 ], [ -45.716018492, -12.677387044 ], [ -45.716018492, -12.677746368 ], [ -45.716377816, -12.677746368 ], [ -45.716377816, -12.677387044 ] ] ] ] } },
{ "type": "Feature", "properties": { "id": 20881, "left": -45.716377815999998, "top": -12.677746368, "right": -45.716018491999996, "bottom": -12.678105692000001, "centroid_x": -45.716198, "centroid_y": -12.677926, "talhao": "PL LOTE 01" }, "geometry": { "type": "MultiPolygon", "coordinates": [ [ [ [ -45.716377816, -12.677746368 ], [ -45.716018492, -12.677746368 ], [ -45.716018492, -12.678105692 ], [ -45.716377816, -12.678105692 ], [ -45.716377816, -12.677746368 ] ] ] ] } },
{ "type": "Feature", "properties": { "id": 20882, "left": -45.716377815999998, "top": -12.678105692000001, "right": -45.716018491999996, "bottom": -12.678465016000001, "centroid_x": -45.716198, "centroid_y": -12.678285, "talhao": "PL LOTE 01" }, "geometry": { "type": "MultiPolygon", "coordinates": [ [ [ [ -45.716377816, -12.678105692 ], [ -45.716018492, -12.678105692 ], [ -45.716018492, -12.678465016 ], [ -45.716377816, -12.678465016 ], [ -45.716377816, -12.678105692 ] ] ] ] } },
{ "type": "Feature", "properties": { "id": 20883, "left": -45.716377815999998, "top": -12.678465016000001, "right": -45.716018491999996, "bottom": -12.67882434, "centroid_x": -45.716198, "centroid_y": -12.678645, "talhao": "PL LOTE 01" }, "geometry": { "type": "MultiPolygon", "coordinates": [ [ [ [ -45.716377816, -12.678465016 ], [ -45.716018492, -12.678465016 ], [ -45.716018492, -12.67882434 ], [ -45.716377816, -12.67882434 ], [ -45.716377816, -12.678465016 ] ] ] ] } },
{ "type": "Feature", "properties": { "id": 20884, "left": -45.716377815999998, "top": -12.67882434, "right": -45.716018491999996, "bottom": -12.679183664, "centroid_x": -45.716198, "centroid_y": -12.679004, "talhao": "PL LOTE 01" }, "geometry": { "type": "MultiPolygon", "coordinates": [ [ [ [ -45.716377816, -12.67882434 ], [ -45.716018492, -12.67882434 ], [ -45.716018492, -12.679183664 ], [ -45.716377816, -12.679183664 ], [ -45.716377816, -12.67882434 ] ] ] ] } },
{ "type": "Feature", "properties": { "id": 20885, "left": -45.716377815999998, "top": -12.679183664, "right": -45.716018491999996, "bottom": -12.679542988, "centroid_x": -45.716198, "centroid_y": -12.679363, "talhao": "PL LOTE 01" }, "geometry": { "type": "MultiPolygon", "coordinates": [ [ [ [ -45.716377816, -12.679183664 ], [ -45.716018492, -12.679183664 ], [ -45.716018492, -12.679542988 ], [ -45.716377816, -12.679542988 ], [ -45.716377816, -12.679183664 ] ] ] ] } },
{ "type": "Feature", "properties": { "id": 20886, "left": -45.716377815999998, "top": -12.679542988, "right": -45.716018491999996, "bottom": -12.679902312, "centroid_x": -45.716198, "centroid_y": -12.679723, "talhao": "PL LOTE 01" }, "geometry": { "type": "MultiPolygon", "coordinates": [ [ [ [ -45.716377816, -12.679542988 ], [ -45.716018492, -12.679542988 ], [ -45.716018492, -12.679902312 ], [ -45.716377816, -12.679902312 ], [ -45.716377816, -12.679542988 ] ] ] ] } },
{ "type": "Feature", "properties": { "id": 20887, "left": -45.716377815999998, "top": -12.679902312, "right": -45.716018491999996, "bottom": -12.680261636, "centroid_x": -45.716198, "centroid_y": -12.680082, "talhao": "PL LOTE 01" }, "geometry": { "type": "MultiPolygon", "coordinates": [ [ [ [ -45.716377816, -12.679902312 ], [ -45.716018492, -12.679902312 ], [ -45.716018492, -12.680261636 ], [ -45.716377816, -12.680261636 ], [ -45.716377816, -12.679902312 ] ] ] ] } },
{ "type": "Feature", "properties": { "id": 20888, "left": -45.716377815999998, "top": -12.680261636, "right": -45.716018491999996, "bottom": -12.68062096, "centroid_x": -45.716198, "centroid_y": -12.680441, "talhao": "PL LOTE 01" }, "geometry": { "type": "MultiPolygon", "coordinates": [ [ [ [ -45.716377816, -12.680261636 ], [ -45.716018492, -12.680261636 ], [ -45.716018492, -12.68062096 ], [ -45.716377816, -12.68062096 ], [ -45.716377816, -12.680261636 ] ] ] ] } },
{ "type": "Feature", "properties": { "id": 20889, "left": -45.716377815999998, "top": -12.68062096, "right": -45.716018491999996, "bottom": -12.680980284, "centroid_x": -45.716198, "centroid_y": -12.680801, "talhao": "PL LOTE 01" }, "geometry": { "type": "MultiPolygon", "coordinates": [ [ [ [ -45.716377816, -12.68062096 ], [ -45.716018492, -12.68062096 ], [ -45.716018492, -12.680980284 ], [ -45.716377816, -12.680980284 ], [ -45.716377816, -12.68062096 ] ] ] ] } },
{ "type": "Feature", "properties": { "id": 20890, "left": -45.716377815999998, "top": -12.680980284, "right": -45.716018491999996, "bottom": -12.681339608, "centroid_x": -45.716198, "centroid_y": -12.68116, "talhao": "PL LOTE 01" }, "geometry": { "type": "MultiPolygon", "coordinates": [ [ [ [ -45.716377816, -12.680980284 ], [ -45.716018492, -12.680980284 ], [ -45.716018492, -12.681339608 ], [ -45.716377816, -12.681339608 ], [ -45.716377816, -12.680980284 ] ] ] ] } },
{ "type": "Feature", "properties": { "id": 20891, "left": -45.716377815999998, "top": -12.681339608, "right": -45.716018491999996, "bottom": -12.681698932, "centroid_x": -45.716198, "centroid_y": -12.681519, "talhao": "PL LOTE 01" }, "geometry": { "type": "MultiPolygon", "coordinates": [ [ [ [ -45.716377816, -12.681339608 ], [ -45.716018492, -12.681339608 ], [ -45.716018492, -12.681698932 ], [ -45.716377816, -12.681698932 ], [ -45.716377816, -12.681339608 ] ] ] ] } },
{ "type": "Feature", "properties": { "id": 20892, "left": -45.716377815999998, "top": -12.681698932, "right": -45.716018491999996, "bottom": -12.682058256, "centroid_x": -45.716198, "centroid_y": -12.681879, "talhao": "PL LOTE 01" }, "geometry": { "type": "MultiPolygon", "coordinates": [ [ [ [ -45.716377816, -12.681698932 ], [ -45.716018492, -12.681698932 ], [ -45.716018492, -12.682058256 ], [ -45.716377816, -12.682058256 ], [ -45.716377816, -12.681698932 ] ] ] ] } },
{ "type": "Feature", "properties": { "id": 20893, "left": -45.716377815999998, "top": -12.682058256, "right": -45.716018491999996, "bottom": -12.68241758, "centroid_x": -45.716198, "centroid_y": -12.682238, "talhao": "PL LOTE 01" }, "geometry": { "type": "MultiPolygon", "coordinates": [ [ [ [ -45.716377816, -12.682058256 ], [ -45.716018492, -12.682058256 ], [ -45.716018492, -12.68241758 ], [ -45.716377816, -12.68241758 ], [ -45.716377816, -12.682058256 ] ] ] ] } },
{ "type": "Feature", "properties": { "id": 20894, "left": -45.716377815999998, "top": -12.68241758, "right": -45.716018491999996, "bottom": -12.682776904000001, "centroid_x": -45.716198, "centroid_y": -12.682597, "talhao": "PL LOTE 01" }, "geometry": { "type": "MultiPolygon", "coordinates": [ [ [ [ -45.716377816, -12.68241758 ], [ -45.716018492, -12.68241758 ], [ -45.716018492, -12.682776904 ], [ -45.716377816, -12.682776904 ], [ -45.716377816, -12.68241758 ] ] ] ] } },
{ "type": "Feature", "properties": { "id": 20895, "left": -45.716377815999998, "top": -12.682776904000001, "right": -45.716018491999996, "bottom": -12.683136228, "centroid_x": -45.716198, "centroid_y": -12.682957, "talhao": "PL LOTE 01" }, "geometry": { "type": "MultiPolygon", "coordinates": [ [ [ [ -45.716377816, -12.682776904 ], [ -45.716018492, -12.682776904 ], [ -45.716018492, -12.683136228 ], [ -45.716377816, -12.683136228 ], [ -45.716377816, -12.682776904 ] ] ] ] } },
{ "type": "Feature", "properties": { "id": 20896, "left": -45.716377815999998, "top": -12.683136228, "right": -45.716018491999996, "bottom": -12.683495551999998, "centroid_x": -45.716198, "centroid_y": -12.683316, "talhao": "PL LOTE 01" }, "geometry": { "type": "MultiPolygon", "coordinates": [ [ [ [ -45.716377816, -12.683136228 ], [ -45.716018492, -12.683136228 ], [ -45.716018492, -12.683495552 ], [ -45.716377816, -12.683495552 ], [ -45.716377816, -12.683136228 ] ] ] ] } },
{ "type": "Feature", "properties": { "id": 20897, "left": -45.716377815999998, "top": -12.683495552, "right": -45.716018491999996, "bottom": -12.683854876, "centroid_x": -45.716198, "centroid_y": -12.683675, "talhao": "PL LOTE 01" }, "geometry": { "type": "MultiPolygon", "coordinates": [ [ [ [ -45.716377816, -12.683495552 ], [ -45.716018492, -12.683495552 ], [ -45.716018492, -12.683854876 ], [ -45.716377816, -12.683854876 ], [ -45.716377816, -12.683495552 ] ] ] ] } },
{ "type": "Feature", "properties": { "id": 20898, "left": -45.716377815999998, "top": -12.683854876, "right": -45.716018491999996, "bottom": -12.6842142, "centroid_x": -45.716172, "centroid_y": -12.684007, "talhao": "PL LOTE 01" }, "geometry": { "type": "MultiPolygon", "coordinates": [ [ [ [ -45.716154, -12.684198 ], [ -45.716264, -12.684099 ], [ -45.716377816, -12.683984856942532 ], [ -45.716377816, -12.683854876 ], [ -45.716018492, -12.683854876 ], [ -45.716018492, -12.6842142 ], [ -45.716140535064937, -12.6842142 ], [ -45.716154, -12.684198 ] ] ] ] } },
{ "type": "Feature", "properties": { "id": 20899, "left": -45.716377815999998, "top": -12.6842142, "right": -45.716018491999996, "bottom": -12.684573524, "centroid_x": -45.71606, "centroid_y": -12.684259, "talhao": "PL LOTE 01" }, "geometry": { "type": "MultiPolygon", "coordinates": [ [ [ [ -45.71609, -12.684275 ], [ -45.716140535064937, -12.6842142 ], [ -45.716018492, -12.6842142 ], [ -45.716018492, -12.68434521373756 ], [ -45.71609, -12.684275 ] ] ] ] } },
{ "type": "Feature", "properties": { "id": 20921, "left": -45.716018492000003, "top": -12.673075156, "right": -45.715659168000002, "bottom": -12.67343448, "centroid_x": -45.715752, "centroid_y": -12.673356, "talhao": "PL LOTE 01" }, "geometry": { "type": "MultiPolygon", "coordinates": [ [ [ [ -45.715659168, -12.673200143264291 ], [ -45.715659168, -12.67343448 ], [ -45.715938458078931, -12.67343448 ], [ -45.715659168, -12.673200143264291 ] ] ] ] } },
{ "type": "Feature", "properties": { "id": 20922, "left": -45.716018492000003, "top": -12.67343448, "right": -45.715659168000002, "bottom": -12.673793804000001, "centroid_x": -45.715836, "centroid_y": -12.673617, "talhao": "PL LOTE 01" }, "geometry": { "type": "MultiPolygon", "coordinates": [ [ [ [ -45.715938458078931, -12.67343448 ], [ -45.715659168, -12.67343448 ], [ -45.715659168, -12.673793804 ], [ -45.716018492, -12.673793804 ], [ -45.716018492, -12.673501632001539 ], [ -45.715938458078931, -12.67343448 ] ] ] ] } },
{ "type": "Feature", "properties": { "id": 20923, "left": -45.716018492000003, "top": -12.673793804000001, "right": -45.715659168000002, "bottom": -12.674153128, "centroid_x": -45.715839, "centroid_y": -12.673973, "talhao": "PL LOTE 01" }, "geometry": { "type": "MultiPolygon", "coordinates": [ [ [ [ -45.716018492, -12.673793804 ], [ -45.715659168, -12.673793804 ], [ -45.715659168, -12.674153128 ], [ -45.716018492, -12.674153128 ], [ -45.716018492, -12.673793804 ] ] ] ] } },
{ "type": "Feature", "properties": { "id": 20924, "left": -45.716018492000003, "top": -12.674153128, "right": -45.715659168000002, "bottom": -12.674512452, "centroid_x": -45.715839, "centroid_y": -12.674333, "talhao": "PL LOTE 01" }, "geometry": { "type": "MultiPolygon", "coordinates": [ [ [ [ -45.716018492, -12.674153128 ], [ -45.715659168, -12.674153128 ], [ -45.715659168, -12.674512452 ], [ -45.716018492, -12.674512452 ], [ -45.716018492, -12.674153128 ] ] ] ] } },
{ "type": "Feature", "properties": { "id": 20925, "left": -45.716018492000003, "top": -12.674512452, "right": -45.715659168000002, "bottom": -12.674871776, "centroid_x": -45.715839, "centroid_y": -12.674692, "talhao": "PL LOTE 01" }, "geometry": { "type": "MultiPolygon", "coordinates": [ [ [ [ -45.716018492, -12.674512452 ], [ -45.715659168, -12.674512452 ], [ -45.715659168, -12.674871776 ], [ -45.716018492, -12.674871776 ], [ -45.716018492, -12.674512452 ] ] ] ] } },
{ "type": "Feature", "properties": { "id": 20926, "left": -45.716018492000003, "top": -12.674871776, "right": -45.715659168000002, "bottom": -12.6752311, "centroid_x": -45.715839, "centroid_y": -12.675051, "talhao": "PL LOTE 01" }, "geometry": { "type": "MultiPolygon", "coordinates": [ [ [ [ -45.716018492, -12.674871776 ], [ -45.715659168, -12.674871776 ], [ -45.715659168, -12.6752311 ], [ -45.716018492, -12.6752311 ], [ -45.716018492, -12.674871776 ] ] ] ] } },
{ "type": "Feature", "properties": { "id": 20927, "left": -45.716018492000003, "top": -12.6752311, "right": -45.715659168000002, "bottom": -12.675590424, "centroid_x": -45.715839, "centroid_y": -12.675411, "talhao": "PL LOTE 01" }, "geometry": { "type": "MultiPolygon", "coordinates": [ [ [ [ -45.716018492, -12.6752311 ], [ -45.715659168, -12.6752311 ], [ -45.715659168, -12.675590424 ], [ -45.716018492, -12.675590424 ], [ -45.716018492, -12.6752311 ] ] ] ] } },
{ "type": "Feature", "properties": { "id": 20928, "left": -45.716018492000003, "top": -12.675590424, "right": -45.715659168000002, "bottom": -12.675949748000001, "centroid_x": -45.715839, "centroid_y": -12.67577, "talhao": "PL LOTE 01" }, "geometry": { "type": "MultiPolygon", "coordinates": [ [ [ [ -45.716018492, -12.675590424 ], [ -45.715659168, -12.675590424 ], [ -45.715659168, -12.675949748 ], [ -45.716018492, -12.675949748 ], [ -45.716018492, -12.675590424 ] ] ] ] } },
{ "type": "Feature", "properties": { "id": 20929, "left": -45.716018492000003, "top": -12.675949748000001, "right": -45.715659168000002, "bottom": -12.676309072, "centroid_x": -45.715839, "centroid_y": -12.676129, "talhao": "PL LOTE 01" }, "geometry": { "type": "MultiPolygon", "coordinates": [ [ [ [ -45.716018492, -12.675949748 ], [ -45.715659168, -12.675949748 ], [ -45.715659168, -12.676309072 ], [ -45.716018492, -12.676309072 ], [ -45.716018492, -12.675949748 ] ] ] ] } },
{ "type": "Feature", "properties": { "id": 20930, "left": -45.716018492000003, "top": -12.676309072, "right": -45.715659168000002, "bottom": -12.676668395999998, "centroid_x": -45.715839, "centroid_y": -12.676489, "talhao": "PL LOTE 01" }, "geometry": { "type": "MultiPolygon", "coordinates": [ [ [ [ -45.716018492, -12.676309072 ], [ -45.715659168, -12.676309072 ], [ -45.715659168, -12.676668396 ], [ -45.716018492, -12.676668396 ], [ -45.716018492, -12.676309072 ] ] ] ] } },
{ "type": "Feature", "properties": { "id": 20931, "left": -45.716018492000003, "top": -12.676668396, "right": -45.715659168000002, "bottom": -12.67702772, "centroid_x": -45.715839, "centroid_y": -12.676848, "talhao": "PL LOTE 01" }, "geometry": { "type": "MultiPolygon", "coordinates": [ [ [ [ -45.716018492, -12.676668396 ], [ -45.715659168, -12.676668396 ], [ -45.715659168, -12.67702772 ], [ -45.716018492, -12.67702772 ], [ -45.716018492, -12.676668396 ] ] ] ] } },
{ "type": "Feature", "properties": { "id": 20932, "left": -45.716018492000003, "top": -12.67702772, "right": -45.715659168000002, "bottom": -12.677387044, "centroid_x": -45.715839, "centroid_y": -12.677207, "talhao": "PL LOTE 01" }, "geometry": { "type": "MultiPolygon", "coordinates": [ [ [ [ -45.716018492, -12.67702772 ], [ -45.715659168, -12.67702772 ], [ -45.715659168, -12.677387044 ], [ -45.716018492, -12.677387044 ], [ -45.716018492, -12.67702772 ] ] ] ] } },
{ "type": "Feature", "properties": { "id": 20933, "left": -45.716018492000003, "top": -12.677387044, "right": -45.715659168000002, "bottom": -12.677746368, "centroid_x": -45.715839, "centroid_y": -12.677567, "talhao": "PL LOTE 01" }, "geometry": { "type": "MultiPolygon", "coordinates": [ [ [ [ -45.716018492, -12.677387044 ], [ -45.715659168, -12.677387044 ], [ -45.715659168, -12.677746368 ], [ -45.716018492, -12.677746368 ], [ -45.716018492, -12.677387044 ] ] ] ] } },
{ "type": "Feature", "properties": { "id": 20934, "left": -45.716018492000003, "top": -12.677746368, "right": -45.715659168000002, "bottom": -12.678105692000001, "centroid_x": -45.715839, "centroid_y": -12.677926, "talhao": "PL LOTE 01" }, "geometry": { "type": "MultiPolygon", "coordinates": [ [ [ [ -45.716018492, -12.677746368 ], [ -45.715659168, -12.677746368 ], [ -45.715659168, -12.678105692 ], [ -45.716018492, -12.678105692 ], [ -45.716018492, -12.677746368 ] ] ] ] } },
{ "type": "Feature", "properties": { "id": 20935, "left": -45.716018492000003, "top": -12.678105692000001, "right": -45.715659168000002, "bottom": -12.678465016000001, "centroid_x": -45.715839, "centroid_y": -12.678285, "talhao": "PL LOTE 01" }, "geometry": { "type": "MultiPolygon", "coordinates": [ [ [ [ -45.716018492, -12.678105692 ], [ -45.715659168, -12.678105692 ], [ -45.715659168, -12.678465016 ], [ -45.716018492, -12.678465016 ], [ -45.716018492, -12.678105692 ] ] ] ] } },
{ "type": "Feature", "properties": { "id": 20936, "left": -45.716018492000003, "top": -12.678465016000001, "right": -45.715659168000002, "bottom": -12.67882434, "centroid_x": -45.715839, "centroid_y": -12.678645, "talhao": "PL LOTE 01" }, "geometry": { "type": "MultiPolygon", "coordinates": [ [ [ [ -45.716018492, -12.678465016 ], [ -45.715659168, -12.678465016 ], [ -45.715659168, -12.67882434 ], [ -45.716018492, -12.67882434 ], [ -45.716018492, -12.678465016 ] ] ] ] } },
{ "type": "Feature", "properties": { "id": 20937, "left": -45.716018492000003, "top": -12.67882434, "right": -45.715659168000002, "bottom": -12.679183664, "centroid_x": -45.715839, "centroid_y": -12.679004, "talhao": "PL LOTE 01" }, "geometry": { "type": "MultiPolygon", "coordinates": [ [ [ [ -45.716018492, -12.67882434 ], [ -45.715659168, -12.67882434 ], [ -45.715659168, -12.679183664 ], [ -45.716018492, -12.679183664 ], [ -45.716018492, -12.67882434 ] ] ] ] } },
{ "type": "Feature", "properties": { "id": 20938, "left": -45.716018492000003, "top": -12.679183664, "right": -45.715659168000002, "bottom": -12.679542988, "centroid_x": -45.715839, "centroid_y": -12.679363, "talhao": "PL LOTE 01" }, "geometry": { "type": "MultiPolygon", "coordinates": [ [ [ [ -45.716018492, -12.679183664 ], [ -45.715659168, -12.679183664 ], [ -45.715659168, -12.679542988 ], [ -45.716018492, -12.679542988 ], [ -45.716018492, -12.679183664 ] ] ] ] } },
{ "type": "Feature", "properties": { "id": 20939, "left": -45.716018492000003, "top": -12.679542988, "right": -45.715659168000002, "bottom": -12.679902312, "centroid_x": -45.715839, "centroid_y": -12.679723, "talhao": "PL LOTE 01" }, "geometry": { "type": "MultiPolygon", "coordinates": [ [ [ [ -45.716018492, -12.679542988 ], [ -45.715659168, -12.679542988 ], [ -45.715659168, -12.679902312 ], [ -45.716018492, -12.679902312 ], [ -45.716018492, -12.679542988 ] ] ] ] } },
{ "type": "Feature", "properties": { "id": 20940, "left": -45.716018492000003, "top": -12.679902312, "right": -45.715659168000002, "bottom": -12.680261636, "centroid_x": -45.715839, "centroid_y": -12.680082, "talhao": "PL LOTE 01" }, "geometry": { "type": "MultiPolygon", "coordinates": [ [ [ [ -45.716018492, -12.679902312 ], [ -45.715659168, -12.679902312 ], [ -45.715659168, -12.680261636 ], [ -45.716018492, -12.680261636 ], [ -45.716018492, -12.679902312 ] ] ] ] } },
{ "type": "Feature", "properties": { "id": 20941, "left": -45.716018492000003, "top": -12.680261636, "right": -45.715659168000002, "bottom": -12.68062096, "centroid_x": -45.715839, "centroid_y": -12.680441, "talhao": "PL LOTE 01" }, "geometry": { "type": "MultiPolygon", "coordinates": [ [ [ [ -45.716018492, -12.680261636 ], [ -45.715659168, -12.680261636 ], [ -45.715659168, -12.68062096 ], [ -45.716018492, -12.68062096 ], [ -45.716018492, -12.680261636 ] ] ] ] } },
{ "type": "Feature", "properties": { "id": 20942, "left": -45.716018492000003, "top": -12.68062096, "right": -45.715659168000002, "bottom": -12.680980284, "centroid_x": -45.715839, "centroid_y": -12.680801, "talhao": "PL LOTE 01" }, "geometry": { "type": "MultiPolygon", "coordinates": [ [ [ [ -45.716018492, -12.68062096 ], [ -45.715659168, -12.68062096 ], [ -45.715659168, -12.680980284 ], [ -45.716018492, -12.680980284 ], [ -45.716018492, -12.68062096 ] ] ] ] } },
{ "type": "Feature", "properties": { "id": 20943, "left": -45.716018492000003, "top": -12.680980284, "right": -45.715659168000002, "bottom": -12.681339608, "centroid_x": -45.715839, "centroid_y": -12.68116, "talhao": "PL LOTE 01" }, "geometry": { "type": "MultiPolygon", "coordinates": [ [ [ [ -45.716018492, -12.680980284 ], [ -45.715659168, -12.680980284 ], [ -45.715659168, -12.681339608 ], [ -45.716018492, -12.681339608 ], [ -45.716018492, -12.680980284 ] ] ] ] } },
{ "type": "Feature", "properties": { "id": 20944, "left": -45.716018492000003, "top": -12.681339608, "right": -45.715659168000002, "bottom": -12.681698932, "centroid_x": -45.715839, "centroid_y": -12.681519, "talhao": "PL LOTE 01" }, "geometry": { "type": "MultiPolygon", "coordinates": [ [ [ [ -45.716018492, -12.681339608 ], [ -45.715659168, -12.681339608 ], [ -45.715659168, -12.681698932 ], [ -45.716018492, -12.681698932 ], [ -45.716018492, -12.681339608 ] ] ] ] } },
{ "type": "Feature", "properties": { "id": 20945, "left": -45.716018492000003, "top": -12.681698932, "right": -45.715659168000002, "bottom": -12.682058256, "centroid_x": -45.715839, "centroid_y": -12.681879, "talhao": "PL LOTE 01" }, "geometry": { "type": "MultiPolygon", "coordinates": [ [ [ [ -45.716018492, -12.681698932 ], [ -45.715659168, -12.681698932 ], [ -45.715659168, -12.682058256 ], [ -45.716018492, -12.682058256 ], [ -45.716018492, -12.681698932 ] ] ] ] } },
{ "type": "Feature", "properties": { "id": 20946, "left": -45.716018492000003, "top": -12.682058256, "right": -45.715659168000002, "bottom": -12.68241758, "centroid_x": -45.715839, "centroid_y": -12.682238, "talhao": "PL LOTE 01" }, "geometry": { "type": "MultiPolygon", "coordinates": [ [ [ [ -45.716018492, -12.682058256 ], [ -45.715659168, -12.682058256 ], [ -45.715659168, -12.68241758 ], [ -45.716018492, -12.68241758 ], [ -45.716018492, -12.682058256 ] ] ] ] } },
{ "type": "Feature", "properties": { "id": 20947, "left": -45.716018492000003, "top": -12.68241758, "right": -45.715659168000002, "bottom": -12.682776904000001, "centroid_x": -45.715839, "centroid_y": -12.682597, "talhao": "PL LOTE 01" }, "geometry": { "type": "MultiPolygon", "coordinates": [ [ [ [ -45.716018492, -12.68241758 ], [ -45.715659168, -12.68241758 ], [ -45.715659168, -12.682776904 ], [ -45.716018492, -12.682776904 ], [ -45.716018492, -12.68241758 ] ] ] ] } },
{ "type": "Feature", "properties": { "id": 20948, "left": -45.716018492000003, "top": -12.682776904000001, "right": -45.715659168000002, "bottom": -12.683136228, "centroid_x": -45.715839, "centroid_y": -12.682957, "talhao": "PL LOTE 01" }, "geometry": { "type": "MultiPolygon", "coordinates": [ [ [ [ -45.716018492, -12.682776904 ], [ -45.715659168, -12.682776904 ], [ -45.715659168, -12.683136228 ], [ -45.716018492, -12.683136228 ], [ -45.716018492, -12.682776904 ] ] ] ] } },
{ "type": "Feature", "properties": { "id": 20949, "left": -45.716018492000003, "top": -12.683136228, "right": -45.715659168000002, "bottom": -12.683495551999998, "centroid_x": -45.715839, "centroid_y": -12.683316, "talhao": "PL LOTE 01" }, "geometry": { "type": "MultiPolygon", "coordinates": [ [ [ [ -45.716018492, -12.683136228 ], [ -45.715659168, -12.683136228 ], [ -45.715659168, -12.683495552 ], [ -45.716018492, -12.683495552 ], [ -45.716018492, -12.683136228 ] ] ] ] } },
{ "type": "Feature", "properties": { "id": 20950, "left": -45.716018492000003, "top": -12.683495552, "right": -45.715659168000002, "bottom": -12.683854876, "centroid_x": -45.715839, "centroid_y": -12.683675, "talhao": "PL LOTE 01" }, "geometry": { "type": "MultiPolygon", "coordinates": [ [ [ [ -45.716018492, -12.683495552 ], [ -45.715659168, -12.683495552 ], [ -45.715659168, -12.683854876 ], [ -45.716018492, -12.683854876 ], [ -45.716018492, -12.683495552 ] ] ] ] } },
{ "type": "Feature", "properties": { "id": 20951, "left": -45.716018492000003, "top": -12.683854876, "right": -45.715659168000002, "bottom": -12.6842142, "centroid_x": -45.715839, "centroid_y": -12.684035, "talhao": "PL LOTE 01" }, "geometry": { "type": "MultiPolygon", "coordinates": [ [ [ [ -45.716018492, -12.683854876 ], [ -45.715659168, -12.683854876 ], [ -45.715659168, -12.6842142 ], [ -45.716018492, -12.6842142 ], [ -45.716018492, -12.683854876 ] ] ] ] } },
{ "type": "Feature", "properties": { "id": 20952, "left": -45.716018492000003, "top": -12.6842142, "right": -45.715659168000002, "bottom": -12.684573524, "centroid_x": -45.715812, "centroid_y": -12.684366, "talhao": "PL LOTE 01" }, "geometry": { "type": "MultiPolygon", "coordinates": [ [ [ [ -45.715801, -12.684548 ], [ -45.715869, -12.684492 ], [ -45.716018492, -12.684345213737553 ], [ -45.716018492, -12.6842142 ], [ -45.715659168, -12.6842142 ], [ -45.715659168, -12.684573524 ], [ -45.715766360285713, -12.684573524 ], [ -45.715801, -12.684548 ] ] ] ] } },
{ "type": "Feature", "properties": { "id": 20953, "left": -45.716018492000003, "top": -12.684573524, "right": -45.715659168000002, "bottom": -12.684932848000001, "centroid_x": -45.715695, "centroid_y": -12.6846, "talhao": "PL LOTE 01" }, "geometry": { "type": "MultiPolygon", "coordinates": [ [ [ [ -45.715766360285713, -12.684573524 ], [ -45.715659168, -12.684573524 ], [ -45.715659168, -12.684652507789471 ], [ -45.715766360285713, -12.684573524 ] ] ] ] } },
{ "type": "Feature", "properties": { "id": 20973, "left": -45.715659168000002, "top": -12.672715832, "right": -45.715299844, "bottom": -12.673075156, "centroid_x": -45.71537, "centroid_y": -12.673016, "talhao": "PL LOTE 01" }, "geometry": { "type": "MultiPolygon", "coordinates": [ [ [ [ -45.715299844, -12.672898654527044 ], [ -45.715299844, -12.673075156 ], [ -45.715510204147606, -12.673075156 ], [ -45.715299844, -12.672898654527044 ] ] ] ] } },
{ "type": "Feature", "properties": { "id": 20974, "left": -45.715659168000002, "top": -12.673075156, "right": -45.715299844, "bottom": -12.67343448, "centroid_x": -45.715469, "centroid_y": -12.673266, "talhao": "PL LOTE 01" }, "geometry": { "type": "MultiPolygon", "coordinates": [ [ [ [ -45.715510204147606, -12.673075156 ], [ -45.715299844, -12.673075156 ], [ -45.715299844, -12.67343448 ], [ -45.715659168, -12.67343448 ], [ -45.715659168, -12.673200143264291 ], [ -45.715510204147606, -12.673075156 ] ] ] ] } },
{ "type": "Feature", "properties": { "id": 20975, "left": -45.715659168000002, "top": -12.67343448, "right": -45.715299844, "bottom": -12.673793804000001, "centroid_x": -45.71548, "centroid_y": -12.673614, "talhao": "PL LOTE 01" }, "geometry": { "type": "MultiPolygon", "coordinates": [ [ [ [ -45.715659168, -12.67343448 ], [ -45.715299844, -12.67343448 ], [ -45.715299844, -12.673793804 ], [ -45.715659168, -12.673793804 ], [ -45.715659168, -12.67343448 ] ] ] ] } },
{ "type": "Feature", "properties": { "id": 20976, "left": -45.715659168000002, "top": -12.673793804000001, "right": -45.715299844, "bottom": -12.674153128, "centroid_x": -45.71548, "centroid_y": -12.673973, "talhao": "PL LOTE 01" }, "geometry": { "type": "MultiPolygon", "coordinates": [ [ [ [ -45.715659168, -12.673793804 ], [ -45.715299844, -12.673793804 ], [ -45.715299844, -12.674153128 ], [ -45.715659168, -12.674153128 ], [ -45.715659168, -12.673793804 ] ] ] ] } },
{ "type": "Feature", "properties": { "id": 20977, "left": -45.715659168000002, "top": -12.674153128, "right": -45.715299844, "bottom": -12.674512452, "centroid_x": -45.71548, "centroid_y": -12.674333, "talhao": "PL LOTE 01" }, "geometry": { "type": "MultiPolygon", "coordinates": [ [ [ [ -45.715659168, -12.674153128 ], [ -45.715299844, -12.674153128 ], [ -45.715299844, -12.674512452 ], [ -45.715659168, -12.674512452 ], [ -45.715659168, -12.674153128 ] ] ] ] } },
{ "type": "Feature", "properties": { "id": 20978, "left": -45.715659168000002, "top": -12.674512452, "right": -45.715299844, "bottom": -12.674871776, "centroid_x": -45.71548, "centroid_y": -12.674692, "talhao": "PL LOTE 01" }, "geometry": { "type": "MultiPolygon", "coordinates": [ [ [ [ -45.715659168, -12.674512452 ], [ -45.715299844, -12.674512452 ], [ -45.715299844, -12.674871776 ], [ -45.715659168, -12.674871776 ], [ -45.715659168, -12.674512452 ] ] ] ] } },
{ "type": "Feature", "properties": { "id": 20979, "left": -45.715659168000002, "top": -12.674871776, "right": -45.715299844, "bottom": -12.6752311, "centroid_x": -45.71548, "centroid_y": -12.675051, "talhao": "PL LOTE 01" }, "geometry": { "type": "MultiPolygon", "coordinates": [ [ [ [ -45.715659168, -12.674871776 ], [ -45.715299844, -12.674871776 ], [ -45.715299844, -12.6752311 ], [ -45.715659168, -12.6752311 ], [ -45.715659168, -12.674871776 ] ] ] ] } },
{ "type": "Feature", "properties": { "id": 20980, "left": -45.715659168000002, "top": -12.6752311, "right": -45.715299844, "bottom": -12.675590424, "centroid_x": -45.71548, "centroid_y": -12.675411, "talhao": "PL LOTE 01" }, "geometry": { "type": "MultiPolygon", "coordinates": [ [ [ [ -45.715659168, -12.6752311 ], [ -45.715299844, -12.6752311 ], [ -45.715299844, -12.675590424 ], [ -45.715659168, -12.675590424 ], [ -45.715659168, -12.6752311 ] ] ] ] } },
{ "type": "Feature", "properties": { "id": 20981, "left": -45.715659168000002, "top": -12.675590424, "right": -45.715299844, "bottom": -12.675949748000001, "centroid_x": -45.71548, "centroid_y": -12.67577, "talhao": "PL LOTE 01" }, "geometry": { "type": "MultiPolygon", "coordinates": [ [ [ [ -45.715659168, -12.675590424 ], [ -45.715299844, -12.675590424 ], [ -45.715299844, -12.675949748 ], [ -45.715659168, -12.675949748 ], [ -45.715659168, -12.675590424 ] ] ] ] } },
{ "type": "Feature", "properties": { "id": 20982, "left": -45.715659168000002, "top": -12.675949748000001, "right": -45.715299844, "bottom": -12.676309072, "centroid_x": -45.71548, "centroid_y": -12.676129, "talhao": "PL LOTE 01" }, "geometry": { "type": "MultiPolygon", "coordinates": [ [ [ [ -45.715659168, -12.675949748 ], [ -45.715299844, -12.675949748 ], [ -45.715299844, -12.676309072 ], [ -45.715659168, -12.676309072 ], [ -45.715659168, -12.675949748 ] ] ] ] } },
{ "type": "Feature", "properties": { "id": 20983, "left": -45.715659168000002, "top": -12.676309072, "right": -45.715299844, "bottom": -12.676668395999998, "centroid_x": -45.71548, "centroid_y": -12.676489, "talhao": "PL LOTE 01" }, "geometry": { "type": "MultiPolygon", "coordinates": [ [ [ [ -45.715659168, -12.676309072 ], [ -45.715299844, -12.676309072 ], [ -45.715299844, -12.676668396 ], [ -45.715659168, -12.676668396 ], [ -45.715659168, -12.676309072 ] ] ] ] } },
{ "type": "Feature", "properties": { "id": 20984, "left": -45.715659168000002, "top": -12.676668396, "right": -45.715299844, "bottom": -12.67702772, "centroid_x": -45.71548, "centroid_y": -12.676848, "talhao": "PL LOTE 01" }, "geometry": { "type": "MultiPolygon", "coordinates": [ [ [ [ -45.715659168, -12.676668396 ], [ -45.715299844, -12.676668396 ], [ -45.715299844, -12.67702772 ], [ -45.715659168, -12.67702772 ], [ -45.715659168, -12.676668396 ] ] ] ] } },
{ "type": "Feature", "properties": { "id": 20985, "left": -45.715659168000002, "top": -12.67702772, "right": -45.715299844, "bottom": -12.677387044, "centroid_x": -45.71548, "centroid_y": -12.677207, "talhao": "PL LOTE 01" }, "geometry": { "type": "MultiPolygon", "coordinates": [ [ [ [ -45.715659168, -12.67702772 ], [ -45.715299844, -12.67702772 ], [ -45.715299844, -12.677387044 ], [ -45.715659168, -12.677387044 ], [ -45.715659168, -12.67702772 ] ] ] ] } },
{ "type": "Feature", "properties": { "id": 20986, "left": -45.715659168000002, "top": -12.677387044, "right": -45.715299844, "bottom": -12.677746368, "centroid_x": -45.71548, "centroid_y": -12.677567, "talhao": "PL LOTE 01" }, "geometry": { "type": "MultiPolygon", "coordinates": [ [ [ [ -45.715659168, -12.677387044 ], [ -45.715299844, -12.677387044 ], [ -45.715299844, -12.677746368 ], [ -45.715659168, -12.677746368 ], [ -45.715659168, -12.677387044 ] ] ] ] } },
{ "type": "Feature", "properties": { "id": 20987, "left": -45.715659168000002, "top": -12.677746368, "right": -45.715299844, "bottom": -12.678105692000001, "centroid_x": -45.71548, "centroid_y": -12.677926, "talhao": "PL LOTE 01" }, "geometry": { "type": "MultiPolygon", "coordinates": [ [ [ [ -45.715659168, -12.677746368 ], [ -45.715299844, -12.677746368 ], [ -45.715299844, -12.678105692 ], [ -45.715659168, -12.678105692 ], [ -45.715659168, -12.677746368 ] ] ] ] } },
{ "type": "Feature", "properties": { "id": 20988, "left": -45.715659168000002, "top": -12.678105692000001, "right": -45.715299844, "bottom": -12.678465016000001, "centroid_x": -45.71548, "centroid_y": -12.678285, "talhao": "PL LOTE 01" }, "geometry": { "type": "MultiPolygon", "coordinates": [ [ [ [ -45.715659168, -12.678105692 ], [ -45.715299844, -12.678105692 ], [ -45.715299844, -12.678465016 ], [ -45.715659168, -12.678465016 ], [ -45.715659168, -12.678105692 ] ] ] ] } },
{ "type": "Feature", "properties": { "id": 20989, "left": -45.715659168000002, "top": -12.678465016000001, "right": -45.715299844, "bottom": -12.67882434, "centroid_x": -45.71548, "centroid_y": -12.678645, "talhao": "PL LOTE 01" }, "geometry": { "type": "MultiPolygon", "coordinates": [ [ [ [ -45.715659168, -12.678465016 ], [ -45.715299844, -12.678465016 ], [ -45.715299844, -12.67882434 ], [ -45.715659168, -12.67882434 ], [ -45.715659168, -12.678465016 ] ] ] ] } },
{ "type": "Feature", "properties": { "id": 20990, "left": -45.715659168000002, "top": -12.67882434, "right": -45.715299844, "bottom": -12.679183664, "centroid_x": -45.71548, "centroid_y": -12.679004, "talhao": "PL LOTE 01" }, "geometry": { "type": "MultiPolygon", "coordinates": [ [ [ [ -45.715659168, -12.67882434 ], [ -45.715299844, -12.67882434 ], [ -45.715299844, -12.679183664 ], [ -45.715659168, -12.679183664 ], [ -45.715659168, -12.67882434 ] ] ] ] } },
{ "type": "Feature", "properties": { "id": 20991, "left": -45.715659168000002, "top": -12.679183664, "right": -45.715299844, "bottom": -12.679542988, "centroid_x": -45.71548, "centroid_y": -12.679363, "talhao": "PL LOTE 01" }, "geometry": { "type": "MultiPolygon", "coordinates": [ [ [ [ -45.715659168, -12.679183664 ], [ -45.715299844, -12.679183664 ], [ -45.715299844, -12.679542988 ], [ -45.715659168, -12.679542988 ], [ -45.715659168, -12.679183664 ] ] ] ] } },
{ "type": "Feature", "properties": { "id": 20992, "left": -45.715659168000002, "top": -12.679542988, "right": -45.715299844, "bottom": -12.679902312, "centroid_x": -45.71548, "centroid_y": -12.679723, "talhao": "PL LOTE 01" }, "geometry": { "type": "MultiPolygon", "coordinates": [ [ [ [ -45.715659168, -12.679542988 ], [ -45.715299844, -12.679542988 ], [ -45.715299844, -12.679902312 ], [ -45.715659168, -12.679902312 ], [ -45.715659168, -12.679542988 ] ] ] ] } },
{ "type": "Feature", "properties": { "id": 20993, "left": -45.715659168000002, "top": -12.679902312, "right": -45.715299844, "bottom": -12.680261636, "centroid_x": -45.71548, "centroid_y": -12.680082, "talhao": "PL LOTE 01" }, "geometry": { "type": "MultiPolygon", "coordinates": [ [ [ [ -45.715659168, -12.679902312 ], [ -45.715299844, -12.679902312 ], [ -45.715299844, -12.680261636 ], [ -45.715659168, -12.680261636 ], [ -45.715659168, -12.679902312 ] ] ] ] } },
{ "type": "Feature", "properties": { "id": 20994, "left": -45.715659168000002, "top": -12.680261636, "right": -45.715299844, "bottom": -12.68062096, "centroid_x": -45.71548, "centroid_y": -12.680441, "talhao": "PL LOTE 01" }, "geometry": { "type": "MultiPolygon", "coordinates": [ [ [ [ -45.715659168, -12.680261636 ], [ -45.715299844, -12.680261636 ], [ -45.715299844, -12.68062096 ], [ -45.715659168, -12.68062096 ], [ -45.715659168, -12.680261636 ] ] ] ] } },
{ "type": "Feature", "properties": { "id": 20995, "left": -45.715659168000002, "top": -12.68062096, "right": -45.715299844, "bottom": -12.680980284, "centroid_x": -45.71548, "centroid_y": -12.680801, "talhao": "PL LOTE 01" }, "geometry": { "type": "MultiPolygon", "coordinates": [ [ [ [ -45.715659168, -12.68062096 ], [ -45.715299844, -12.68062096 ], [ -45.715299844, -12.680980284 ], [ -45.715659168, -12.680980284 ], [ -45.715659168, -12.68062096 ] ] ] ] } },
{ "type": "Feature", "properties": { "id": 20996, "left": -45.715659168000002, "top": -12.680980284, "right": -45.715299844, "bottom": -12.681339608, "centroid_x": -45.71548, "centroid_y": -12.68116, "talhao": "PL LOTE 01" }, "geometry": { "type": "MultiPolygon", "coordinates": [ [ [ [ -45.715659168, -12.680980284 ], [ -45.715299844, -12.680980284 ], [ -45.715299844, -12.681339608 ], [ -45.715659168, -12.681339608 ], [ -45.715659168, -12.680980284 ] ] ] ] } },
{ "type": "Feature", "properties": { "id": 20997, "left": -45.715659168000002, "top": -12.681339608, "right": -45.715299844, "bottom": -12.681698932, "centroid_x": -45.71548, "centroid_y": -12.681519, "talhao": "PL LOTE 01" }, "geometry": { "type": "MultiPolygon", "coordinates": [ [ [ [ -45.715659168, -12.681339608 ], [ -45.715299844, -12.681339608 ], [ -45.715299844, -12.681698932 ], [ -45.715659168, -12.681698932 ], [ -45.715659168, -12.681339608 ] ] ] ] } },
{ "type": "Feature", "properties": { "id": 20998, "left": -45.715659168000002, "top": -12.681698932, "right": -45.715299844, "bottom": -12.682058256, "centroid_x": -45.71548, "centroid_y": -12.681879, "talhao": "PL LOTE 01" }, "geometry": { "type": "MultiPolygon", "coordinates": [ [ [ [ -45.715659168, -12.681698932 ], [ -45.715299844, -12.681698932 ], [ -45.715299844, -12.682058256 ], [ -45.715659168, -12.682058256 ], [ -45.715659168, -12.681698932 ] ] ] ] } },
{ "type": "Feature", "properties": { "id": 20999, "left": -45.715659168000002, "top": -12.682058256, "right": -45.715299844, "bottom": -12.68241758, "centroid_x": -45.71548, "centroid_y": -12.682238, "talhao": "PL LOTE 01" }, "geometry": { "type": "MultiPolygon", "coordinates": [ [ [ [ -45.715659168, -12.682058256 ], [ -45.715299844, -12.682058256 ], [ -45.715299844, -12.68241758 ], [ -45.715659168, -12.68241758 ], [ -45.715659168, -12.682058256 ] ] ] ] } },
{ "type": "Feature", "properties": { "id": 201000, "left": -45.715659168000002, "top": -12.68241758, "right": -45.715299844, "bottom": -12.682776904000001, "centroid_x": -45.71548, "centroid_y": -12.682597, "talhao": "PL LOTE 01" }, "geometry": { "type": "MultiPolygon", "coordinates": [ [ [ [ -45.715659168, -12.68241758 ], [ -45.715299844, -12.68241758 ], [ -45.715299844, -12.682776904 ], [ -45.715659168, -12.682776904 ], [ -45.715659168, -12.68241758 ] ] ] ] } },
{ "type": "Feature", "properties": { "id": 201001, "left": -45.715659168000002, "top": -12.682776904000001, "right": -45.715299844, "bottom": -12.683136228, "centroid_x": -45.71548, "centroid_y": -12.682957, "talhao": "PL LOTE 01" }, "geometry": { "type": "MultiPolygon", "coordinates": [ [ [ [ -45.715659168, -12.682776904 ], [ -45.715299844, -12.682776904 ], [ -45.715299844, -12.683136228 ], [ -45.715659168, -12.683136228 ], [ -45.715659168, -12.682776904 ] ] ] ] } },
{ "type": "Feature", "properties": { "id": 201002, "left": -45.715659168000002, "top": -12.683136228, "right": -45.715299844, "bottom": -12.683495551999998, "centroid_x": -45.71548, "centroid_y": -12.683316, "talhao": "PL LOTE 01" }, "geometry": { "type": "MultiPolygon", "coordinates": [ [ [ [ -45.715659168, -12.683136228 ], [ -45.715299844, -12.683136228 ], [ -45.715299844, -12.683495552 ], [ -45.715659168, -12.683495552 ], [ -45.715659168, -12.683136228 ] ] ] ] } },
{ "type": "Feature", "properties": { "id": 201003, "left": -45.715659168000002, "top": -12.683495552, "right": -45.715299844, "bottom": -12.683854876, "centroid_x": -45.71548, "centroid_y": -12.683675, "talhao": "PL LOTE 01" }, "geometry": { "type": "MultiPolygon", "coordinates": [ [ [ [ -45.715659168, -12.683495552 ], [ -45.715299844, -12.683495552 ], [ -45.715299844, -12.683854876 ], [ -45.715659168, -12.683854876 ], [ -45.715659168, -12.683495552 ] ] ] ] } },
{ "type": "Feature", "properties": { "id": 201004, "left": -45.715659168000002, "top": -12.683854876, "right": -45.715299844, "bottom": -12.6842142, "centroid_x": -45.71548, "centroid_y": -12.684035, "talhao": "PL LOTE 01" }, "geometry": { "type": "MultiPolygon", "coordinates": [ [ [ [ -45.715659168, -12.683854876 ], [ -45.715299844, -12.683854876 ], [ -45.715299844, -12.6842142 ], [ -45.715659168, -12.6842142 ], [ -45.715659168, -12.683854876 ] ] ] ] } },
{ "type": "Feature", "properties": { "id": 201005, "left": -45.715659168000002, "top": -12.6842142, "right": -45.715299844, "bottom": -12.684573524, "centroid_x": -45.71548, "centroid_y": -12.684394, "talhao": "PL LOTE 01" }, "geometry": { "type": "MultiPolygon", "coordinates": [ [ [ [ -45.715659168, -12.6842142 ], [ -45.715299844, -12.6842142 ], [ -45.715299844, -12.684573524 ], [ -45.715659168, -12.684573524 ], [ -45.715659168, -12.6842142 ] ] ] ] } },
{ "type": "Feature", "properties": { "id": 201006, "left": -45.715659168000002, "top": -12.684573524, "right": -45.715299844, "bottom": -12.684932848000001, "centroid_x": -45.715439, "centroid_y": -12.684706, "talhao": "PL LOTE 01" }, "geometry": { "type": "MultiPolygon", "coordinates": [ [ [ [ -45.715542, -12.684746 ], [ -45.71563, -12.684674 ], [ -45.715659168, -12.684652507789471 ], [ -45.715659168, -12.684573524 ], [ -45.715299844, -12.684573524 ], [ -45.715299844, -12.684932848 ], [ -45.715336833568635, -12.684932848 ], [ -45.715542, -12.684746 ] ] ] ] } },
{ "type": "Feature", "properties": { "id": 201007, "left": -45.715659168000002, "top": -12.684932848000001, "right": -45.715299844, "bottom": -12.685292172, "centroid_x": -45.715312, "centroid_y": -12.684944, "talhao": "PL LOTE 01" }, "geometry": { "type": "MultiPolygon", "coordinates": [ [ [ [ -45.715318, -12.68495 ], [ -45.715336833568635, -12.684932848 ], [ -45.715299844, -12.684932848 ], [ -45.715299844, -12.68496742324664 ], [ -45.715318, -12.68495 ] ] ] ] } },
{ "type": "Feature", "properties": { "id": 201025, "left": -45.715299844, "top": -12.672356508, "right": -45.71494052, "bottom": -12.672715832, "centroid_x": -45.714988, "centroid_y": -12.672676, "talhao": "PL LOTE 01" }, "geometry": { "type": "MultiPolygon", "coordinates": [ [ [ [ -45.71494052, -12.672597165789796 ], [ -45.71494052, -12.672715832 ], [ -45.71508195021628, -12.672715832 ], [ -45.71494052, -12.672597165789796 ] ] ] ] } },
{ "type": "Feature", "properties": { "id": 201026, "left": -45.715299844, "top": -12.672715832, "right": -45.71494052, "bottom": -12.673075156, "centroid_x": -45.715101, "centroid_y": -12.672917, "talhao": "PL LOTE 01" }, "geometry": { "type": "MultiPolygon", "coordinates": [ [ [ [ -45.71508195021628, -12.672715832 ], [ -45.71494052, -12.672715832 ], [ -45.71494052, -12.673075156 ], [ -45.715299844, -12.673075156 ], [ -45.715299844, -12.672898654527044 ], [ -45.71508195021628, -12.672715832 ] ] ] ] } },
{ "type": "Feature", "properties": { "id": 201027, "left": -45.715299844, "top": -12.673075156, "right": -45.71494052, "bottom": -12.67343448, "centroid_x": -45.71512, "centroid_y": -12.673255, "talhao": "PL LOTE 01" }, "geometry": { "type": "MultiPolygon", "coordinates": [ [ [ [ -45.715299844, -12.673075156 ], [ -45.71494052, -12.673075156 ], [ -45.71494052, -12.67343448 ], [ -45.715299844, -12.67343448 ], [ -45.715299844, -12.673075156 ] ] ] ] } },
{ "type": "Feature", "properties": { "id": 201028, "left": -45.715299844, "top": -12.67343448, "right": -45.71494052, "bottom": -12.673793804000001, "centroid_x": -45.71512, "centroid_y": -12.673614, "talhao": "PL LOTE 01" }, "geometry": { "type": "MultiPolygon", "coordinates": [ [ [ [ -45.715299844, -12.67343448 ], [ -45.71494052, -12.67343448 ], [ -45.71494052, -12.673793804 ], [ -45.715299844, -12.673793804 ], [ -45.715299844, -12.67343448 ] ] ] ] } },
{ "type": "Feature", "properties": { "id": 201029, "left": -45.715299844, "top": -12.673793804000001, "right": -45.71494052, "bottom": -12.674153128, "centroid_x": -45.71512, "centroid_y": -12.673973, "talhao": "PL LOTE 01" }, "geometry": { "type": "MultiPolygon", "coordinates": [ [ [ [ -45.715299844, -12.673793804 ], [ -45.71494052, -12.673793804 ], [ -45.71494052, -12.674153128 ], [ -45.715299844, -12.674153128 ], [ -45.715299844, -12.673793804 ] ] ] ] } },
{ "type": "Feature", "properties": { "id": 201030, "left": -45.715299844, "top": -12.674153128, "right": -45.71494052, "bottom": -12.674512452, "centroid_x": -45.71512, "centroid_y": -12.674333, "talhao": "PL LOTE 01" }, "geometry": { "type": "MultiPolygon", "coordinates": [ [ [ [ -45.715299844, -12.674153128 ], [ -45.71494052, -12.674153128 ], [ -45.71494052, -12.674512452 ], [ -45.715299844, -12.674512452 ], [ -45.715299844, -12.674153128 ] ] ] ] } },
{ "type": "Feature", "properties": { "id": 201031, "left": -45.715299844, "top": -12.674512452, "right": -45.71494052, "bottom": -12.674871776, "centroid_x": -45.71512, "centroid_y": -12.674692, "talhao": "PL LOTE 01" }, "geometry": { "type": "MultiPolygon", "coordinates": [ [ [ [ -45.715299844, -12.674512452 ], [ -45.71494052, -12.674512452 ], [ -45.71494052, -12.674871776 ], [ -45.715299844, -12.674871776 ], [ -45.715299844, -12.674512452 ] ] ] ] } },
{ "type": "Feature", "properties": { "id": 201032, "left": -45.715299844, "top": -12.674871776, "right": -45.71494052, "bottom": -12.6752311, "centroid_x": -45.71512, "centroid_y": -12.675051, "talhao": "PL LOTE 01" }, "geometry": { "type": "MultiPolygon", "coordinates": [ [ [ [ -45.715299844, -12.674871776 ], [ -45.71494052, -12.674871776 ], [ -45.71494052, -12.6752311 ], [ -45.715299844, -12.6752311 ], [ -45.715299844, -12.674871776 ] ] ] ] } },
{ "type": "Feature", "properties": { "id": 201033, "left": -45.715299844, "top": -12.6752311, "right": -45.71494052, "bottom": -12.675590424, "centroid_x": -45.71512, "centroid_y": -12.675411, "talhao": "PL LOTE 01" }, "geometry": { "type": "MultiPolygon", "coordinates": [ [ [ [ -45.715299844, -12.6752311 ], [ -45.71494052, -12.6752311 ], [ -45.71494052, -12.675590424 ], [ -45.715299844, -12.675590424 ], [ -45.715299844, -12.6752311 ] ] ] ] } },
{ "type": "Feature", "properties": { "id": 201034, "left": -45.715299844, "top": -12.675590424, "right": -45.71494052, "bottom": -12.675949748000001, "centroid_x": -45.71512, "centroid_y": -12.67577, "talhao": "PL LOTE 01" }, "geometry": { "type": "MultiPolygon", "coordinates": [ [ [ [ -45.715299844, -12.675590424 ], [ -45.71494052, -12.675590424 ], [ -45.71494052, -12.675949748 ], [ -45.715299844, -12.675949748 ], [ -45.715299844, -12.675590424 ] ] ] ] } },
{ "type": "Feature", "properties": { "id": 201035, "left": -45.715299844, "top": -12.675949748000001, "right": -45.71494052, "bottom": -12.676309072, "centroid_x": -45.71512, "centroid_y": -12.676129, "talhao": "PL LOTE 01" }, "geometry": { "type": "MultiPolygon", "coordinates": [ [ [ [ -45.715299844, -12.675949748 ], [ -45.71494052, -12.675949748 ], [ -45.71494052, -12.676309072 ], [ -45.715299844, -12.676309072 ], [ -45.715299844, -12.675949748 ] ] ] ] } },
{ "type": "Feature", "properties": { "id": 201036, "left": -45.715299844, "top": -12.676309072, "right": -45.71494052, "bottom": -12.676668395999998, "centroid_x": -45.71512, "centroid_y": -12.676489, "talhao": "PL LOTE 01" }, "geometry": { "type": "MultiPolygon", "coordinates": [ [ [ [ -45.715299844, -12.676309072 ], [ -45.71494052, -12.676309072 ], [ -45.71494052, -12.676668396 ], [ -45.715299844, -12.676668396 ], [ -45.715299844, -12.676309072 ] ] ] ] } },
{ "type": "Feature", "properties": { "id": 201037, "left": -45.715299844, "top": -12.676668396, "right": -45.71494052, "bottom": -12.67702772, "centroid_x": -45.71512, "centroid_y": -12.676848, "talhao": "PL LOTE 01" }, "geometry": { "type": "MultiPolygon", "coordinates": [ [ [ [ -45.715299844, -12.676668396 ], [ -45.71494052, -12.676668396 ], [ -45.71494052, -12.67702772 ], [ -45.715299844, -12.67702772 ], [ -45.715299844, -12.676668396 ] ] ] ] } },
{ "type": "Feature", "properties": { "id": 201038, "left": -45.715299844, "top": -12.67702772, "right": -45.71494052, "bottom": -12.677387044, "centroid_x": -45.71512, "centroid_y": -12.677207, "talhao": "PL LOTE 01" }, "geometry": { "type": "MultiPolygon", "coordinates": [ [ [ [ -45.715299844, -12.67702772 ], [ -45.71494052, -12.67702772 ], [ -45.71494052, -12.677387044 ], [ -45.715299844, -12.677387044 ], [ -45.715299844, -12.67702772 ] ] ] ] } },
{ "type": "Feature", "properties": { "id": 201039, "left": -45.715299844, "top": -12.677387044, "right": -45.71494052, "bottom": -12.677746368, "centroid_x": -45.71512, "centroid_y": -12.677567, "talhao": "PL LOTE 01" }, "geometry": { "type": "MultiPolygon", "coordinates": [ [ [ [ -45.715299844, -12.677387044 ], [ -45.71494052, -12.677387044 ], [ -45.71494052, -12.677746368 ], [ -45.715299844, -12.677746368 ], [ -45.715299844, -12.677387044 ] ] ] ] } },
{ "type": "Feature", "properties": { "id": 201040, "left": -45.715299844, "top": -12.677746368, "right": -45.71494052, "bottom": -12.678105692000001, "centroid_x": -45.71512, "centroid_y": -12.677926, "talhao": "PL LOTE 01" }, "geometry": { "type": "MultiPolygon", "coordinates": [ [ [ [ -45.715299844, -12.677746368 ], [ -45.71494052, -12.677746368 ], [ -45.71494052, -12.678105692 ], [ -45.715299844, -12.678105692 ], [ -45.715299844, -12.677746368 ] ] ] ] } },
{ "type": "Feature", "properties": { "id": 201041, "left": -45.715299844, "top": -12.678105692000001, "right": -45.71494052, "bottom": -12.678465016000001, "centroid_x": -45.71512, "centroid_y": -12.678285, "talhao": "PL LOTE 01" }, "geometry": { "type": "MultiPolygon", "coordinates": [ [ [ [ -45.715299844, -12.678105692 ], [ -45.71494052, -12.678105692 ], [ -45.71494052, -12.678465016 ], [ -45.715299844, -12.678465016 ], [ -45.715299844, -12.678105692 ] ] ] ] } },
{ "type": "Feature", "properties": { "id": 201042, "left": -45.715299844, "top": -12.678465016000001, "right": -45.71494052, "bottom": -12.67882434, "centroid_x": -45.71512, "centroid_y": -12.678645, "talhao": "PL LOTE 01" }, "geometry": { "type": "MultiPolygon", "coordinates": [ [ [ [ -45.715299844, -12.678465016 ], [ -45.71494052, -12.678465016 ], [ -45.71494052, -12.67882434 ], [ -45.715299844, -12.67882434 ], [ -45.715299844, -12.678465016 ] ] ] ] } },
{ "type": "Feature", "properties": { "id": 201043, "left": -45.715299844, "top": -12.67882434, "right": -45.71494052, "bottom": -12.679183664, "centroid_x": -45.71512, "centroid_y": -12.679004, "talhao": "PL LOTE 01" }, "geometry": { "type": "MultiPolygon", "coordinates": [ [ [ [ -45.715299844, -12.67882434 ], [ -45.71494052, -12.67882434 ], [ -45.71494052, -12.679183664 ], [ -45.715299844, -12.679183664 ], [ -45.715299844, -12.67882434 ] ] ] ] } },
{ "type": "Feature", "properties": { "id": 201044, "left": -45.715299844, "top": -12.679183664, "right": -45.71494052, "bottom": -12.679542988, "centroid_x": -45.71512, "centroid_y": -12.679363, "talhao": "PL LOTE 01" }, "geometry": { "type": "MultiPolygon", "coordinates": [ [ [ [ -45.715299844, -12.679183664 ], [ -45.71494052, -12.679183664 ], [ -45.71494052, -12.679542988 ], [ -45.715299844, -12.679542988 ], [ -45.715299844, -12.679183664 ] ] ] ] } },
{ "type": "Feature", "properties": { "id": 201045, "left": -45.715299844, "top": -12.679542988, "right": -45.71494052, "bottom": -12.679902312, "centroid_x": -45.71512, "centroid_y": -12.679723, "talhao": "PL LOTE 01" }, "geometry": { "type": "MultiPolygon", "coordinates": [ [ [ [ -45.715299844, -12.679542988 ], [ -45.71494052, -12.679542988 ], [ -45.71494052, -12.679902312 ], [ -45.715299844, -12.679902312 ], [ -45.715299844, -12.679542988 ] ] ] ] } },
{ "type": "Feature", "properties": { "id": 201046, "left": -45.715299844, "top": -12.679902312, "right": -45.71494052, "bottom": -12.680261636, "centroid_x": -45.71512, "centroid_y": -12.680082, "talhao": "PL LOTE 01" }, "geometry": { "type": "MultiPolygon", "coordinates": [ [ [ [ -45.715299844, -12.679902312 ], [ -45.71494052, -12.679902312 ], [ -45.71494052, -12.680261636 ], [ -45.715299844, -12.680261636 ], [ -45.715299844, -12.679902312 ] ] ] ] } },
{ "type": "Feature", "properties": { "id": 201047, "left": -45.715299844, "top": -12.680261636, "right": -45.71494052, "bottom": -12.68062096, "centroid_x": -45.71512, "centroid_y": -12.680441, "talhao": "PL LOTE 01" }, "geometry": { "type": "MultiPolygon", "coordinates": [ [ [ [ -45.715299844, -12.680261636 ], [ -45.71494052, -12.680261636 ], [ -45.71494052, -12.68062096 ], [ -45.715299844, -12.68062096 ], [ -45.715299844, -12.680261636 ] ] ] ] } },
{ "type": "Feature", "properties": { "id": 201048, "left": -45.715299844, "top": -12.68062096, "right": -45.71494052, "bottom": -12.680980284, "centroid_x": -45.71512, "centroid_y": -12.680801, "talhao": "PL LOTE 01" }, "geometry": { "type": "MultiPolygon", "coordinates": [ [ [ [ -45.715299844, -12.68062096 ], [ -45.71494052, -12.68062096 ], [ -45.71494052, -12.680980284 ], [ -45.715299844, -12.680980284 ], [ -45.715299844, -12.68062096 ] ] ] ] } },
{ "type": "Feature", "properties": { "id": 201049, "left": -45.715299844, "top": -12.680980284, "right": -45.71494052, "bottom": -12.681339608, "centroid_x": -45.71512, "centroid_y": -12.68116, "talhao": "PL LOTE 01" }, "geometry": { "type": "MultiPolygon", "coordinates": [ [ [ [ -45.715299844, -12.680980284 ], [ -45.71494052, -12.680980284 ], [ -45.71494052, -12.681339608 ], [ -45.715299844, -12.681339608 ], [ -45.715299844, -12.680980284 ] ] ] ] } },
{ "type": "Feature", "properties": { "id": 201050, "left": -45.715299844, "top": -12.681339608, "right": -45.71494052, "bottom": -12.681698932, "centroid_x": -45.71512, "centroid_y": -12.681519, "talhao": "PL LOTE 01" }, "geometry": { "type": "MultiPolygon", "coordinates": [ [ [ [ -45.715299844, -12.681339608 ], [ -45.71494052, -12.681339608 ], [ -45.71494052, -12.681698932 ], [ -45.715299844, -12.681698932 ], [ -45.715299844, -12.681339608 ] ] ] ] } },
{ "type": "Feature", "properties": { "id": 201051, "left": -45.715299844, "top": -12.681698932, "right": -45.71494052, "bottom": -12.682058256, "centroid_x": -45.71512, "centroid_y": -12.681879, "talhao": "PL LOTE 01" }, "geometry": { "type": "MultiPolygon", "coordinates": [ [ [ [ -45.715299844, -12.681698932 ], [ -45.71494052, -12.681698932 ], [ -45.71494052, -12.682058256 ], [ -45.715299844, -12.682058256 ], [ -45.715299844, -12.681698932 ] ] ] ] } },
{ "type": "Feature", "properties": { "id": 201052, "left": -45.715299844, "top": -12.682058256, "right": -45.71494052, "bottom": -12.68241758, "centroid_x": -45.71512, "centroid_y": -12.682238, "talhao": "PL LOTE 01" }, "geometry": { "type": "MultiPolygon", "coordinates": [ [ [ [ -45.715299844, -12.682058256 ], [ -45.71494052, -12.682058256 ], [ -45.71494052, -12.68241758 ], [ -45.715299844, -12.68241758 ], [ -45.715299844, -12.682058256 ] ] ] ] } },
{ "type": "Feature", "properties": { "id": 201053, "left": -45.715299844, "top": -12.68241758, "right": -45.71494052, "bottom": -12.682776904000001, "centroid_x": -45.71512, "centroid_y": -12.682597, "talhao": "PL LOTE 01" }, "geometry": { "type": "MultiPolygon", "coordinates": [ [ [ [ -45.715299844, -12.68241758 ], [ -45.71494052, -12.68241758 ], [ -45.71494052, -12.682776904 ], [ -45.715299844, -12.682776904 ], [ -45.715299844, -12.68241758 ] ] ] ] } },
{ "type": "Feature", "properties": { "id": 201054, "left": -45.715299844, "top": -12.682776904000001, "right": -45.71494052, "bottom": -12.683136228, "centroid_x": -45.71512, "centroid_y": -12.682957, "talhao": "PL LOTE 01" }, "geometry": { "type": "MultiPolygon", "coordinates": [ [ [ [ -45.715299844, -12.682776904 ], [ -45.71494052, -12.682776904 ], [ -45.71494052, -12.683136228 ], [ -45.715299844, -12.683136228 ], [ -45.715299844, -12.682776904 ] ] ] ] } },
{ "type": "Feature", "properties": { "id": 201055, "left": -45.715299844, "top": -12.683136228, "right": -45.71494052, "bottom": -12.683495551999998, "centroid_x": -45.71512, "centroid_y": -12.683316, "talhao": "PL LOTE 01" }, "geometry": { "type": "MultiPolygon", "coordinates": [ [ [ [ -45.715299844, -12.683136228 ], [ -45.71494052, -12.683136228 ], [ -45.71494052, -12.683495552 ], [ -45.715299844, -12.683495552 ], [ -45.715299844, -12.683136228 ] ] ] ] } },
{ "type": "Feature", "properties": { "id": 201056, "left": -45.715299844, "top": -12.683495552, "right": -45.71494052, "bottom": -12.683854876, "centroid_x": -45.71512, "centroid_y": -12.683675, "talhao": "PL LOTE 01" }, "geometry": { "type": "MultiPolygon", "coordinates": [ [ [ [ -45.715299844, -12.683495552 ], [ -45.71494052, -12.683495552 ], [ -45.71494052, -12.683854876 ], [ -45.715299844, -12.683854876 ], [ -45.715299844, -12.683495552 ] ] ] ] } },
{ "type": "Feature", "properties": { "id": 201057, "left": -45.715299844, "top": -12.683854876, "right": -45.71494052, "bottom": -12.6842142, "centroid_x": -45.71512, "centroid_y": -12.684035, "talhao": "PL LOTE 01" }, "geometry": { "type": "MultiPolygon", "coordinates": [ [ [ [ -45.715299844, -12.683854876 ], [ -45.71494052, -12.683854876 ], [ -45.71494052, -12.6842142 ], [ -45.715299844, -12.6842142 ], [ -45.715299844, -12.683854876 ] ] ] ] } },
{ "type": "Feature", "properties": { "id": 201058, "left": -45.715299844, "top": -12.6842142, "right": -45.71494052, "bottom": -12.684573524, "centroid_x": -45.71512, "centroid_y": -12.684394, "talhao": "PL LOTE 01" }, "geometry": { "type": "MultiPolygon", "coordinates": [ [ [ [ -45.715299844, -12.6842142 ], [ -45.71494052, -12.6842142 ], [ -45.71494052, -12.684573524 ], [ -45.715299844, -12.684573524 ], [ -45.715299844, -12.6842142 ] ] ] ] } },
{ "type": "Feature", "properties": { "id": 201059, "left": -45.715299844, "top": -12.684573524, "right": -45.71494052, "bottom": -12.684932848000001, "centroid_x": -45.71512, "centroid_y": -12.684753, "talhao": "PL LOTE 01" }, "geometry": { "type": "MultiPolygon", "coordinates": [ [ [ [ -45.715299844, -12.684573524 ], [ -45.71494052, -12.684573524 ], [ -45.71494052, -12.684932848 ], [ -45.715299844, -12.684932848 ], [ -45.715299844, -12.684573524 ] ] ] ] } },
{ "type": "Feature", "properties": { "id": 201060, "left": -45.715299844, "top": -12.684932848000001, "right": -45.71494052, "bottom": -12.685292172, "centroid_x": -45.715073, "centroid_y": -12.685054, "talhao": "PL LOTE 01" }, "geometry": { "type": "MultiPolygon", "coordinates": [ [ [ [ -45.714951, -12.685268 ], [ -45.714989, -12.685248 ], [ -45.715035, -12.685215 ], [ -45.715095, -12.685164 ], [ -45.715299844, -12.68496742324664 ], [ -45.715299844, -12.684932848 ], [ -45.71494052, -12.684932848 ], [ -45.71494052, -12.685271309473684 ], [ -45.714951, -12.685268 ] ] ] ] } },
{ "type": "Feature", "properties": { "id": 201077, "left": -45.71494052, "top": -12.671997184, "right": -45.714581195999997, "bottom": -12.672356508, "centroid_x": -45.714605, "centroid_y": -12.672336, "talhao": "PL LOTE 01" }, "geometry": { "type": "MultiPolygon", "coordinates": [ [ [ [ -45.714581196, -12.672295677052547 ], [ -45.714581196, -12.672356508 ], [ -45.714653696284955, -12.672356508 ], [ -45.714581196, -12.672295677052547 ] ] ] ] } },
{ "type": "Feature", "properties": { "id": 201078, "left": -45.71494052, "top": -12.672356508, "right": -45.714581195999997, "bottom": -12.672715832, "centroid_x": -45.71473, "centroid_y": -12.672572, "talhao": "PL LOTE 01" }, "geometry": { "type": "MultiPolygon", "coordinates": [ [ [ [ -45.714653696284955, -12.672356508 ], [ -45.714581196, -12.672356508 ], [ -45.714581196, -12.672715832 ], [ -45.71494052, -12.672715832 ], [ -45.71494052, -12.672597165789796 ], [ -45.714653696284955, -12.672356508 ] ] ] ] } },
{ "type": "Feature", "properties": { "id": 201079, "left": -45.71494052, "top": -12.672715832, "right": -45.714581195999997, "bottom": -12.673075156, "centroid_x": -45.714761, "centroid_y": -12.672895, "talhao": "PL LOTE 01" }, "geometry": { "type": "MultiPolygon", "coordinates": [ [ [ [ -45.71494052, -12.672715832 ], [ -45.714581196, -12.672715832 ], [ -45.714581196, -12.673075156 ], [ -45.71494052, -12.673075156 ], [ -45.71494052, -12.672715832 ] ] ] ] } },
{ "type": "Feature", "properties": { "id": 201080, "left": -45.71494052, "top": -12.673075156, "right": -45.714581195999997, "bottom": -12.67343448, "centroid_x": -45.714761, "centroid_y": -12.673255, "talhao": "PL LOTE 01" }, "geometry": { "type": "MultiPolygon", "coordinates": [ [ [ [ -45.71494052, -12.673075156 ], [ -45.714581196, -12.673075156 ], [ -45.714581196, -12.67343448 ], [ -45.71494052, -12.67343448 ], [ -45.71494052, -12.673075156 ] ] ] ] } },
{ "type": "Feature", "properties": { "id": 201081, "left": -45.71494052, "top": -12.67343448, "right": -45.714581195999997, "bottom": -12.673793804000001, "centroid_x": -45.714761, "centroid_y": -12.673614, "talhao": "PL LOTE 01" }, "geometry": { "type": "MultiPolygon", "coordinates": [ [ [ [ -45.71494052, -12.67343448 ], [ -45.714581196, -12.67343448 ], [ -45.714581196, -12.673793804 ], [ -45.71494052, -12.673793804 ], [ -45.71494052, -12.67343448 ] ] ] ] } },
{ "type": "Feature", "properties": { "id": 201082, "left": -45.71494052, "top": -12.673793804000001, "right": -45.714581195999997, "bottom": -12.674153128, "centroid_x": -45.714761, "centroid_y": -12.673973, "talhao": "PL LOTE 01" }, "geometry": { "type": "MultiPolygon", "coordinates": [ [ [ [ -45.71494052, -12.673793804 ], [ -45.714581196, -12.673793804 ], [ -45.714581196, -12.674153128 ], [ -45.71494052, -12.674153128 ], [ -45.71494052, -12.673793804 ] ] ] ] } },
{ "type": "Feature", "properties": { "id": 201083, "left": -45.71494052, "top": -12.674153128, "right": -45.714581195999997, "bottom": -12.674512452, "centroid_x": -45.714761, "centroid_y": -12.674333, "talhao": "PL LOTE 01" }, "geometry": { "type": "MultiPolygon", "coordinates": [ [ [ [ -45.71494052, -12.674153128 ], [ -45.714581196, -12.674153128 ], [ -45.714581196, -12.674512452 ], [ -45.71494052, -12.674512452 ], [ -45.71494052, -12.674153128 ] ] ] ] } },
{ "type": "Feature", "properties": { "id": 201084, "left": -45.71494052, "top": -12.674512452, "right": -45.714581195999997, "bottom": -12.674871776, "centroid_x": -45.714761, "centroid_y": -12.674692, "talhao": "PL LOTE 01" }, "geometry": { "type": "MultiPolygon", "coordinates": [ [ [ [ -45.71494052, -12.674512452 ], [ -45.714581196, -12.674512452 ], [ -45.714581196, -12.674871776 ], [ -45.71494052, -12.674871776 ], [ -45.71494052, -12.674512452 ] ] ] ] } },
{ "type": "Feature", "properties": { "id": 201085, "left": -45.71494052, "top": -12.674871776, "right": -45.714581195999997, "bottom": -12.6752311, "centroid_x": -45.714761, "centroid_y": -12.675051, "talhao": "PL LOTE 01" }, "geometry": { "type": "MultiPolygon", "coordinates": [ [ [ [ -45.71494052, -12.674871776 ], [ -45.714581196, -12.674871776 ], [ -45.714581196, -12.6752311 ], [ -45.71494052, -12.6752311 ], [ -45.71494052, -12.674871776 ] ] ] ] } },
{ "type": "Feature", "properties": { "id": 201086, "left": -45.71494052, "top": -12.6752311, "right": -45.714581195999997, "bottom": -12.675590424, "centroid_x": -45.714761, "centroid_y": -12.675411, "talhao": "PL LOTE 01" }, "geometry": { "type": "MultiPolygon", "coordinates": [ [ [ [ -45.71494052, -12.6752311 ], [ -45.714581196, -12.6752311 ], [ -45.714581196, -12.675590424 ], [ -45.71494052, -12.675590424 ], [ -45.71494052, -12.6752311 ] ] ] ] } },
{ "type": "Feature", "properties": { "id": 201087, "left": -45.71494052, "top": -12.675590424, "right": -45.714581195999997, "bottom": -12.675949748000001, "centroid_x": -45.714761, "centroid_y": -12.67577, "talhao": "PL LOTE 01" }, "geometry": { "type": "MultiPolygon", "coordinates": [ [ [ [ -45.71494052, -12.675590424 ], [ -45.714581196, -12.675590424 ], [ -45.714581196, -12.675949748 ], [ -45.71494052, -12.675949748 ], [ -45.71494052, -12.675590424 ] ] ] ] } },
{ "type": "Feature", "properties": { "id": 201088, "left": -45.71494052, "top": -12.675949748000001, "right": -45.714581195999997, "bottom": -12.676309072, "centroid_x": -45.714761, "centroid_y": -12.676129, "talhao": "PL LOTE 01" }, "geometry": { "type": "MultiPolygon", "coordinates": [ [ [ [ -45.71494052, -12.675949748 ], [ -45.714581196, -12.675949748 ], [ -45.714581196, -12.676309072 ], [ -45.71494052, -12.676309072 ], [ -45.71494052, -12.675949748 ] ] ] ] } },
{ "type": "Feature", "properties": { "id": 201089, "left": -45.71494052, "top": -12.676309072, "right": -45.714581195999997, "bottom": -12.676668395999998, "centroid_x": -45.714761, "centroid_y": -12.676489, "talhao": "PL LOTE 01" }, "geometry": { "type": "MultiPolygon", "coordinates": [ [ [ [ -45.71494052, -12.676309072 ], [ -45.714581196, -12.676309072 ], [ -45.714581196, -12.676668396 ], [ -45.71494052, -12.676668396 ], [ -45.71494052, -12.676309072 ] ] ] ] } },
{ "type": "Feature", "properties": { "id": 201090, "left": -45.71494052, "top": -12.676668396, "right": -45.714581195999997, "bottom": -12.67702772, "centroid_x": -45.714761, "centroid_y": -12.676848, "talhao": "PL LOTE 01" }, "geometry": { "type": "MultiPolygon", "coordinates": [ [ [ [ -45.71494052, -12.676668396 ], [ -45.714581196, -12.676668396 ], [ -45.714581196, -12.67702772 ], [ -45.71494052, -12.67702772 ], [ -45.71494052, -12.676668396 ] ] ] ] } },
{ "type": "Feature", "properties": { "id": 201091, "left": -45.71494052, "top": -12.67702772, "right": -45.714581195999997, "bottom": -12.677387044, "centroid_x": -45.714761, "centroid_y": -12.677207, "talhao": "PL LOTE 01" }, "geometry": { "type": "MultiPolygon", "coordinates": [ [ [ [ -45.71494052, -12.67702772 ], [ -45.714581196, -12.67702772 ], [ -45.714581196, -12.677387044 ], [ -45.71494052, -12.677387044 ], [ -45.71494052, -12.67702772 ] ] ] ] } },
{ "type": "Feature", "properties": { "id": 201092, "left": -45.71494052, "top": -12.677387044, "right": -45.714581195999997, "bottom": -12.677746368, "centroid_x": -45.714761, "centroid_y": -12.677567, "talhao": "PL LOTE 01" }, "geometry": { "type": "MultiPolygon", "coordinates": [ [ [ [ -45.71494052, -12.677387044 ], [ -45.714581196, -12.677387044 ], [ -45.714581196, -12.677746368 ], [ -45.71494052, -12.677746368 ], [ -45.71494052, -12.677387044 ] ] ] ] } },
{ "type": "Feature", "properties": { "id": 201093, "left": -45.71494052, "top": -12.677746368, "right": -45.714581195999997, "bottom": -12.678105692000001, "centroid_x": -45.714761, "centroid_y": -12.677926, "talhao": "PL LOTE 01" }, "geometry": { "type": "MultiPolygon", "coordinates": [ [ [ [ -45.71494052, -12.677746368 ], [ -45.714581196, -12.677746368 ], [ -45.714581196, -12.678105692 ], [ -45.71494052, -12.678105692 ], [ -45.71494052, -12.677746368 ] ] ] ] } },
{ "type": "Feature", "properties": { "id": 201094, "left": -45.71494052, "top": -12.678105692000001, "right": -45.714581195999997, "bottom": -12.678465016000001, "centroid_x": -45.714761, "centroid_y": -12.678285, "talhao": "PL LOTE 01" }, "geometry": { "type": "MultiPolygon", "coordinates": [ [ [ [ -45.71494052, -12.678105692 ], [ -45.714581196, -12.678105692 ], [ -45.714581196, -12.678465016 ], [ -45.71494052, -12.678465016 ], [ -45.71494052, -12.678105692 ] ] ] ] } },
{ "type": "Feature", "properties": { "id": 201095, "left": -45.71494052, "top": -12.678465016000001, "right": -45.714581195999997, "bottom": -12.67882434, "centroid_x": -45.714761, "centroid_y": -12.678645, "talhao": "PL LOTE 01" }, "geometry": { "type": "MultiPolygon", "coordinates": [ [ [ [ -45.71494052, -12.678465016 ], [ -45.714581196, -12.678465016 ], [ -45.714581196, -12.67882434 ], [ -45.71494052, -12.67882434 ], [ -45.71494052, -12.678465016 ] ] ] ] } },
{ "type": "Feature", "properties": { "id": 201096, "left": -45.71494052, "top": -12.67882434, "right": -45.714581195999997, "bottom": -12.679183664, "centroid_x": -45.714761, "centroid_y": -12.679004, "talhao": "PL LOTE 01" }, "geometry": { "type": "MultiPolygon", "coordinates": [ [ [ [ -45.71494052, -12.67882434 ], [ -45.714581196, -12.67882434 ], [ -45.714581196, -12.679183664 ], [ -45.71494052, -12.679183664 ], [ -45.71494052, -12.67882434 ] ] ] ] } },
{ "type": "Feature", "properties": { "id": 201097, "left": -45.71494052, "top": -12.679183664, "right": -45.714581195999997, "bottom": -12.679542988, "centroid_x": -45.714761, "centroid_y": -12.679363, "talhao": "PL LOTE 01" }, "geometry": { "type": "MultiPolygon", "coordinates": [ [ [ [ -45.71494052, -12.679183664 ], [ -45.714581196, -12.679183664 ], [ -45.714581196, -12.679542988 ], [ -45.71494052, -12.679542988 ], [ -45.71494052, -12.679183664 ] ] ] ] } },
{ "type": "Feature", "properties": { "id": 201098, "left": -45.71494052, "top": -12.679542988, "right": -45.714581195999997, "bottom": -12.679902312, "centroid_x": -45.714761, "centroid_y": -12.679723, "talhao": "PL LOTE 01" }, "geometry": { "type": "MultiPolygon", "coordinates": [ [ [ [ -45.71494052, -12.679542988 ], [ -45.714581196, -12.679542988 ], [ -45.714581196, -12.679902312 ], [ -45.71494052, -12.679902312 ], [ -45.71494052, -12.679542988 ] ] ] ] } },
{ "type": "Feature", "properties": { "id": 201099, "left": -45.71494052, "top": -12.679902312, "right": -45.714581195999997, "bottom": -12.680261636, "centroid_x": -45.714761, "centroid_y": -12.680082, "talhao": "PL LOTE 01" }, "geometry": { "type": "MultiPolygon", "coordinates": [ [ [ [ -45.71494052, -12.679902312 ], [ -45.714581196, -12.679902312 ], [ -45.714581196, -12.680261636 ], [ -45.71494052, -12.680261636 ], [ -45.71494052, -12.679902312 ] ] ] ] } },
{ "type": "Feature", "properties": { "id": 201100, "left": -45.71494052, "top": -12.680261636, "right": -45.714581195999997, "bottom": -12.68062096, "centroid_x": -45.714761, "centroid_y": -12.680441, "talhao": "PL LOTE 01" }, "geometry": { "type": "MultiPolygon", "coordinates": [ [ [ [ -45.71494052, -12.680261636 ], [ -45.714581196, -12.680261636 ], [ -45.714581196, -12.68062096 ], [ -45.71494052, -12.68062096 ], [ -45.71494052, -12.680261636 ] ] ] ] } },
{ "type": "Feature", "properties": { "id": 201101, "left": -45.71494052, "top": -12.68062096, "right": -45.714581195999997, "bottom": -12.680980284, "centroid_x": -45.714761, "centroid_y": -12.680801, "talhao": "PL LOTE 01" }, "geometry": { "type": "MultiPolygon", "coordinates": [ [ [ [ -45.71494052, -12.68062096 ], [ -45.714581196, -12.68062096 ], [ -45.714581196, -12.680980284 ], [ -45.71494052, -12.680980284 ], [ -45.71494052, -12.68062096 ] ] ] ] } },
{ "type": "Feature", "properties": { "id": 201102, "left": -45.71494052, "top": -12.680980284, "right": -45.714581195999997, "bottom": -12.681339608, "centroid_x": -45.714761, "centroid_y": -12.68116, "talhao": "PL LOTE 01" }, "geometry": { "type": "MultiPolygon", "coordinates": [ [ [ [ -45.71494052, -12.680980284 ], [ -45.714581196, -12.680980284 ], [ -45.714581196, -12.681339608 ], [ -45.71494052, -12.681339608 ], [ -45.71494052, -12.680980284 ] ] ] ] } },
{ "type": "Feature", "properties": { "id": 201103, "left": -45.71494052, "top": -12.681339608, "right": -45.714581195999997, "bottom": -12.681698932, "centroid_x": -45.714761, "centroid_y": -12.681519, "talhao": "PL LOTE 01" }, "geometry": { "type": "MultiPolygon", "coordinates": [ [ [ [ -45.71494052, -12.681339608 ], [ -45.714581196, -12.681339608 ], [ -45.714581196, -12.681698932 ], [ -45.71494052, -12.681698932 ], [ -45.71494052, -12.681339608 ] ] ] ] } },
{ "type": "Feature", "properties": { "id": 201104, "left": -45.71494052, "top": -12.681698932, "right": -45.714581195999997, "bottom": -12.682058256, "centroid_x": -45.714761, "centroid_y": -12.681879, "talhao": "PL LOTE 01" }, "geometry": { "type": "MultiPolygon", "coordinates": [ [ [ [ -45.71494052, -12.681698932 ], [ -45.714581196, -12.681698932 ], [ -45.714581196, -12.682058256 ], [ -45.71494052, -12.682058256 ], [ -45.71494052, -12.681698932 ] ] ] ] } },
{ "type": "Feature", "properties": { "id": 201105, "left": -45.71494052, "top": -12.682058256, "right": -45.714581195999997, "bottom": -12.68241758, "centroid_x": -45.714761, "centroid_y": -12.682238, "talhao": "PL LOTE 01" }, "geometry": { "type": "MultiPolygon", "coordinates": [ [ [ [ -45.71494052, -12.682058256 ], [ -45.714581196, -12.682058256 ], [ -45.714581196, -12.68241758 ], [ -45.71494052, -12.68241758 ], [ -45.71494052, -12.682058256 ] ] ] ] } },
{ "type": "Feature", "properties": { "id": 201106, "left": -45.71494052, "top": -12.68241758, "right": -45.714581195999997, "bottom": -12.682776904000001, "centroid_x": -45.714761, "centroid_y": -12.682597, "talhao": "PL LOTE 01" }, "geometry": { "type": "MultiPolygon", "coordinates": [ [ [ [ -45.71494052, -12.68241758 ], [ -45.714581196, -12.68241758 ], [ -45.714581196, -12.682776904 ], [ -45.71494052, -12.682776904 ], [ -45.71494052, -12.68241758 ] ] ] ] } },
{ "type": "Feature", "properties": { "id": 201107, "left": -45.71494052, "top": -12.682776904000001, "right": -45.714581195999997, "bottom": -12.683136228, "centroid_x": -45.714761, "centroid_y": -12.682957, "talhao": "PL LOTE 01" }, "geometry": { "type": "MultiPolygon", "coordinates": [ [ [ [ -45.71494052, -12.682776904 ], [ -45.714581196, -12.682776904 ], [ -45.714581196, -12.683136228 ], [ -45.71494052, -12.683136228 ], [ -45.71494052, -12.682776904 ] ] ] ] } },
{ "type": "Feature", "properties": { "id": 201108, "left": -45.71494052, "top": -12.683136228, "right": -45.714581195999997, "bottom": -12.683495551999998, "centroid_x": -45.714761, "centroid_y": -12.683316, "talhao": "PL LOTE 01" }, "geometry": { "type": "MultiPolygon", "coordinates": [ [ [ [ -45.71494052, -12.683136228 ], [ -45.714581196, -12.683136228 ], [ -45.714581196, -12.683495552 ], [ -45.71494052, -12.683495552 ], [ -45.71494052, -12.683136228 ] ] ] ] } },
{ "type": "Feature", "properties": { "id": 201109, "left": -45.71494052, "top": -12.683495552, "right": -45.714581195999997, "bottom": -12.683854876, "centroid_x": -45.714761, "centroid_y": -12.683675, "talhao": "PL LOTE 01" }, "geometry": { "type": "MultiPolygon", "coordinates": [ [ [ [ -45.71494052, -12.683495552 ], [ -45.714581196, -12.683495552 ], [ -45.714581196, -12.683854876 ], [ -45.71494052, -12.683854876 ], [ -45.71494052, -12.683495552 ] ] ] ] } },
{ "type": "Feature", "properties": { "id": 201110, "left": -45.71494052, "top": -12.683854876, "right": -45.714581195999997, "bottom": -12.6842142, "centroid_x": -45.714761, "centroid_y": -12.684035, "talhao": "PL LOTE 01" }, "geometry": { "type": "MultiPolygon", "coordinates": [ [ [ [ -45.71494052, -12.683854876 ], [ -45.714581196, -12.683854876 ], [ -45.714581196, -12.6842142 ], [ -45.71494052, -12.6842142 ], [ -45.71494052, -12.683854876 ] ] ] ] } },
{ "type": "Feature", "properties": { "id": 201111, "left": -45.71494052, "top": -12.6842142, "right": -45.714581195999997, "bottom": -12.684573524, "centroid_x": -45.714761, "centroid_y": -12.684394, "talhao": "PL LOTE 01" }, "geometry": { "type": "MultiPolygon", "coordinates": [ [ [ [ -45.71494052, -12.6842142 ], [ -45.714581196, -12.6842142 ], [ -45.714581196, -12.684573524 ], [ -45.71494052, -12.684573524 ], [ -45.71494052, -12.6842142 ] ] ] ] } },
{ "type": "Feature", "properties": { "id": 201112, "left": -45.71494052, "top": -12.684573524, "right": -45.714581195999997, "bottom": -12.684932848000001, "centroid_x": -45.714761, "centroid_y": -12.684753, "talhao": "PL LOTE 01" }, "geometry": { "type": "MultiPolygon", "coordinates": [ [ [ [ -45.71494052, -12.684573524 ], [ -45.714581196, -12.684573524 ], [ -45.714581196, -12.684932848 ], [ -45.71494052, -12.684932848 ], [ -45.71494052, -12.684573524 ] ] ] ] } },
{ "type": "Feature", "properties": { "id": 201113, "left": -45.71494052, "top": -12.684932848000001, "right": -45.714581195999997, "bottom": -12.685292172, "centroid_x": -45.714768, "centroid_y": -12.685099, "talhao": "PL LOTE 01" }, "geometry": { "type": "MultiPolygon", "coordinates": [ [ [ [ -45.714742, -12.685269 ], [ -45.714808, -12.685285 ], [ -45.714847, -12.685288 ], [ -45.714894, -12.685286 ], [ -45.71494052, -12.685271309473684 ], [ -45.71494052, -12.684932848 ], [ -45.714581196, -12.684932848 ], [ -45.714581196, -12.6852094037807 ], [ -45.714742, -12.685269 ] ] ] ] } },
{ "type": "Feature", "properties": { "id": 201129, "left": -45.714581195999997, "top": -12.67163786, "right": -45.714221871999996, "bottom": -12.671997184, "centroid_x": -45.714223, "centroid_y": -12.671996, "talhao": "PL LOTE 01" }, "geometry": { "type": "MultiPolygon", "coordinates": [ [ [ [ -45.714221872, -12.671994188315301 ], [ -45.714221872, -12.671997184 ], [ -45.71422544235363, -12.671997184 ], [ -45.714221872, -12.671994188315301 ] ] ] ] } },
{ "type": "Feature", "properties": { "id": 201130, "left": -45.714581195999997, "top": -12.671997184, "right": -45.714221871999996, "bottom": -12.672356508, "centroid_x": -45.714359, "centroid_y": -12.672233, "talhao": "PL LOTE 01" }, "geometry": { "type": "MultiPolygon", "coordinates": [ [ [ [ -45.71422544235363, -12.671997184 ], [ -45.714221872, -12.671997184 ], [ -45.714221872, -12.672356508 ], [ -45.714581196, -12.672356508 ], [ -45.714581196, -12.672295677052547 ], [ -45.71422544235363, -12.671997184 ] ] ] ] } },
{ "type": "Feature", "properties": { "id": 201131, "left": -45.714581195999997, "top": -12.672356508, "right": -45.714221871999996, "bottom": -12.672715832, "centroid_x": -45.714402, "centroid_y": -12.672536, "talhao": "PL LOTE 01" }, "geometry": { "type": "MultiPolygon", "coordinates": [ [ [ [ -45.714581196, -12.672356508 ], [ -45.714221872, -12.672356508 ], [ -45.714221872, -12.672715832 ], [ -45.714581196, -12.672715832 ], [ -45.714581196, -12.672356508 ] ] ] ] } },
{ "type": "Feature", "properties": { "id": 201132, "left": -45.714581195999997, "top": -12.672715832, "right": -45.714221871999996, "bottom": -12.673075156, "centroid_x": -45.714402, "centroid_y": -12.672895, "talhao": "PL LOTE 01" }, "geometry": { "type": "MultiPolygon", "coordinates": [ [ [ [ -45.714581196, -12.672715832 ], [ -45.714221872, -12.672715832 ], [ -45.714221872, -12.673075156 ], [ -45.714581196, -12.673075156 ], [ -45.714581196, -12.672715832 ] ] ] ] } },
{ "type": "Feature", "properties": { "id": 201133, "left": -45.714581195999997, "top": -12.673075156, "right": -45.714221871999996, "bottom": -12.67343448, "centroid_x": -45.714402, "centroid_y": -12.673255, "talhao": "PL LOTE 01" }, "geometry": { "type": "MultiPolygon", "coordinates": [ [ [ [ -45.714581196, -12.673075156 ], [ -45.714221872, -12.673075156 ], [ -45.714221872, -12.67343448 ], [ -45.714581196, -12.67343448 ], [ -45.714581196, -12.673075156 ] ] ] ] } },
{ "type": "Feature", "properties": { "id": 201134, "left": -45.714581195999997, "top": -12.67343448, "right": -45.714221871999996, "bottom": -12.673793804000001, "centroid_x": -45.714402, "centroid_y": -12.673614, "talhao": "PL LOTE 01" }, "geometry": { "type": "MultiPolygon", "coordinates": [ [ [ [ -45.714581196, -12.67343448 ], [ -45.714221872, -12.67343448 ], [ -45.714221872, -12.673793804 ], [ -45.714581196, -12.673793804 ], [ -45.714581196, -12.67343448 ] ] ] ] } },
{ "type": "Feature", "properties": { "id": 201135, "left": -45.714581195999997, "top": -12.673793804000001, "right": -45.714221871999996, "bottom": -12.674153128, "centroid_x": -45.714402, "centroid_y": -12.673973, "talhao": "PL LOTE 01" }, "geometry": { "type": "MultiPolygon", "coordinates": [ [ [ [ -45.714581196, -12.673793804 ], [ -45.714221872, -12.673793804 ], [ -45.714221872, -12.674153128 ], [ -45.714581196, -12.674153128 ], [ -45.714581196, -12.673793804 ] ] ] ] } },
{ "type": "Feature", "properties": { "id": 201136, "left": -45.714581195999997, "top": -12.674153128, "right": -45.714221871999996, "bottom": -12.674512452, "centroid_x": -45.714402, "centroid_y": -12.674333, "talhao": "PL LOTE 01" }, "geometry": { "type": "MultiPolygon", "coordinates": [ [ [ [ -45.714581196, -12.674153128 ], [ -45.714221872, -12.674153128 ], [ -45.714221872, -12.674512452 ], [ -45.714581196, -12.674512452 ], [ -45.714581196, -12.674153128 ] ] ] ] } },
{ "type": "Feature", "properties": { "id": 201137, "left": -45.714581195999997, "top": -12.674512452, "right": -45.714221871999996, "bottom": -12.674871776, "centroid_x": -45.714402, "centroid_y": -12.674692, "talhao": "PL LOTE 01" }, "geometry": { "type": "MultiPolygon", "coordinates": [ [ [ [ -45.714581196, -12.674512452 ], [ -45.714221872, -12.674512452 ], [ -45.714221872, -12.674871776 ], [ -45.714581196, -12.674871776 ], [ -45.714581196, -12.674512452 ] ] ] ] } },
{ "type": "Feature", "properties": { "id": 201138, "left": -45.714581195999997, "top": -12.674871776, "right": -45.714221871999996, "bottom": -12.6752311, "centroid_x": -45.714402, "centroid_y": -12.675051, "talhao": "PL LOTE 01" }, "geometry": { "type": "MultiPolygon", "coordinates": [ [ [ [ -45.714581196, -12.674871776 ], [ -45.714221872, -12.674871776 ], [ -45.714221872, -12.6752311 ], [ -45.714581196, -12.6752311 ], [ -45.714581196, -12.674871776 ] ] ] ] } },
{ "type": "Feature", "properties": { "id": 201139, "left": -45.714581195999997, "top": -12.6752311, "right": -45.714221871999996, "bottom": -12.675590424, "centroid_x": -45.714402, "centroid_y": -12.675411, "talhao": "PL LOTE 01" }, "geometry": { "type": "MultiPolygon", "coordinates": [ [ [ [ -45.714581196, -12.6752311 ], [ -45.714221872, -12.6752311 ], [ -45.714221872, -12.675590424 ], [ -45.714581196, -12.675590424 ], [ -45.714581196, -12.6752311 ] ] ] ] } },
{ "type": "Feature", "properties": { "id": 201140, "left": -45.714581195999997, "top": -12.675590424, "right": -45.714221871999996, "bottom": -12.675949748000001, "centroid_x": -45.714402, "centroid_y": -12.67577, "talhao": "PL LOTE 01" }, "geometry": { "type": "MultiPolygon", "coordinates": [ [ [ [ -45.714581196, -12.675590424 ], [ -45.714221872, -12.675590424 ], [ -45.714221872, -12.675949748 ], [ -45.714581196, -12.675949748 ], [ -45.714581196, -12.675590424 ] ] ] ] } },
{ "type": "Feature", "properties": { "id": 201141, "left": -45.714581195999997, "top": -12.675949748000001, "right": -45.714221871999996, "bottom": -12.676309072, "centroid_x": -45.714402, "centroid_y": -12.676129, "talhao": "PL LOTE 01" }, "geometry": { "type": "MultiPolygon", "coordinates": [ [ [ [ -45.714581196, -12.675949748 ], [ -45.714221872, -12.675949748 ], [ -45.714221872, -12.676309072 ], [ -45.714581196, -12.676309072 ], [ -45.714581196, -12.675949748 ] ] ] ] } },
{ "type": "Feature", "properties": { "id": 201142, "left": -45.714581195999997, "top": -12.676309072, "right": -45.714221871999996, "bottom": -12.676668395999998, "centroid_x": -45.714402, "centroid_y": -12.676489, "talhao": "PL LOTE 01" }, "geometry": { "type": "MultiPolygon", "coordinates": [ [ [ [ -45.714581196, -12.676309072 ], [ -45.714221872, -12.676309072 ], [ -45.714221872, -12.676668396 ], [ -45.714581196, -12.676668396 ], [ -45.714581196, -12.676309072 ] ] ] ] } },
{ "type": "Feature", "properties": { "id": 201143, "left": -45.714581195999997, "top": -12.676668396, "right": -45.714221871999996, "bottom": -12.67702772, "centroid_x": -45.714402, "centroid_y": -12.676848, "talhao": "PL LOTE 01" }, "geometry": { "type": "MultiPolygon", "coordinates": [ [ [ [ -45.714581196, -12.676668396 ], [ -45.714221872, -12.676668396 ], [ -45.714221872, -12.67702772 ], [ -45.714581196, -12.67702772 ], [ -45.714581196, -12.676668396 ] ] ] ] } },
{ "type": "Feature", "properties": { "id": 201144, "left": -45.714581195999997, "top": -12.67702772, "right": -45.714221871999996, "bottom": -12.677387044, "centroid_x": -45.714402, "centroid_y": -12.677207, "talhao": "PL LOTE 01" }, "geometry": { "type": "MultiPolygon", "coordinates": [ [ [ [ -45.714581196, -12.67702772 ], [ -45.714221872, -12.67702772 ], [ -45.714221872, -12.677387044 ], [ -45.714581196, -12.677387044 ], [ -45.714581196, -12.67702772 ] ] ] ] } },
{ "type": "Feature", "properties": { "id": 201145, "left": -45.714581195999997, "top": -12.677387044, "right": -45.714221871999996, "bottom": -12.677746368, "centroid_x": -45.714402, "centroid_y": -12.677567, "talhao": "PL LOTE 01" }, "geometry": { "type": "MultiPolygon", "coordinates": [ [ [ [ -45.714581196, -12.677387044 ], [ -45.714221872, -12.677387044 ], [ -45.714221872, -12.677746368 ], [ -45.714581196, -12.677746368 ], [ -45.714581196, -12.677387044 ] ] ] ] } },
{ "type": "Feature", "properties": { "id": 201146, "left": -45.714581195999997, "top": -12.677746368, "right": -45.714221871999996, "bottom": -12.678105692000001, "centroid_x": -45.714402, "centroid_y": -12.677926, "talhao": "PL LOTE 01" }, "geometry": { "type": "MultiPolygon", "coordinates": [ [ [ [ -45.714581196, -12.677746368 ], [ -45.714221872, -12.677746368 ], [ -45.714221872, -12.678105692 ], [ -45.714581196, -12.678105692 ], [ -45.714581196, -12.677746368 ] ] ] ] } },
{ "type": "Feature", "properties": { "id": 201147, "left": -45.714581195999997, "top": -12.678105692000001, "right": -45.714221871999996, "bottom": -12.678465016000001, "centroid_x": -45.714402, "centroid_y": -12.678285, "talhao": "PL LOTE 01" }, "geometry": { "type": "MultiPolygon", "coordinates": [ [ [ [ -45.714581196, -12.678105692 ], [ -45.714221872, -12.678105692 ], [ -45.714221872, -12.678465016 ], [ -45.714581196, -12.678465016 ], [ -45.714581196, -12.678105692 ] ] ] ] } },
{ "type": "Feature", "properties": { "id": 201148, "left": -45.714581195999997, "top": -12.678465016000001, "right": -45.714221871999996, "bottom": -12.67882434, "centroid_x": -45.714402, "centroid_y": -12.678645, "talhao": "PL LOTE 01" }, "geometry": { "type": "MultiPolygon", "coordinates": [ [ [ [ -45.714581196, -12.678465016 ], [ -45.714221872, -12.678465016 ], [ -45.714221872, -12.67882434 ], [ -45.714581196, -12.67882434 ], [ -45.714581196, -12.678465016 ] ] ] ] } },
{ "type": "Feature", "properties": { "id": 201149, "left": -45.714581195999997, "top": -12.67882434, "right": -45.714221871999996, "bottom": -12.679183664, "centroid_x": -45.714402, "centroid_y": -12.679004, "talhao": "PL LOTE 01" }, "geometry": { "type": "MultiPolygon", "coordinates": [ [ [ [ -45.714581196, -12.67882434 ], [ -45.714221872, -12.67882434 ], [ -45.714221872, -12.679183664 ], [ -45.714581196, -12.679183664 ], [ -45.714581196, -12.67882434 ] ] ] ] } },
{ "type": "Feature", "properties": { "id": 201150, "left": -45.714581195999997, "top": -12.679183664, "right": -45.714221871999996, "bottom": -12.679542988, "centroid_x": -45.714402, "centroid_y": -12.679363, "talhao": "PL LOTE 01" }, "geometry": { "type": "MultiPolygon", "coordinates": [ [ [ [ -45.714581196, -12.679183664 ], [ -45.714221872, -12.679183664 ], [ -45.714221872, -12.679542988 ], [ -45.714581196, -12.679542988 ], [ -45.714581196, -12.679183664 ] ] ] ] } },
{ "type": "Feature", "properties": { "id": 201151, "left": -45.714581195999997, "top": -12.679542988, "right": -45.714221871999996, "bottom": -12.679902312, "centroid_x": -45.714402, "centroid_y": -12.679723, "talhao": "PL LOTE 01" }, "geometry": { "type": "MultiPolygon", "coordinates": [ [ [ [ -45.714581196, -12.679542988 ], [ -45.714221872, -12.679542988 ], [ -45.714221872, -12.679902312 ], [ -45.714581196, -12.679902312 ], [ -45.714581196, -12.679542988 ] ] ] ] } },
{ "type": "Feature", "properties": { "id": 201152, "left": -45.714581195999997, "top": -12.679902312, "right": -45.714221871999996, "bottom": -12.680261636, "centroid_x": -45.714402, "centroid_y": -12.680082, "talhao": "PL LOTE 01" }, "geometry": { "type": "MultiPolygon", "coordinates": [ [ [ [ -45.714581196, -12.679902312 ], [ -45.714221872, -12.679902312 ], [ -45.714221872, -12.680261636 ], [ -45.714581196, -12.680261636 ], [ -45.714581196, -12.679902312 ] ] ] ] } },
{ "type": "Feature", "properties": { "id": 201153, "left": -45.714581195999997, "top": -12.680261636, "right": -45.714221871999996, "bottom": -12.68062096, "centroid_x": -45.714402, "centroid_y": -12.680441, "talhao": "PL LOTE 01" }, "geometry": { "type": "MultiPolygon", "coordinates": [ [ [ [ -45.714581196, -12.680261636 ], [ -45.714221872, -12.680261636 ], [ -45.714221872, -12.68062096 ], [ -45.714581196, -12.68062096 ], [ -45.714581196, -12.680261636 ] ] ] ] } },
{ "type": "Feature", "properties": { "id": 201154, "left": -45.714581195999997, "top": -12.68062096, "right": -45.714221871999996, "bottom": -12.680980284, "centroid_x": -45.714402, "centroid_y": -12.680801, "talhao": "PL LOTE 01" }, "geometry": { "type": "MultiPolygon", "coordinates": [ [ [ [ -45.714581196, -12.68062096 ], [ -45.714221872, -12.68062096 ], [ -45.714221872, -12.680980284 ], [ -45.714581196, -12.680980284 ], [ -45.714581196, -12.68062096 ] ] ] ] } },
{ "type": "Feature", "properties": { "id": 201155, "left": -45.714581195999997, "top": -12.680980284, "right": -45.714221871999996, "bottom": -12.681339608, "centroid_x": -45.714402, "centroid_y": -12.68116, "talhao": "PL LOTE 01" }, "geometry": { "type": "MultiPolygon", "coordinates": [ [ [ [ -45.714581196, -12.680980284 ], [ -45.714221872, -12.680980284 ], [ -45.714221872, -12.681339608 ], [ -45.714581196, -12.681339608 ], [ -45.714581196, -12.680980284 ] ] ] ] } },
{ "type": "Feature", "properties": { "id": 201156, "left": -45.714581195999997, "top": -12.681339608, "right": -45.714221871999996, "bottom": -12.681698932, "centroid_x": -45.714402, "centroid_y": -12.681519, "talhao": "PL LOTE 01" }, "geometry": { "type": "MultiPolygon", "coordinates": [ [ [ [ -45.714581196, -12.681339608 ], [ -45.714221872, -12.681339608 ], [ -45.714221872, -12.681698932 ], [ -45.714581196, -12.681698932 ], [ -45.714581196, -12.681339608 ] ] ] ] } },
{ "type": "Feature", "properties": { "id": 201157, "left": -45.714581195999997, "top": -12.681698932, "right": -45.714221871999996, "bottom": -12.682058256, "centroid_x": -45.714402, "centroid_y": -12.681879, "talhao": "PL LOTE 01" }, "geometry": { "type": "MultiPolygon", "coordinates": [ [ [ [ -45.714581196, -12.681698932 ], [ -45.714221872, -12.681698932 ], [ -45.714221872, -12.682058256 ], [ -45.714581196, -12.682058256 ], [ -45.714581196, -12.681698932 ] ] ] ] } },
{ "type": "Feature", "properties": { "id": 201158, "left": -45.714581195999997, "top": -12.682058256, "right": -45.714221871999996, "bottom": -12.68241758, "centroid_x": -45.714402, "centroid_y": -12.682238, "talhao": "PL LOTE 01" }, "geometry": { "type": "MultiPolygon", "coordinates": [ [ [ [ -45.714581196, -12.682058256 ], [ -45.714221872, -12.682058256 ], [ -45.714221872, -12.68241758 ], [ -45.714581196, -12.68241758 ], [ -45.714581196, -12.682058256 ] ] ] ] } },
{ "type": "Feature", "properties": { "id": 201159, "left": -45.714581195999997, "top": -12.68241758, "right": -45.714221871999996, "bottom": -12.682776904000001, "centroid_x": -45.714402, "centroid_y": -12.682597, "talhao": "PL LOTE 01" }, "geometry": { "type": "MultiPolygon", "coordinates": [ [ [ [ -45.714581196, -12.68241758 ], [ -45.714221872, -12.68241758 ], [ -45.714221872, -12.682776904 ], [ -45.714581196, -12.682776904 ], [ -45.714581196, -12.68241758 ] ] ] ] } },
{ "type": "Feature", "properties": { "id": 201160, "left": -45.714581195999997, "top": -12.682776904000001, "right": -45.714221871999996, "bottom": -12.683136228, "centroid_x": -45.714402, "centroid_y": -12.682957, "talhao": "PL LOTE 01" }, "geometry": { "type": "MultiPolygon", "coordinates": [ [ [ [ -45.714581196, -12.682776904 ], [ -45.714221872, -12.682776904 ], [ -45.714221872, -12.683136228 ], [ -45.714581196, -12.683136228 ], [ -45.714581196, -12.682776904 ] ] ] ] } },
{ "type": "Feature", "properties": { "id": 201161, "left": -45.714581195999997, "top": -12.683136228, "right": -45.714221871999996, "bottom": -12.683495551999998, "centroid_x": -45.714402, "centroid_y": -12.683316, "talhao": "PL LOTE 01" }, "geometry": { "type": "MultiPolygon", "coordinates": [ [ [ [ -45.714581196, -12.683136228 ], [ -45.714221872, -12.683136228 ], [ -45.714221872, -12.683495552 ], [ -45.714581196, -12.683495552 ], [ -45.714581196, -12.683136228 ] ] ] ] } },
{ "type": "Feature", "properties": { "id": 201162, "left": -45.714581195999997, "top": -12.683495552, "right": -45.714221871999996, "bottom": -12.683854876, "centroid_x": -45.714402, "centroid_y": -12.683675, "talhao": "PL LOTE 01" }, "geometry": { "type": "MultiPolygon", "coordinates": [ [ [ [ -45.714581196, -12.683495552 ], [ -45.714221872, -12.683495552 ], [ -45.714221872, -12.683854876 ], [ -45.714581196, -12.683854876 ], [ -45.714581196, -12.683495552 ] ] ] ] } },
{ "type": "Feature", "properties": { "id": 201163, "left": -45.714581195999997, "top": -12.683854876, "right": -45.714221871999996, "bottom": -12.6842142, "centroid_x": -45.714402, "centroid_y": -12.684035, "talhao": "PL LOTE 01" }, "geometry": { "type": "MultiPolygon", "coordinates": [ [ [ [ -45.714581196, -12.683854876 ], [ -45.714221872, -12.683854876 ], [ -45.714221872, -12.6842142 ], [ -45.714581196, -12.6842142 ], [ -45.714581196, -12.683854876 ] ] ] ] } },
{ "type": "Feature", "properties": { "id": 201164, "left": -45.714581195999997, "top": -12.6842142, "right": -45.714221871999996, "bottom": -12.684573524, "centroid_x": -45.714402, "centroid_y": -12.684394, "talhao": "PL LOTE 01" }, "geometry": { "type": "MultiPolygon", "coordinates": [ [ [ [ -45.714581196, -12.6842142 ], [ -45.714221872, -12.6842142 ], [ -45.714221872, -12.684573524 ], [ -45.714581196, -12.684573524 ], [ -45.714581196, -12.6842142 ] ] ] ] } },
{ "type": "Feature", "properties": { "id": 201165, "left": -45.714581195999997, "top": -12.684573524, "right": -45.714221871999996, "bottom": -12.684932848000001, "centroid_x": -45.714402, "centroid_y": -12.684753, "talhao": "PL LOTE 01" }, "geometry": { "type": "MultiPolygon", "coordinates": [ [ [ [ -45.714581196, -12.684573524 ], [ -45.714221872, -12.684573524 ], [ -45.714221872, -12.684932848 ], [ -45.714581196, -12.684932848 ], [ -45.714581196, -12.684573524 ] ] ] ] } },
{ "type": "Feature", "properties": { "id": 201166, "left": -45.714581195999997, "top": -12.684932848000001, "right": -45.714221871999996, "bottom": -12.685292172, "centroid_x": -45.71442, "centroid_y": -12.685041, "talhao": "PL LOTE 01" }, "geometry": { "type": "MultiPolygon", "coordinates": [ [ [ [ -45.714286, -12.6851 ], [ -45.714581196, -12.6852094037807 ], [ -45.714581196, -12.684932848 ], [ -45.714221872, -12.684932848 ], [ -45.714221872, -12.685078605007551 ], [ -45.714286, -12.6851 ] ] ] ] } },
{ "type": "Feature", "properties": { "id": 201182, "left": -45.714221872000003, "top": -12.67163786, "right": -45.713862548000002, "bottom": -12.671997184, "centroid_x": -45.713983, "centroid_y": -12.671896, "talhao": "PL LOTE 01" }, "geometry": { "type": "MultiPolygon", "coordinates": [ [ [ [ -45.713862548, -12.671692699578058 ], [ -45.713862548, -12.671997184 ], [ -45.714221872, -12.671997184 ], [ -45.714221872, -12.671994188315306 ], [ -45.713862548, -12.671692699578058 ] ] ] ] } },
{ "type": "Feature", "properties": { "id": 201183, "left": -45.714221872000003, "top": -12.671997184, "right": -45.713862548000002, "bottom": -12.672356508, "centroid_x": -45.714042, "centroid_y": -12.672177, "talhao": "PL LOTE 01" }, "geometry": { "type": "MultiPolygon", "coordinates": [ [ [ [ -45.714221872, -12.671997184 ], [ -45.713862548, -12.671997184 ], [ -45.713862548, -12.672356508 ], [ -45.714221872, -12.672356508 ], [ -45.714221872, -12.671997184 ] ] ] ] } },
{ "type": "Feature", "properties": { "id": 201184, "left": -45.714221872000003, "top": -12.672356508, "right": -45.713862548000002, "bottom": -12.672715832, "centroid_x": -45.714042, "centroid_y": -12.672536, "talhao": "PL LOTE 01" }, "geometry": { "type": "MultiPolygon", "coordinates": [ [ [ [ -45.714221872, -12.672356508 ], [ -45.713862548, -12.672356508 ], [ -45.713862548, -12.672715832 ], [ -45.714221872, -12.672715832 ], [ -45.714221872, -12.672356508 ] ] ] ] } },
{ "type": "Feature", "properties": { "id": 201185, "left": -45.714221872000003, "top": -12.672715832, "right": -45.713862548000002, "bottom": -12.673075156, "centroid_x": -45.714042, "centroid_y": -12.672895, "talhao": "PL LOTE 01" }, "geometry": { "type": "MultiPolygon", "coordinates": [ [ [ [ -45.714221872, -12.672715832 ], [ -45.713862548, -12.672715832 ], [ -45.713862548, -12.673075156 ], [ -45.714221872, -12.673075156 ], [ -45.714221872, -12.672715832 ] ] ] ] } },
{ "type": "Feature", "properties": { "id": 201186, "left": -45.714221872000003, "top": -12.673075156, "right": -45.713862548000002, "bottom": -12.67343448, "centroid_x": -45.714042, "centroid_y": -12.673255, "talhao": "PL LOTE 01" }, "geometry": { "type": "MultiPolygon", "coordinates": [ [ [ [ -45.714221872, -12.673075156 ], [ -45.713862548, -12.673075156 ], [ -45.713862548, -12.67343448 ], [ -45.714221872, -12.67343448 ], [ -45.714221872, -12.673075156 ] ] ] ] } },
{ "type": "Feature", "properties": { "id": 201187, "left": -45.714221872000003, "top": -12.67343448, "right": -45.713862548000002, "bottom": -12.673793804000001, "centroid_x": -45.714042, "centroid_y": -12.673614, "talhao": "PL LOTE 01" }, "geometry": { "type": "MultiPolygon", "coordinates": [ [ [ [ -45.714221872, -12.67343448 ], [ -45.713862548, -12.67343448 ], [ -45.713862548, -12.673793804 ], [ -45.714221872, -12.673793804 ], [ -45.714221872, -12.67343448 ] ] ] ] } },
{ "type": "Feature", "properties": { "id": 201188, "left": -45.714221872000003, "top": -12.673793804000001, "right": -45.713862548000002, "bottom": -12.674153128, "centroid_x": -45.714042, "centroid_y": -12.673973, "talhao": "PL LOTE 01" }, "geometry": { "type": "MultiPolygon", "coordinates": [ [ [ [ -45.714221872, -12.673793804 ], [ -45.713862548, -12.673793804 ], [ -45.713862548, -12.674153128 ], [ -45.714221872, -12.674153128 ], [ -45.714221872, -12.673793804 ] ] ] ] } },
{ "type": "Feature", "properties": { "id": 201189, "left": -45.714221872000003, "top": -12.674153128, "right": -45.713862548000002, "bottom": -12.674512452, "centroid_x": -45.714042, "centroid_y": -12.674333, "talhao": "PL LOTE 01" }, "geometry": { "type": "MultiPolygon", "coordinates": [ [ [ [ -45.714221872, -12.674153128 ], [ -45.713862548, -12.674153128 ], [ -45.713862548, -12.674512452 ], [ -45.714221872, -12.674512452 ], [ -45.714221872, -12.674153128 ] ] ] ] } },
{ "type": "Feature", "properties": { "id": 201190, "left": -45.714221872000003, "top": -12.674512452, "right": -45.713862548000002, "bottom": -12.674871776, "centroid_x": -45.714042, "centroid_y": -12.674692, "talhao": "PL LOTE 01" }, "geometry": { "type": "MultiPolygon", "coordinates": [ [ [ [ -45.714221872, -12.674512452 ], [ -45.713862548, -12.674512452 ], [ -45.713862548, -12.674871776 ], [ -45.714221872, -12.674871776 ], [ -45.714221872, -12.674512452 ] ] ] ] } },
{ "type": "Feature", "properties": { "id": 201191, "left": -45.714221872000003, "top": -12.674871776, "right": -45.713862548000002, "bottom": -12.6752311, "centroid_x": -45.714042, "centroid_y": -12.675051, "talhao": "PL LOTE 01" }, "geometry": { "type": "MultiPolygon", "coordinates": [ [ [ [ -45.714221872, -12.674871776 ], [ -45.713862548, -12.674871776 ], [ -45.713862548, -12.6752311 ], [ -45.714221872, -12.6752311 ], [ -45.714221872, -12.674871776 ] ] ] ] } },
{ "type": "Feature", "properties": { "id": 201192, "left": -45.714221872000003, "top": -12.6752311, "right": -45.713862548000002, "bottom": -12.675590424, "centroid_x": -45.714042, "centroid_y": -12.675411, "talhao": "PL LOTE 01" }, "geometry": { "type": "MultiPolygon", "coordinates": [ [ [ [ -45.714221872, -12.6752311 ], [ -45.713862548, -12.6752311 ], [ -45.713862548, -12.675590424 ], [ -45.714221872, -12.675590424 ], [ -45.714221872, -12.6752311 ] ] ] ] } },
{ "type": "Feature", "properties": { "id": 201193, "left": -45.714221872000003, "top": -12.675590424, "right": -45.713862548000002, "bottom": -12.675949748000001, "centroid_x": -45.714042, "centroid_y": -12.67577, "talhao": "PL LOTE 01" }, "geometry": { "type": "MultiPolygon", "coordinates": [ [ [ [ -45.714221872, -12.675590424 ], [ -45.713862548, -12.675590424 ], [ -45.713862548, -12.675949748 ], [ -45.714221872, -12.675949748 ], [ -45.714221872, -12.675590424 ] ] ] ] } },
{ "type": "Feature", "properties": { "id": 201194, "left": -45.714221872000003, "top": -12.675949748000001, "right": -45.713862548000002, "bottom": -12.676309072, "centroid_x": -45.714042, "centroid_y": -12.676129, "talhao": "PL LOTE 01" }, "geometry": { "type": "MultiPolygon", "coordinates": [ [ [ [ -45.714221872, -12.675949748 ], [ -45.713862548, -12.675949748 ], [ -45.713862548, -12.676309072 ], [ -45.714221872, -12.676309072 ], [ -45.714221872, -12.675949748 ] ] ] ] } },
{ "type": "Feature", "properties": { "id": 201195, "left": -45.714221872000003, "top": -12.676309072, "right": -45.713862548000002, "bottom": -12.676668395999998, "centroid_x": -45.714042, "centroid_y": -12.676489, "talhao": "PL LOTE 01" }, "geometry": { "type": "MultiPolygon", "coordinates": [ [ [ [ -45.714221872, -12.676309072 ], [ -45.713862548, -12.676309072 ], [ -45.713862548, -12.676668396 ], [ -45.714221872, -12.676668396 ], [ -45.714221872, -12.676309072 ] ] ] ] } },
{ "type": "Feature", "properties": { "id": 201196, "left": -45.714221872000003, "top": -12.676668396, "right": -45.713862548000002, "bottom": -12.67702772, "centroid_x": -45.714042, "centroid_y": -12.676848, "talhao": "PL LOTE 01" }, "geometry": { "type": "MultiPolygon", "coordinates": [ [ [ [ -45.714221872, -12.676668396 ], [ -45.713862548, -12.676668396 ], [ -45.713862548, -12.67702772 ], [ -45.714221872, -12.67702772 ], [ -45.714221872, -12.676668396 ] ] ] ] } },
{ "type": "Feature", "properties": { "id": 201197, "left": -45.714221872000003, "top": -12.67702772, "right": -45.713862548000002, "bottom": -12.677387044, "centroid_x": -45.714042, "centroid_y": -12.677207, "talhao": "PL LOTE 01" }, "geometry": { "type": "MultiPolygon", "coordinates": [ [ [ [ -45.714221872, -12.67702772 ], [ -45.713862548, -12.67702772 ], [ -45.713862548, -12.677387044 ], [ -45.714221872, -12.677387044 ], [ -45.714221872, -12.67702772 ] ] ] ] } },
{ "type": "Feature", "properties": { "id": 201198, "left": -45.714221872000003, "top": -12.677387044, "right": -45.713862548000002, "bottom": -12.677746368, "centroid_x": -45.714042, "centroid_y": -12.677567, "talhao": "PL LOTE 01" }, "geometry": { "type": "MultiPolygon", "coordinates": [ [ [ [ -45.714221872, -12.677387044 ], [ -45.713862548, -12.677387044 ], [ -45.713862548, -12.677746368 ], [ -45.714221872, -12.677746368 ], [ -45.714221872, -12.677387044 ] ] ] ] } },
{ "type": "Feature", "properties": { "id": 201199, "left": -45.714221872000003, "top": -12.677746368, "right": -45.713862548000002, "bottom": -12.678105692000001, "centroid_x": -45.714042, "centroid_y": -12.677926, "talhao": "PL LOTE 01" }, "geometry": { "type": "MultiPolygon", "coordinates": [ [ [ [ -45.714221872, -12.677746368 ], [ -45.713862548, -12.677746368 ], [ -45.713862548, -12.678105692 ], [ -45.714221872, -12.678105692 ], [ -45.714221872, -12.677746368 ] ] ] ] } },
{ "type": "Feature", "properties": { "id": 201200, "left": -45.714221872000003, "top": -12.678105692000001, "right": -45.713862548000002, "bottom": -12.678465016000001, "centroid_x": -45.714042, "centroid_y": -12.678285, "talhao": "PL LOTE 01" }, "geometry": { "type": "MultiPolygon", "coordinates": [ [ [ [ -45.714221872, -12.678105692 ], [ -45.713862548, -12.678105692 ], [ -45.713862548, -12.678465016 ], [ -45.714221872, -12.678465016 ], [ -45.714221872, -12.678105692 ] ] ] ] } },
{ "type": "Feature", "properties": { "id": 201201, "left": -45.714221872000003, "top": -12.678465016000001, "right": -45.713862548000002, "bottom": -12.67882434, "centroid_x": -45.714042, "centroid_y": -12.678645, "talhao": "PL LOTE 01" }, "geometry": { "type": "MultiPolygon", "coordinates": [ [ [ [ -45.714221872, -12.678465016 ], [ -45.713862548, -12.678465016 ], [ -45.713862548, -12.67882434 ], [ -45.714221872, -12.67882434 ], [ -45.714221872, -12.678465016 ] ] ] ] } },
{ "type": "Feature", "properties": { "id": 201202, "left": -45.714221872000003, "top": -12.67882434, "right": -45.713862548000002, "bottom": -12.679183664, "centroid_x": -45.714042, "centroid_y": -12.679004, "talhao": "PL LOTE 01" }, "geometry": { "type": "MultiPolygon", "coordinates": [ [ [ [ -45.714221872, -12.67882434 ], [ -45.713862548, -12.67882434 ], [ -45.713862548, -12.679183664 ], [ -45.714221872, -12.679183664 ], [ -45.714221872, -12.67882434 ] ] ] ] } },
{ "type": "Feature", "properties": { "id": 201203, "left": -45.714221872000003, "top": -12.679183664, "right": -45.713862548000002, "bottom": -12.679542988, "centroid_x": -45.714042, "centroid_y": -12.679363, "talhao": "PL LOTE 01" }, "geometry": { "type": "MultiPolygon", "coordinates": [ [ [ [ -45.714221872, -12.679183664 ], [ -45.713862548, -12.679183664 ], [ -45.713862548, -12.679542988 ], [ -45.714221872, -12.679542988 ], [ -45.714221872, -12.679183664 ] ] ] ] } },
{ "type": "Feature", "properties": { "id": 201204, "left": -45.714221872000003, "top": -12.679542988, "right": -45.713862548000002, "bottom": -12.679902312, "centroid_x": -45.714042, "centroid_y": -12.679723, "talhao": "PL LOTE 01" }, "geometry": { "type": "MultiPolygon", "coordinates": [ [ [ [ -45.714221872, -12.679542988 ], [ -45.713862548, -12.679542988 ], [ -45.713862548, -12.679902312 ], [ -45.714221872, -12.679902312 ], [ -45.714221872, -12.679542988 ] ] ] ] } },
{ "type": "Feature", "properties": { "id": 201205, "left": -45.714221872000003, "top": -12.679902312, "right": -45.713862548000002, "bottom": -12.680261636, "centroid_x": -45.714042, "centroid_y": -12.680082, "talhao": "PL LOTE 01" }, "geometry": { "type": "MultiPolygon", "coordinates": [ [ [ [ -45.714221872, -12.679902312 ], [ -45.713862548, -12.679902312 ], [ -45.713862548, -12.680261636 ], [ -45.714221872, -12.680261636 ], [ -45.714221872, -12.679902312 ] ] ] ] } },
{ "type": "Feature", "properties": { "id": 201206, "left": -45.714221872000003, "top": -12.680261636, "right": -45.713862548000002, "bottom": -12.68062096, "centroid_x": -45.714042, "centroid_y": -12.680441, "talhao": "PL LOTE 01" }, "geometry": { "type": "MultiPolygon", "coordinates": [ [ [ [ -45.714221872, -12.680261636 ], [ -45.713862548, -12.680261636 ], [ -45.713862548, -12.68062096 ], [ -45.714221872, -12.68062096 ], [ -45.714221872, -12.680261636 ] ] ] ] } },
{ "type": "Feature", "properties": { "id": 201207, "left": -45.714221872000003, "top": -12.68062096, "right": -45.713862548000002, "bottom": -12.680980284, "centroid_x": -45.714042, "centroid_y": -12.680801, "talhao": "PL LOTE 01" }, "geometry": { "type": "MultiPolygon", "coordinates": [ [ [ [ -45.714221872, -12.68062096 ], [ -45.713862548, -12.68062096 ], [ -45.713862548, -12.680980284 ], [ -45.714221872, -12.680980284 ], [ -45.714221872, -12.68062096 ] ] ] ] } },
{ "type": "Feature", "properties": { "id": 201208, "left": -45.714221872000003, "top": -12.680980284, "right": -45.713862548000002, "bottom": -12.681339608, "centroid_x": -45.714042, "centroid_y": -12.68116, "talhao": "PL LOTE 01" }, "geometry": { "type": "MultiPolygon", "coordinates": [ [ [ [ -45.714221872, -12.680980284 ], [ -45.713862548, -12.680980284 ], [ -45.713862548, -12.681339608 ], [ -45.714221872, -12.681339608 ], [ -45.714221872, -12.680980284 ] ] ] ] } },
{ "type": "Feature", "properties": { "id": 201209, "left": -45.714221872000003, "top": -12.681339608, "right": -45.713862548000002, "bottom": -12.681698932, "centroid_x": -45.714042, "centroid_y": -12.681519, "talhao": "PL LOTE 01" }, "geometry": { "type": "MultiPolygon", "coordinates": [ [ [ [ -45.714221872, -12.681339608 ], [ -45.713862548, -12.681339608 ], [ -45.713862548, -12.681698932 ], [ -45.714221872, -12.681698932 ], [ -45.714221872, -12.681339608 ] ] ] ] } },
{ "type": "Feature", "properties": { "id": 201210, "left": -45.714221872000003, "top": -12.681698932, "right": -45.713862548000002, "bottom": -12.682058256, "centroid_x": -45.714042, "centroid_y": -12.681879, "talhao": "PL LOTE 01" }, "geometry": { "type": "MultiPolygon", "coordinates": [ [ [ [ -45.714221872, -12.681698932 ], [ -45.713862548, -12.681698932 ], [ -45.713862548, -12.682058256 ], [ -45.714221872, -12.682058256 ], [ -45.714221872, -12.681698932 ] ] ] ] } },
{ "type": "Feature", "properties": { "id": 201211, "left": -45.714221872000003, "top": -12.682058256, "right": -45.713862548000002, "bottom": -12.68241758, "centroid_x": -45.714042, "centroid_y": -12.682238, "talhao": "PL LOTE 01" }, "geometry": { "type": "MultiPolygon", "coordinates": [ [ [ [ -45.714221872, -12.682058256 ], [ -45.713862548, -12.682058256 ], [ -45.713862548, -12.68241758 ], [ -45.714221872, -12.68241758 ], [ -45.714221872, -12.682058256 ] ] ] ] } },
{ "type": "Feature", "properties": { "id": 201212, "left": -45.714221872000003, "top": -12.68241758, "right": -45.713862548000002, "bottom": -12.682776904000001, "centroid_x": -45.714042, "centroid_y": -12.682597, "talhao": "PL LOTE 01" }, "geometry": { "type": "MultiPolygon", "coordinates": [ [ [ [ -45.714221872, -12.68241758 ], [ -45.713862548, -12.68241758 ], [ -45.713862548, -12.682776904 ], [ -45.714221872, -12.682776904 ], [ -45.714221872, -12.68241758 ] ] ] ] } },
{ "type": "Feature", "properties": { "id": 201213, "left": -45.714221872000003, "top": -12.682776904000001, "right": -45.713862548000002, "bottom": -12.683136228, "centroid_x": -45.714042, "centroid_y": -12.682957, "talhao": "PL LOTE 01" }, "geometry": { "type": "MultiPolygon", "coordinates": [ [ [ [ -45.714221872, -12.682776904 ], [ -45.713862548, -12.682776904 ], [ -45.713862548, -12.683136228 ], [ -45.714221872, -12.683136228 ], [ -45.714221872, -12.682776904 ] ] ] ] } },
{ "type": "Feature", "properties": { "id": 201214, "left": -45.714221872000003, "top": -12.683136228, "right": -45.713862548000002, "bottom": -12.683495551999998, "centroid_x": -45.714042, "centroid_y": -12.683316, "talhao": "PL LOTE 01" }, "geometry": { "type": "MultiPolygon", "coordinates": [ [ [ [ -45.714221872, -12.683136228 ], [ -45.713862548, -12.683136228 ], [ -45.713862548, -12.683495552 ], [ -45.714221872, -12.683495552 ], [ -45.714221872, -12.683136228 ] ] ] ] } },
{ "type": "Feature", "properties": { "id": 201215, "left": -45.714221872000003, "top": -12.683495552, "right": -45.713862548000002, "bottom": -12.683854876, "centroid_x": -45.714042, "centroid_y": -12.683675, "talhao": "PL LOTE 01" }, "geometry": { "type": "MultiPolygon", "coordinates": [ [ [ [ -45.714221872, -12.683495552 ], [ -45.713862548, -12.683495552 ], [ -45.713862548, -12.683854876 ], [ -45.714221872, -12.683854876 ], [ -45.714221872, -12.683495552 ] ] ] ] } },
{ "type": "Feature", "properties": { "id": 201216, "left": -45.714221872000003, "top": -12.683854876, "right": -45.713862548000002, "bottom": -12.6842142, "centroid_x": -45.714042, "centroid_y": -12.684035, "talhao": "PL LOTE 01" }, "geometry": { "type": "MultiPolygon", "coordinates": [ [ [ [ -45.714221872, -12.683854876 ], [ -45.713862548, -12.683854876 ], [ -45.713862548, -12.6842142 ], [ -45.714221872, -12.6842142 ], [ -45.714221872, -12.683854876 ] ] ] ] } },
{ "type": "Feature", "properties": { "id": 201217, "left": -45.714221872000003, "top": -12.6842142, "right": -45.713862548000002, "bottom": -12.684573524, "centroid_x": -45.714042, "centroid_y": -12.684394, "talhao": "PL LOTE 01" }, "geometry": { "type": "MultiPolygon", "coordinates": [ [ [ [ -45.714221872, -12.6842142 ], [ -45.713862548, -12.6842142 ], [ -45.713862548, -12.684573524 ], [ -45.714221872, -12.684573524 ], [ -45.714221872, -12.6842142 ] ] ] ] } },
{ "type": "Feature", "properties": { "id": 201218, "left": -45.714221872000003, "top": -12.684573524, "right": -45.713862548000002, "bottom": -12.684932848000001, "centroid_x": -45.714042, "centroid_y": -12.684753, "talhao": "PL LOTE 01" }, "geometry": { "type": "MultiPolygon", "coordinates": [ [ [ [ -45.714221872, -12.684573524 ], [ -45.713862548, -12.684573524 ], [ -45.713862548, -12.684932848 ], [ -45.714221872, -12.684932848 ], [ -45.714221872, -12.684573524 ] ] ] ] } },
{ "type": "Feature", "properties": { "id": 201219, "left": -45.714221872000003, "top": -12.684932848000001, "right": -45.713862548000002, "bottom": -12.685292172, "centroid_x": -45.714084, "centroid_y": -12.684983, "talhao": "PL LOTE 01" }, "geometry": { "type": "MultiPolygon", "coordinates": [ [ [ [ -45.714221872, -12.685078605007552 ], [ -45.714221872, -12.684932848 ], [ -45.713862548, -12.684932848 ], [ -45.713862548, -12.684958723921813 ], [ -45.714221872, -12.685078605007552 ] ] ] ] } },
{ "type": "Feature", "properties": { "id": 201234, "left": -45.713862548000002, "top": -12.671278536000001, "right": -45.713503224, "bottom": -12.67163786, "centroid_x": -45.713601, "centroid_y": -12.671556, "talhao": "PL LOTE 01" }, "geometry": { "type": "MultiPolygon", "coordinates": [ [ [ [ -45.713503224, -12.671391210840811 ], [ -45.713503224, -12.67163786 ], [ -45.713797188422305, -12.67163786 ], [ -45.713503224, -12.671391210840811 ] ] ] ] } },
{ "type": "Feature", "properties": { "id": 201235, "left": -45.713862548000002, "top": -12.67163786, "right": -45.713503224, "bottom": -12.671997184, "centroid_x": -45.713681, "centroid_y": -12.67182, "talhao": "PL LOTE 01" }, "geometry": { "type": "MultiPolygon", "coordinates": [ [ [ [ -45.713797188422305, -12.67163786 ], [ -45.713503224, -12.67163786 ], [ -45.713503224, -12.671997184 ], [ -45.713862548, -12.671997184 ], [ -45.713862548, -12.671692699578058 ], [ -45.713797188422305, -12.67163786 ] ] ] ] } },
{ "type": "Feature", "properties": { "id": 201236, "left": -45.713862548000002, "top": -12.671997184, "right": -45.713503224, "bottom": -12.672356508, "centroid_x": -45.713683, "centroid_y": -12.672177, "talhao": "PL LOTE 01" }, "geometry": { "type": "MultiPolygon", "coordinates": [ [ [ [ -45.713862548, -12.671997184 ], [ -45.713503224, -12.671997184 ], [ -45.713503224, -12.672356508 ], [ -45.713862548, -12.672356508 ], [ -45.713862548, -12.671997184 ] ] ] ] } },
{ "type": "Feature", "properties": { "id": 201237, "left": -45.713862548000002, "top": -12.672356508, "right": -45.713503224, "bottom": -12.672715832, "centroid_x": -45.713683, "centroid_y": -12.672536, "talhao": "PL LOTE 01" }, "geometry": { "type": "MultiPolygon", "coordinates": [ [ [ [ -45.713862548, -12.672356508 ], [ -45.713503224, -12.672356508 ], [ -45.713503224, -12.672715832 ], [ -45.713862548, -12.672715832 ], [ -45.713862548, -12.672356508 ] ] ] ] } },
{ "type": "Feature", "properties": { "id": 201238, "left": -45.713862548000002, "top": -12.672715832, "right": -45.713503224, "bottom": -12.673075156, "centroid_x": -45.713683, "centroid_y": -12.672895, "talhao": "PL LOTE 01" }, "geometry": { "type": "MultiPolygon", "coordinates": [ [ [ [ -45.713862548, -12.672715832 ], [ -45.713503224, -12.672715832 ], [ -45.713503224, -12.673075156 ], [ -45.713862548, -12.673075156 ], [ -45.713862548, -12.672715832 ] ] ] ] } },
{ "type": "Feature", "properties": { "id": 201239, "left": -45.713862548000002, "top": -12.673075156, "right": -45.713503224, "bottom": -12.67343448, "centroid_x": -45.713683, "centroid_y": -12.673255, "talhao": "PL LOTE 01" }, "geometry": { "type": "MultiPolygon", "coordinates": [ [ [ [ -45.713862548, -12.673075156 ], [ -45.713503224, -12.673075156 ], [ -45.713503224, -12.67343448 ], [ -45.713862548, -12.67343448 ], [ -45.713862548, -12.673075156 ] ] ] ] } },
{ "type": "Feature", "properties": { "id": 201240, "left": -45.713862548000002, "top": -12.67343448, "right": -45.713503224, "bottom": -12.673793804000001, "centroid_x": -45.713683, "centroid_y": -12.673614, "talhao": "PL LOTE 01" }, "geometry": { "type": "MultiPolygon", "coordinates": [ [ [ [ -45.713862548, -12.67343448 ], [ -45.713503224, -12.67343448 ], [ -45.713503224, -12.673793804 ], [ -45.713862548, -12.673793804 ], [ -45.713862548, -12.67343448 ] ] ] ] } },
{ "type": "Feature", "properties": { "id": 201241, "left": -45.713862548000002, "top": -12.673793804000001, "right": -45.713503224, "bottom": -12.674153128, "centroid_x": -45.713683, "centroid_y": -12.673973, "talhao": "PL LOTE 01" }, "geometry": { "type": "MultiPolygon", "coordinates": [ [ [ [ -45.713862548, -12.673793804 ], [ -45.713503224, -12.673793804 ], [ -45.713503224, -12.674153128 ], [ -45.713862548, -12.674153128 ], [ -45.713862548, -12.673793804 ] ] ] ] } },
{ "type": "Feature", "properties": { "id": 201242, "left": -45.713862548000002, "top": -12.674153128, "right": -45.713503224, "bottom": -12.674512452, "centroid_x": -45.713683, "centroid_y": -12.674333, "talhao": "PL LOTE 01" }, "geometry": { "type": "MultiPolygon", "coordinates": [ [ [ [ -45.713862548, -12.674153128 ], [ -45.713503224, -12.674153128 ], [ -45.713503224, -12.674512452 ], [ -45.713862548, -12.674512452 ], [ -45.713862548, -12.674153128 ] ] ] ] } },
{ "type": "Feature", "properties": { "id": 201243, "left": -45.713862548000002, "top": -12.674512452, "right": -45.713503224, "bottom": -12.674871776, "centroid_x": -45.713683, "centroid_y": -12.674692, "talhao": "PL LOTE 01" }, "geometry": { "type": "MultiPolygon", "coordinates": [ [ [ [ -45.713862548, -12.674512452 ], [ -45.713503224, -12.674512452 ], [ -45.713503224, -12.674871776 ], [ -45.713862548, -12.674871776 ], [ -45.713862548, -12.674512452 ] ] ] ] } },
{ "type": "Feature", "properties": { "id": 201244, "left": -45.713862548000002, "top": -12.674871776, "right": -45.713503224, "bottom": -12.6752311, "centroid_x": -45.713683, "centroid_y": -12.675051, "talhao": "PL LOTE 01" }, "geometry": { "type": "MultiPolygon", "coordinates": [ [ [ [ -45.713862548, -12.674871776 ], [ -45.713503224, -12.674871776 ], [ -45.713503224, -12.6752311 ], [ -45.713862548, -12.6752311 ], [ -45.713862548, -12.674871776 ] ] ] ] } },
{ "type": "Feature", "properties": { "id": 201245, "left": -45.713862548000002, "top": -12.6752311, "right": -45.713503224, "bottom": -12.675590424, "centroid_x": -45.713683, "centroid_y": -12.675411, "talhao": "PL LOTE 01" }, "geometry": { "type": "MultiPolygon", "coordinates": [ [ [ [ -45.713862548, -12.6752311 ], [ -45.713503224, -12.6752311 ], [ -45.713503224, -12.675590424 ], [ -45.713862548, -12.675590424 ], [ -45.713862548, -12.6752311 ] ] ] ] } },
{ "type": "Feature", "properties": { "id": 201246, "left": -45.713862548000002, "top": -12.675590424, "right": -45.713503224, "bottom": -12.675949748000001, "centroid_x": -45.713683, "centroid_y": -12.67577, "talhao": "PL LOTE 01" }, "geometry": { "type": "MultiPolygon", "coordinates": [ [ [ [ -45.713862548, -12.675590424 ], [ -45.713503224, -12.675590424 ], [ -45.713503224, -12.675949748 ], [ -45.713862548, -12.675949748 ], [ -45.713862548, -12.675590424 ] ] ] ] } },
{ "type": "Feature", "properties": { "id": 201247, "left": -45.713862548000002, "top": -12.675949748000001, "right": -45.713503224, "bottom": -12.676309072, "centroid_x": -45.713683, "centroid_y": -12.676129, "talhao": "PL LOTE 01" }, "geometry": { "type": "MultiPolygon", "coordinates": [ [ [ [ -45.713862548, -12.675949748 ], [ -45.713503224, -12.675949748 ], [ -45.713503224, -12.676309072 ], [ -45.713862548, -12.676309072 ], [ -45.713862548, -12.675949748 ] ] ] ] } },
{ "type": "Feature", "properties": { "id": 201248, "left": -45.713862548000002, "top": -12.676309072, "right": -45.713503224, "bottom": -12.676668395999998, "centroid_x": -45.713683, "centroid_y": -12.676489, "talhao": "PL LOTE 01" }, "geometry": { "type": "MultiPolygon", "coordinates": [ [ [ [ -45.713862548, -12.676309072 ], [ -45.713503224, -12.676309072 ], [ -45.713503224, -12.676668396 ], [ -45.713862548, -12.676668396 ], [ -45.713862548, -12.676309072 ] ] ] ] } },
{ "type": "Feature", "properties": { "id": 201249, "left": -45.713862548000002, "top": -12.676668396, "right": -45.713503224, "bottom": -12.67702772, "centroid_x": -45.713683, "centroid_y": -12.676848, "talhao": "PL LOTE 01" }, "geometry": { "type": "MultiPolygon", "coordinates": [ [ [ [ -45.713862548, -12.676668396 ], [ -45.713503224, -12.676668396 ], [ -45.713503224, -12.67702772 ], [ -45.713862548, -12.67702772 ], [ -45.713862548, -12.676668396 ] ] ] ] } },
{ "type": "Feature", "properties": { "id": 201250, "left": -45.713862548000002, "top": -12.67702772, "right": -45.713503224, "bottom": -12.677387044, "centroid_x": -45.713683, "centroid_y": -12.677207, "talhao": "PL LOTE 01" }, "geometry": { "type": "MultiPolygon", "coordinates": [ [ [ [ -45.713862548, -12.67702772 ], [ -45.713503224, -12.67702772 ], [ -45.713503224, -12.677387044 ], [ -45.713862548, -12.677387044 ], [ -45.713862548, -12.67702772 ] ] ] ] } },
{ "type": "Feature", "properties": { "id": 201251, "left": -45.713862548000002, "top": -12.677387044, "right": -45.713503224, "bottom": -12.677746368, "centroid_x": -45.713683, "centroid_y": -12.677567, "talhao": "PL LOTE 01" }, "geometry": { "type": "MultiPolygon", "coordinates": [ [ [ [ -45.713862548, -12.677387044 ], [ -45.713503224, -12.677387044 ], [ -45.713503224, -12.677746368 ], [ -45.713862548, -12.677746368 ], [ -45.713862548, -12.677387044 ] ] ] ] } },
{ "type": "Feature", "properties": { "id": 201252, "left": -45.713862548000002, "top": -12.677746368, "right": -45.713503224, "bottom": -12.678105692000001, "centroid_x": -45.713683, "centroid_y": -12.677926, "talhao": "PL LOTE 01" }, "geometry": { "type": "MultiPolygon", "coordinates": [ [ [ [ -45.713862548, -12.677746368 ], [ -45.713503224, -12.677746368 ], [ -45.713503224, -12.678105692 ], [ -45.713862548, -12.678105692 ], [ -45.713862548, -12.677746368 ] ] ] ] } },
{ "type": "Feature", "properties": { "id": 201253, "left": -45.713862548000002, "top": -12.678105692000001, "right": -45.713503224, "bottom": -12.678465016000001, "centroid_x": -45.713683, "centroid_y": -12.678285, "talhao": "PL LOTE 01" }, "geometry": { "type": "MultiPolygon", "coordinates": [ [ [ [ -45.713862548, -12.678105692 ], [ -45.713503224, -12.678105692 ], [ -45.713503224, -12.678465016 ], [ -45.713862548, -12.678465016 ], [ -45.713862548, -12.678105692 ] ] ] ] } },
{ "type": "Feature", "properties": { "id": 201254, "left": -45.713862548000002, "top": -12.678465016000001, "right": -45.713503224, "bottom": -12.67882434, "centroid_x": -45.713683, "centroid_y": -12.678645, "talhao": "PL LOTE 01" }, "geometry": { "type": "MultiPolygon", "coordinates": [ [ [ [ -45.713862548, -12.678465016 ], [ -45.713503224, -12.678465016 ], [ -45.713503224, -12.67882434 ], [ -45.713862548, -12.67882434 ], [ -45.713862548, -12.678465016 ] ] ] ] } },
{ "type": "Feature", "properties": { "id": 201255, "left": -45.713862548000002, "top": -12.67882434, "right": -45.713503224, "bottom": -12.679183664, "centroid_x": -45.713683, "centroid_y": -12.679004, "talhao": "PL LOTE 01" }, "geometry": { "type": "MultiPolygon", "coordinates": [ [ [ [ -45.713862548, -12.67882434 ], [ -45.713503224, -12.67882434 ], [ -45.713503224, -12.679183664 ], [ -45.713862548, -12.679183664 ], [ -45.713862548, -12.67882434 ] ] ] ] } },
{ "type": "Feature", "properties": { "id": 201256, "left": -45.713862548000002, "top": -12.679183664, "right": -45.713503224, "bottom": -12.679542988, "centroid_x": -45.713683, "centroid_y": -12.679363, "talhao": "PL LOTE 01" }, "geometry": { "type": "MultiPolygon", "coordinates": [ [ [ [ -45.713862548, -12.679183664 ], [ -45.713503224, -12.679183664 ], [ -45.713503224, -12.679542988 ], [ -45.713862548, -12.679542988 ], [ -45.713862548, -12.679183664 ] ] ] ] } },
{ "type": "Feature", "properties": { "id": 201257, "left": -45.713862548000002, "top": -12.679542988, "right": -45.713503224, "bottom": -12.679902312, "centroid_x": -45.713683, "centroid_y": -12.679723, "talhao": "PL LOTE 01" }, "geometry": { "type": "MultiPolygon", "coordinates": [ [ [ [ -45.713862548, -12.679542988 ], [ -45.713503224, -12.679542988 ], [ -45.713503224, -12.679902312 ], [ -45.713862548, -12.679902312 ], [ -45.713862548, -12.679542988 ] ] ] ] } },
{ "type": "Feature", "properties": { "id": 201258, "left": -45.713862548000002, "top": -12.679902312, "right": -45.713503224, "bottom": -12.680261636, "centroid_x": -45.713683, "centroid_y": -12.680082, "talhao": "PL LOTE 01" }, "geometry": { "type": "MultiPolygon", "coordinates": [ [ [ [ -45.713862548, -12.679902312 ], [ -45.713503224, -12.679902312 ], [ -45.713503224, -12.680261636 ], [ -45.713862548, -12.680261636 ], [ -45.713862548, -12.679902312 ] ] ] ] } },
{ "type": "Feature", "properties": { "id": 201259, "left": -45.713862548000002, "top": -12.680261636, "right": -45.713503224, "bottom": -12.68062096, "centroid_x": -45.713683, "centroid_y": -12.680441, "talhao": "PL LOTE 01" }, "geometry": { "type": "MultiPolygon", "coordinates": [ [ [ [ -45.713862548, -12.680261636 ], [ -45.713503224, -12.680261636 ], [ -45.713503224, -12.68062096 ], [ -45.713862548, -12.68062096 ], [ -45.713862548, -12.680261636 ] ] ] ] } },
{ "type": "Feature", "properties": { "id": 201260, "left": -45.713862548000002, "top": -12.68062096, "right": -45.713503224, "bottom": -12.680980284, "centroid_x": -45.713683, "centroid_y": -12.680801, "talhao": "PL LOTE 01" }, "geometry": { "type": "MultiPolygon", "coordinates": [ [ [ [ -45.713862548, -12.68062096 ], [ -45.713503224, -12.68062096 ], [ -45.713503224, -12.680980284 ], [ -45.713862548, -12.680980284 ], [ -45.713862548, -12.68062096 ] ] ] ] } },
{ "type": "Feature", "properties": { "id": 201261, "left": -45.713862548000002, "top": -12.680980284, "right": -45.713503224, "bottom": -12.681339608, "centroid_x": -45.713683, "centroid_y": -12.68116, "talhao": "PL LOTE 01" }, "geometry": { "type": "MultiPolygon", "coordinates": [ [ [ [ -45.713862548, -12.680980284 ], [ -45.713503224, -12.680980284 ], [ -45.713503224, -12.681339608 ], [ -45.713862548, -12.681339608 ], [ -45.713862548, -12.680980284 ] ] ] ] } },
{ "type": "Feature", "properties": { "id": 201262, "left": -45.713862548000002, "top": -12.681339608, "right": -45.713503224, "bottom": -12.681698932, "centroid_x": -45.713683, "centroid_y": -12.681519, "talhao": "PL LOTE 01" }, "geometry": { "type": "MultiPolygon", "coordinates": [ [ [ [ -45.713862548, -12.681339608 ], [ -45.713503224, -12.681339608 ], [ -45.713503224, -12.681698932 ], [ -45.713862548, -12.681698932 ], [ -45.713862548, -12.681339608 ] ] ] ] } },
{ "type": "Feature", "properties": { "id": 201263, "left": -45.713862548000002, "top": -12.681698932, "right": -45.713503224, "bottom": -12.682058256, "centroid_x": -45.713683, "centroid_y": -12.681879, "talhao": "PL LOTE 01" }, "geometry": { "type": "MultiPolygon", "coordinates": [ [ [ [ -45.713862548, -12.681698932 ], [ -45.713503224, -12.681698932 ], [ -45.713503224, -12.682058256 ], [ -45.713862548, -12.682058256 ], [ -45.713862548, -12.681698932 ] ] ] ] } },
{ "type": "Feature", "properties": { "id": 201264, "left": -45.713862548000002, "top": -12.682058256, "right": -45.713503224, "bottom": -12.68241758, "centroid_x": -45.713683, "centroid_y": -12.682238, "talhao": "PL LOTE 01" }, "geometry": { "type": "MultiPolygon", "coordinates": [ [ [ [ -45.713862548, -12.682058256 ], [ -45.713503224, -12.682058256 ], [ -45.713503224, -12.68241758 ], [ -45.713862548, -12.68241758 ], [ -45.713862548, -12.682058256 ] ] ] ] } },
{ "type": "Feature", "properties": { "id": 201265, "left": -45.713862548000002, "top": -12.68241758, "right": -45.713503224, "bottom": -12.682776904000001, "centroid_x": -45.713683, "centroid_y": -12.682597, "talhao": "PL LOTE 01" }, "geometry": { "type": "MultiPolygon", "coordinates": [ [ [ [ -45.713862548, -12.68241758 ], [ -45.713503224, -12.68241758 ], [ -45.713503224, -12.682776904 ], [ -45.713862548, -12.682776904 ], [ -45.713862548, -12.68241758 ] ] ] ] } },
{ "type": "Feature", "properties": { "id": 201266, "left": -45.713862548000002, "top": -12.682776904000001, "right": -45.713503224, "bottom": -12.683136228, "centroid_x": -45.713683, "centroid_y": -12.682957, "talhao": "PL LOTE 01" }, "geometry": { "type": "MultiPolygon", "coordinates": [ [ [ [ -45.713862548, -12.682776904 ], [ -45.713503224, -12.682776904 ], [ -45.713503224, -12.683136228 ], [ -45.713862548, -12.683136228 ], [ -45.713862548, -12.682776904 ] ] ] ] } },
{ "type": "Feature", "properties": { "id": 201267, "left": -45.713862548000002, "top": -12.683136228, "right": -45.713503224, "bottom": -12.683495551999998, "centroid_x": -45.713683, "centroid_y": -12.683316, "talhao": "PL LOTE 01" }, "geometry": { "type": "MultiPolygon", "coordinates": [ [ [ [ -45.713862548, -12.683136228 ], [ -45.713503224, -12.683136228 ], [ -45.713503224, -12.683495552 ], [ -45.713862548, -12.683495552 ], [ -45.713862548, -12.683136228 ] ] ] ] } },
{ "type": "Feature", "properties": { "id": 201268, "left": -45.713862548000002, "top": -12.683495552, "right": -45.713503224, "bottom": -12.683854876, "centroid_x": -45.713683, "centroid_y": -12.683675, "talhao": "PL LOTE 01" }, "geometry": { "type": "MultiPolygon", "coordinates": [ [ [ [ -45.713862548, -12.683495552 ], [ -45.713503224, -12.683495552 ], [ -45.713503224, -12.683854876 ], [ -45.713862548, -12.683854876 ], [ -45.713862548, -12.683495552 ] ] ] ] } },
{ "type": "Feature", "properties": { "id": 201269, "left": -45.713862548000002, "top": -12.683854876, "right": -45.713503224, "bottom": -12.6842142, "centroid_x": -45.713683, "centroid_y": -12.684035, "talhao": "PL LOTE 01" }, "geometry": { "type": "MultiPolygon", "coordinates": [ [ [ [ -45.713862548, -12.683854876 ], [ -45.713503224, -12.683854876 ], [ -45.713503224, -12.6842142 ], [ -45.713862548, -12.6842142 ], [ -45.713862548, -12.683854876 ] ] ] ] } },
{ "type": "Feature", "properties": { "id": 201270, "left": -45.713862548000002, "top": -12.6842142, "right": -45.713503224, "bottom": -12.684573524, "centroid_x": -45.713683, "centroid_y": -12.684394, "talhao": "PL LOTE 01" }, "geometry": { "type": "MultiPolygon", "coordinates": [ [ [ [ -45.713862548, -12.6842142 ], [ -45.713503224, -12.6842142 ], [ -45.713503224, -12.684573524 ], [ -45.713862548, -12.684573524 ], [ -45.713862548, -12.6842142 ] ] ] ] } },
{ "type": "Feature", "properties": { "id": 201271, "left": -45.713862548000002, "top": -12.684573524, "right": -45.713503224, "bottom": -12.684932848000001, "centroid_x": -45.713693, "centroid_y": -12.684736, "talhao": "PL LOTE 01" }, "geometry": { "type": "MultiPolygon", "coordinates": [ [ [ [ -45.71378498914514, -12.684932848 ], [ -45.713862548, -12.684932848 ], [ -45.713862548, -12.684573524 ], [ -45.713503224, -12.684573524 ], [ -45.713503224, -12.684838842836072 ], [ -45.71378498914514, -12.684932848 ] ] ] ] } },
{ "type": "Feature", "properties": { "id": 201272, "left": -45.713862548000002, "top": -12.684932848000001, "right": -45.713503224, "bottom": -12.685292172, "centroid_x": -45.713837, "centroid_y": -12.684941, "talhao": "PL LOTE 01" }, "geometry": { "type": "MultiPolygon", "coordinates": [ [ [ [ -45.713862548, -12.684958723921813 ], [ -45.713862548, -12.684932848 ], [ -45.71378498914514, -12.684932848 ], [ -45.713862548, -12.684958723921813 ] ] ] ] } },
{ "type": "Feature", "properties": { "id": 201286, "left": -45.713503224, "top": -12.670919212, "right": -45.7131439, "bottom": -12.671278536000001, "centroid_x": -45.713219, "centroid_y": -12.671216, "talhao": "PL LOTE 01" }, "geometry": { "type": "MultiPolygon", "coordinates": [ [ [ [ -45.7131439, -12.671089722103563 ], [ -45.7131439, -12.671278536 ], [ -45.71336893449098, -12.671278536 ], [ -45.7131439, -12.671089722103563 ] ] ] ] } },
{ "type": "Feature", "properties": { "id": 201287, "left": -45.713503224, "top": -12.671278536000001, "right": -45.7131439, "bottom": -12.67163786, "centroid_x": -45.713315, "centroid_y": -12.671467, "talhao": "PL LOTE 01" }, "geometry": { "type": "MultiPolygon", "coordinates": [ [ [ [ -45.71336893449098, -12.671278536 ], [ -45.7131439, -12.671278536 ], [ -45.7131439, -12.67163786 ], [ -45.713503224, -12.67163786 ], [ -45.713503224, -12.671391210840811 ], [ -45.71336893449098, -12.671278536 ] ] ] ] } },
{ "type": "Feature", "properties": { "id": 201288, "left": -45.713503224, "top": -12.67163786, "right": -45.7131439, "bottom": -12.671997184, "centroid_x": -45.713324, "centroid_y": -12.671818, "talhao": "PL LOTE 01" }, "geometry": { "type": "MultiPolygon", "coordinates": [ [ [ [ -45.713503224, -12.67163786 ], [ -45.7131439, -12.67163786 ], [ -45.7131439, -12.671997184 ], [ -45.713503224, -12.671997184 ], [ -45.713503224, -12.67163786 ] ] ] ] } },
{ "type": "Feature", "properties": { "id": 201289, "left": -45.713503224, "top": -12.671997184, "right": -45.7131439, "bottom": -12.672356508, "centroid_x": -45.713324, "centroid_y": -12.672177, "talhao": "PL LOTE 01" }, "geometry": { "type": "MultiPolygon", "coordinates": [ [ [ [ -45.713503224, -12.671997184 ], [ -45.7131439, -12.671997184 ], [ -45.7131439, -12.672356508 ], [ -45.713503224, -12.672356508 ], [ -45.713503224, -12.671997184 ] ] ] ] } },
{ "type": "Feature", "properties": { "id": 201290, "left": -45.713503224, "top": -12.672356508, "right": -45.7131439, "bottom": -12.672715832, "centroid_x": -45.713324, "centroid_y": -12.672536, "talhao": "PL LOTE 01" }, "geometry": { "type": "MultiPolygon", "coordinates": [ [ [ [ -45.713503224, -12.672356508 ], [ -45.7131439, -12.672356508 ], [ -45.7131439, -12.672715832 ], [ -45.713503224, -12.672715832 ], [ -45.713503224, -12.672356508 ] ] ] ] } },
{ "type": "Feature", "properties": { "id": 201291, "left": -45.713503224, "top": -12.672715832, "right": -45.7131439, "bottom": -12.673075156, "centroid_x": -45.713324, "centroid_y": -12.672895, "talhao": "PL LOTE 01" }, "geometry": { "type": "MultiPolygon", "coordinates": [ [ [ [ -45.713503224, -12.672715832 ], [ -45.7131439, -12.672715832 ], [ -45.7131439, -12.673075156 ], [ -45.713503224, -12.673075156 ], [ -45.713503224, -12.672715832 ] ] ] ] } },
{ "type": "Feature", "properties": { "id": 201292, "left": -45.713503224, "top": -12.673075156, "right": -45.7131439, "bottom": -12.67343448, "centroid_x": -45.713324, "centroid_y": -12.673255, "talhao": "PL LOTE 01" }, "geometry": { "type": "MultiPolygon", "coordinates": [ [ [ [ -45.713503224, -12.673075156 ], [ -45.7131439, -12.673075156 ], [ -45.7131439, -12.67343448 ], [ -45.713503224, -12.67343448 ], [ -45.713503224, -12.673075156 ] ] ] ] } },
{ "type": "Feature", "properties": { "id": 201293, "left": -45.713503224, "top": -12.67343448, "right": -45.7131439, "bottom": -12.673793804000001, "centroid_x": -45.713324, "centroid_y": -12.673614, "talhao": "PL LOTE 01" }, "geometry": { "type": "MultiPolygon", "coordinates": [ [ [ [ -45.713503224, -12.67343448 ], [ -45.7131439, -12.67343448 ], [ -45.7131439, -12.673793804 ], [ -45.713503224, -12.673793804 ], [ -45.713503224, -12.67343448 ] ] ] ] } },
{ "type": "Feature", "properties": { "id": 201294, "left": -45.713503224, "top": -12.673793804000001, "right": -45.7131439, "bottom": -12.674153128, "centroid_x": -45.713324, "centroid_y": -12.673973, "talhao": "PL LOTE 01" }, "geometry": { "type": "MultiPolygon", "coordinates": [ [ [ [ -45.713503224, -12.673793804 ], [ -45.7131439, -12.673793804 ], [ -45.7131439, -12.674153128 ], [ -45.713503224, -12.674153128 ], [ -45.713503224, -12.673793804 ] ] ] ] } },
{ "type": "Feature", "properties": { "id": 201295, "left": -45.713503224, "top": -12.674153128, "right": -45.7131439, "bottom": -12.674512452, "centroid_x": -45.713324, "centroid_y": -12.674333, "talhao": "PL LOTE 01" }, "geometry": { "type": "MultiPolygon", "coordinates": [ [ [ [ -45.713503224, -12.674153128 ], [ -45.7131439, -12.674153128 ], [ -45.7131439, -12.674512452 ], [ -45.713503224, -12.674512452 ], [ -45.713503224, -12.674153128 ] ] ] ] } },
{ "type": "Feature", "properties": { "id": 201296, "left": -45.713503224, "top": -12.674512452, "right": -45.7131439, "bottom": -12.674871776, "centroid_x": -45.713324, "centroid_y": -12.674692, "talhao": "PL LOTE 01" }, "geometry": { "type": "MultiPolygon", "coordinates": [ [ [ [ -45.713503224, -12.674512452 ], [ -45.7131439, -12.674512452 ], [ -45.7131439, -12.674871776 ], [ -45.713503224, -12.674871776 ], [ -45.713503224, -12.674512452 ] ] ] ] } },
{ "type": "Feature", "properties": { "id": 201297, "left": -45.713503224, "top": -12.674871776, "right": -45.7131439, "bottom": -12.6752311, "centroid_x": -45.713324, "centroid_y": -12.675051, "talhao": "PL LOTE 01" }, "geometry": { "type": "MultiPolygon", "coordinates": [ [ [ [ -45.713503224, -12.674871776 ], [ -45.7131439, -12.674871776 ], [ -45.7131439, -12.6752311 ], [ -45.713503224, -12.6752311 ], [ -45.713503224, -12.674871776 ] ] ] ] } },
{ "type": "Feature", "properties": { "id": 201298, "left": -45.713503224, "top": -12.6752311, "right": -45.7131439, "bottom": -12.675590424, "centroid_x": -45.713324, "centroid_y": -12.675411, "talhao": "PL LOTE 01" }, "geometry": { "type": "MultiPolygon", "coordinates": [ [ [ [ -45.713503224, -12.6752311 ], [ -45.7131439, -12.6752311 ], [ -45.7131439, -12.675590424 ], [ -45.713503224, -12.675590424 ], [ -45.713503224, -12.6752311 ] ] ] ] } },
{ "type": "Feature", "properties": { "id": 201299, "left": -45.713503224, "top": -12.675590424, "right": -45.7131439, "bottom": -12.675949748000001, "centroid_x": -45.713324, "centroid_y": -12.67577, "talhao": "PL LOTE 01" }, "geometry": { "type": "MultiPolygon", "coordinates": [ [ [ [ -45.713503224, -12.675590424 ], [ -45.7131439, -12.675590424 ], [ -45.7131439, -12.675949748 ], [ -45.713503224, -12.675949748 ], [ -45.713503224, -12.675590424 ] ] ] ] } },
{ "type": "Feature", "properties": { "id": 201300, "left": -45.713503224, "top": -12.675949748000001, "right": -45.7131439, "bottom": -12.676309072, "centroid_x": -45.713324, "centroid_y": -12.676129, "talhao": "PL LOTE 01" }, "geometry": { "type": "MultiPolygon", "coordinates": [ [ [ [ -45.713503224, -12.675949748 ], [ -45.7131439, -12.675949748 ], [ -45.7131439, -12.676309072 ], [ -45.713503224, -12.676309072 ], [ -45.713503224, -12.675949748 ] ] ] ] } },
{ "type": "Feature", "properties": { "id": 201301, "left": -45.713503224, "top": -12.676309072, "right": -45.7131439, "bottom": -12.676668395999998, "centroid_x": -45.713324, "centroid_y": -12.676489, "talhao": "PL LOTE 01" }, "geometry": { "type": "MultiPolygon", "coordinates": [ [ [ [ -45.713503224, -12.676309072 ], [ -45.7131439, -12.676309072 ], [ -45.7131439, -12.676668396 ], [ -45.713503224, -12.676668396 ], [ -45.713503224, -12.676309072 ] ] ] ] } },
{ "type": "Feature", "properties": { "id": 201302, "left": -45.713503224, "top": -12.676668396, "right": -45.7131439, "bottom": -12.67702772, "centroid_x": -45.713324, "centroid_y": -12.676848, "talhao": "PL LOTE 01" }, "geometry": { "type": "MultiPolygon", "coordinates": [ [ [ [ -45.713503224, -12.676668396 ], [ -45.7131439, -12.676668396 ], [ -45.7131439, -12.67702772 ], [ -45.713503224, -12.67702772 ], [ -45.713503224, -12.676668396 ] ] ] ] } },
{ "type": "Feature", "properties": { "id": 201303, "left": -45.713503224, "top": -12.67702772, "right": -45.7131439, "bottom": -12.677387044, "centroid_x": -45.713324, "centroid_y": -12.677207, "talhao": "PL LOTE 01" }, "geometry": { "type": "MultiPolygon", "coordinates": [ [ [ [ -45.713503224, -12.67702772 ], [ -45.7131439, -12.67702772 ], [ -45.7131439, -12.677387044 ], [ -45.713503224, -12.677387044 ], [ -45.713503224, -12.67702772 ] ] ] ] } },
{ "type": "Feature", "properties": { "id": 201304, "left": -45.713503224, "top": -12.677387044, "right": -45.7131439, "bottom": -12.677746368, "centroid_x": -45.713324, "centroid_y": -12.677567, "talhao": "PL LOTE 01" }, "geometry": { "type": "MultiPolygon", "coordinates": [ [ [ [ -45.713503224, -12.677387044 ], [ -45.7131439, -12.677387044 ], [ -45.7131439, -12.677746368 ], [ -45.713503224, -12.677746368 ], [ -45.713503224, -12.677387044 ] ] ] ] } },
{ "type": "Feature", "properties": { "id": 201305, "left": -45.713503224, "top": -12.677746368, "right": -45.7131439, "bottom": -12.678105692000001, "centroid_x": -45.713324, "centroid_y": -12.677926, "talhao": "PL LOTE 01" }, "geometry": { "type": "MultiPolygon", "coordinates": [ [ [ [ -45.713503224, -12.677746368 ], [ -45.7131439, -12.677746368 ], [ -45.7131439, -12.678105692 ], [ -45.713503224, -12.678105692 ], [ -45.713503224, -12.677746368 ] ] ] ] } },
{ "type": "Feature", "properties": { "id": 201306, "left": -45.713503224, "top": -12.678105692000001, "right": -45.7131439, "bottom": -12.678465016000001, "centroid_x": -45.713324, "centroid_y": -12.678285, "talhao": "PL LOTE 01" }, "geometry": { "type": "MultiPolygon", "coordinates": [ [ [ [ -45.713503224, -12.678105692 ], [ -45.7131439, -12.678105692 ], [ -45.7131439, -12.678465016 ], [ -45.713503224, -12.678465016 ], [ -45.713503224, -12.678105692 ] ] ] ] } },
{ "type": "Feature", "properties": { "id": 201307, "left": -45.713503224, "top": -12.678465016000001, "right": -45.7131439, "bottom": -12.67882434, "centroid_x": -45.713324, "centroid_y": -12.678645, "talhao": "PL LOTE 01" }, "geometry": { "type": "MultiPolygon", "coordinates": [ [ [ [ -45.713503224, -12.678465016 ], [ -45.7131439, -12.678465016 ], [ -45.7131439, -12.67882434 ], [ -45.713503224, -12.67882434 ], [ -45.713503224, -12.678465016 ] ] ] ] } },
{ "type": "Feature", "properties": { "id": 201308, "left": -45.713503224, "top": -12.67882434, "right": -45.7131439, "bottom": -12.679183664, "centroid_x": -45.713324, "centroid_y": -12.679004, "talhao": "PL LOTE 01" }, "geometry": { "type": "MultiPolygon", "coordinates": [ [ [ [ -45.713503224, -12.67882434 ], [ -45.7131439, -12.67882434 ], [ -45.7131439, -12.679183664 ], [ -45.713503224, -12.679183664 ], [ -45.713503224, -12.67882434 ] ] ] ] } },
{ "type": "Feature", "properties": { "id": 201309, "left": -45.713503224, "top": -12.679183664, "right": -45.7131439, "bottom": -12.679542988, "centroid_x": -45.713324, "centroid_y": -12.679363, "talhao": "PL LOTE 01" }, "geometry": { "type": "MultiPolygon", "coordinates": [ [ [ [ -45.713503224, -12.679183664 ], [ -45.7131439, -12.679183664 ], [ -45.7131439, -12.679542988 ], [ -45.713503224, -12.679542988 ], [ -45.713503224, -12.679183664 ] ] ] ] } },
{ "type": "Feature", "properties": { "id": 201310, "left": -45.713503224, "top": -12.679542988, "right": -45.7131439, "bottom": -12.679902312, "centroid_x": -45.713324, "centroid_y": -12.679723, "talhao": "PL LOTE 01" }, "geometry": { "type": "MultiPolygon", "coordinates": [ [ [ [ -45.713503224, -12.679542988 ], [ -45.7131439, -12.679542988 ], [ -45.7131439, -12.679902312 ], [ -45.713503224, -12.679902312 ], [ -45.713503224, -12.679542988 ] ] ] ] } },
{ "type": "Feature", "properties": { "id": 201311, "left": -45.713503224, "top": -12.679902312, "right": -45.7131439, "bottom": -12.680261636, "centroid_x": -45.713324, "centroid_y": -12.680082, "talhao": "PL LOTE 01" }, "geometry": { "type": "MultiPolygon", "coordinates": [ [ [ [ -45.713503224, -12.679902312 ], [ -45.7131439, -12.679902312 ], [ -45.7131439, -12.680261636 ], [ -45.713503224, -12.680261636 ], [ -45.713503224, -12.679902312 ] ] ] ] } },
{ "type": "Feature", "properties": { "id": 201312, "left": -45.713503224, "top": -12.680261636, "right": -45.7131439, "bottom": -12.68062096, "centroid_x": -45.713324, "centroid_y": -12.680441, "talhao": "PL LOTE 01" }, "geometry": { "type": "MultiPolygon", "coordinates": [ [ [ [ -45.713503224, -12.680261636 ], [ -45.7131439, -12.680261636 ], [ -45.7131439, -12.68062096 ], [ -45.713503224, -12.68062096 ], [ -45.713503224, -12.680261636 ] ] ] ] } },
{ "type": "Feature", "properties": { "id": 201313, "left": -45.713503224, "top": -12.68062096, "right": -45.7131439, "bottom": -12.680980284, "centroid_x": -45.713324, "centroid_y": -12.680801, "talhao": "PL LOTE 01" }, "geometry": { "type": "MultiPolygon", "coordinates": [ [ [ [ -45.713503224, -12.68062096 ], [ -45.7131439, -12.68062096 ], [ -45.7131439, -12.680980284 ], [ -45.713503224, -12.680980284 ], [ -45.713503224, -12.68062096 ] ] ] ] } },
{ "type": "Feature", "properties": { "id": 201314, "left": -45.713503224, "top": -12.680980284, "right": -45.7131439, "bottom": -12.681339608, "centroid_x": -45.713324, "centroid_y": -12.68116, "talhao": "PL LOTE 01" }, "geometry": { "type": "MultiPolygon", "coordinates": [ [ [ [ -45.713503224, -12.680980284 ], [ -45.7131439, -12.680980284 ], [ -45.7131439, -12.681339608 ], [ -45.713503224, -12.681339608 ], [ -45.713503224, -12.680980284 ] ] ] ] } },
{ "type": "Feature", "properties": { "id": 201315, "left": -45.713503224, "top": -12.681339608, "right": -45.7131439, "bottom": -12.681698932, "centroid_x": -45.713324, "centroid_y": -12.681519, "talhao": "PL LOTE 01" }, "geometry": { "type": "MultiPolygon", "coordinates": [ [ [ [ -45.713503224, -12.681339608 ], [ -45.7131439, -12.681339608 ], [ -45.7131439, -12.681698932 ], [ -45.713503224, -12.681698932 ], [ -45.713503224, -12.681339608 ] ] ] ] } },
{ "type": "Feature", "properties": { "id": 201316, "left": -45.713503224, "top": -12.681698932, "right": -45.7131439, "bottom": -12.682058256, "centroid_x": -45.713324, "centroid_y": -12.681879, "talhao": "PL LOTE 01" }, "geometry": { "type": "MultiPolygon", "coordinates": [ [ [ [ -45.713503224, -12.681698932 ], [ -45.7131439, -12.681698932 ], [ -45.7131439, -12.682058256 ], [ -45.713503224, -12.682058256 ], [ -45.713503224, -12.681698932 ] ] ] ] } },
{ "type": "Feature", "properties": { "id": 201317, "left": -45.713503224, "top": -12.682058256, "right": -45.7131439, "bottom": -12.68241758, "centroid_x": -45.713324, "centroid_y": -12.682238, "talhao": "PL LOTE 01" }, "geometry": { "type": "MultiPolygon", "coordinates": [ [ [ [ -45.713503224, -12.682058256 ], [ -45.7131439, -12.682058256 ], [ -45.7131439, -12.68241758 ], [ -45.713503224, -12.68241758 ], [ -45.713503224, -12.682058256 ] ] ] ] } },
{ "type": "Feature", "properties": { "id": 201318, "left": -45.713503224, "top": -12.68241758, "right": -45.7131439, "bottom": -12.682776904000001, "centroid_x": -45.713324, "centroid_y": -12.682597, "talhao": "PL LOTE 01" }, "geometry": { "type": "MultiPolygon", "coordinates": [ [ [ [ -45.713503224, -12.68241758 ], [ -45.7131439, -12.68241758 ], [ -45.7131439, -12.682776904 ], [ -45.713503224, -12.682776904 ], [ -45.713503224, -12.68241758 ] ] ] ] } },
{ "type": "Feature", "properties": { "id": 201319, "left": -45.713503224, "top": -12.682776904000001, "right": -45.7131439, "bottom": -12.683136228, "centroid_x": -45.713324, "centroid_y": -12.682957, "talhao": "PL LOTE 01" }, "geometry": { "type": "MultiPolygon", "coordinates": [ [ [ [ -45.713503224, -12.682776904 ], [ -45.7131439, -12.682776904 ], [ -45.7131439, -12.683136228 ], [ -45.713503224, -12.683136228 ], [ -45.713503224, -12.682776904 ] ] ] ] } },
{ "type": "Feature", "properties": { "id": 201320, "left": -45.713503224, "top": -12.683136228, "right": -45.7131439, "bottom": -12.683495551999998, "centroid_x": -45.713324, "centroid_y": -12.683316, "talhao": "PL LOTE 01" }, "geometry": { "type": "MultiPolygon", "coordinates": [ [ [ [ -45.713503224, -12.683136228 ], [ -45.7131439, -12.683136228 ], [ -45.7131439, -12.683495552 ], [ -45.713503224, -12.683495552 ], [ -45.713503224, -12.683136228 ] ] ] ] } },
{ "type": "Feature", "properties": { "id": 201321, "left": -45.713503224, "top": -12.683495552, "right": -45.7131439, "bottom": -12.683854876, "centroid_x": -45.713324, "centroid_y": -12.683675, "talhao": "PL LOTE 01" }, "geometry": { "type": "MultiPolygon", "coordinates": [ [ [ [ -45.713503224, -12.683495552 ], [ -45.7131439, -12.683495552 ], [ -45.7131439, -12.683854876 ], [ -45.713503224, -12.683854876 ], [ -45.713503224, -12.683495552 ] ] ] ] } },
{ "type": "Feature", "properties": { "id": 201322, "left": -45.713503224, "top": -12.683854876, "right": -45.7131439, "bottom": -12.6842142, "centroid_x": -45.713324, "centroid_y": -12.684035, "talhao": "PL LOTE 01" }, "geometry": { "type": "MultiPolygon", "coordinates": [ [ [ [ -45.713503224, -12.683854876 ], [ -45.7131439, -12.683854876 ], [ -45.7131439, -12.6842142 ], [ -45.713503224, -12.6842142 ], [ -45.713503224, -12.683854876 ] ] ] ] } },
{ "type": "Feature", "properties": { "id": 201323, "left": -45.713503224, "top": -12.6842142, "right": -45.7131439, "bottom": -12.684573524, "centroid_x": -45.713324, "centroid_y": -12.684394, "talhao": "PL LOTE 01" }, "geometry": { "type": "MultiPolygon", "coordinates": [ [ [ [ -45.713503224, -12.6842142 ], [ -45.7131439, -12.6842142 ], [ -45.7131439, -12.684573524 ], [ -45.713503224, -12.684573524 ], [ -45.713503224, -12.6842142 ] ] ] ] } },
{ "type": "Feature", "properties": { "id": 201324, "left": -45.713503224, "top": -12.684573524, "right": -45.7131439, "bottom": -12.684932848000001, "centroid_x": -45.713341, "centroid_y": -12.684679, "talhao": "PL LOTE 01" }, "geometry": { "type": "MultiPolygon", "coordinates": [ [ [ [ -45.713503224, -12.684838842836072 ], [ -45.713503224, -12.684573524 ], [ -45.7131439, -12.684573524 ], [ -45.7131439, -12.684718961750333 ], [ -45.713503224, -12.684838842836072 ] ] ] ] } },
{ "type": "Feature", "properties": { "id": 201338, "left": -45.7131439, "top": -12.670559888, "right": -45.712784575999997, "bottom": -12.670919212, "centroid_x": -45.712837, "centroid_y": -12.670876, "talhao": "PL LOTE 01" }, "geometry": { "type": "MultiPolygon", "coordinates": [ [ [ [ -45.712784576, -12.670788233366315 ], [ -45.712784576, -12.670919212 ], [ -45.712940680559655, -12.670919212 ], [ -45.712784576, -12.670788233366315 ] ] ] ] } },
{ "type": "Feature", "properties": { "id": 201339, "left": -45.7131439, "top": -12.670919212, "right": -45.712784575999997, "bottom": -12.671278536000001, "centroid_x": -45.712947, "centroid_y": -12.671118, "talhao": "PL LOTE 01" }, "geometry": { "type": "MultiPolygon", "coordinates": [ [ [ [ -45.712940680559655, -12.670919212 ], [ -45.712784576, -12.670919212 ], [ -45.712784576, -12.671278536 ], [ -45.7131439, -12.671278536 ], [ -45.7131439, -12.671089722103563 ], [ -45.712940680559655, -12.670919212 ] ] ] ] } },
{ "type": "Feature", "properties": { "id": 201340, "left": -45.7131439, "top": -12.671278536000001, "right": -45.712784575999997, "bottom": -12.67163786, "centroid_x": -45.712964, "centroid_y": -12.671458, "talhao": "PL LOTE 01" }, "geometry": { "type": "MultiPolygon", "coordinates": [ [ [ [ -45.7131439, -12.671278536 ], [ -45.712784576, -12.671278536 ], [ -45.712784576, -12.67163786 ], [ -45.7131439, -12.67163786 ], [ -45.7131439, -12.671278536 ] ] ] ] } },
{ "type": "Feature", "properties": { "id": 201341, "left": -45.7131439, "top": -12.67163786, "right": -45.712784575999997, "bottom": -12.671997184, "centroid_x": -45.712964, "centroid_y": -12.671818, "talhao": "PL LOTE 01" }, "geometry": { "type": "MultiPolygon", "coordinates": [ [ [ [ -45.7131439, -12.67163786 ], [ -45.712784576, -12.67163786 ], [ -45.712784576, -12.671997184 ], [ -45.7131439, -12.671997184 ], [ -45.7131439, -12.67163786 ] ] ] ] } },
{ "type": "Feature", "properties": { "id": 201342, "left": -45.7131439, "top": -12.671997184, "right": -45.712784575999997, "bottom": -12.672356508, "centroid_x": -45.712964, "centroid_y": -12.672177, "talhao": "PL LOTE 01" }, "geometry": { "type": "MultiPolygon", "coordinates": [ [ [ [ -45.7131439, -12.671997184 ], [ -45.712784576, -12.671997184 ], [ -45.712784576, -12.672356508 ], [ -45.7131439, -12.672356508 ], [ -45.7131439, -12.671997184 ] ] ] ] } },
{ "type": "Feature", "properties": { "id": 201343, "left": -45.7131439, "top": -12.672356508, "right": -45.712784575999997, "bottom": -12.672715832, "centroid_x": -45.712964, "centroid_y": -12.672536, "talhao": "PL LOTE 01" }, "geometry": { "type": "MultiPolygon", "coordinates": [ [ [ [ -45.7131439, -12.672356508 ], [ -45.712784576, -12.672356508 ], [ -45.712784576, -12.672715832 ], [ -45.7131439, -12.672715832 ], [ -45.7131439, -12.672356508 ] ] ] ] } },
{ "type": "Feature", "properties": { "id": 201344, "left": -45.7131439, "top": -12.672715832, "right": -45.712784575999997, "bottom": -12.673075156, "centroid_x": -45.712964, "centroid_y": -12.672895, "talhao": "PL LOTE 01" }, "geometry": { "type": "MultiPolygon", "coordinates": [ [ [ [ -45.7131439, -12.672715832 ], [ -45.712784576, -12.672715832 ], [ -45.712784576, -12.673075156 ], [ -45.7131439, -12.673075156 ], [ -45.7131439, -12.672715832 ] ] ] ] } },
{ "type": "Feature", "properties": { "id": 201345, "left": -45.7131439, "top": -12.673075156, "right": -45.712784575999997, "bottom": -12.67343448, "centroid_x": -45.712964, "centroid_y": -12.673255, "talhao": "PL LOTE 01" }, "geometry": { "type": "MultiPolygon", "coordinates": [ [ [ [ -45.7131439, -12.673075156 ], [ -45.712784576, -12.673075156 ], [ -45.712784576, -12.67343448 ], [ -45.7131439, -12.67343448 ], [ -45.7131439, -12.673075156 ] ] ] ] } },
{ "type": "Feature", "properties": { "id": 201346, "left": -45.7131439, "top": -12.67343448, "right": -45.712784575999997, "bottom": -12.673793804000001, "centroid_x": -45.712964, "centroid_y": -12.673614, "talhao": "PL LOTE 01" }, "geometry": { "type": "MultiPolygon", "coordinates": [ [ [ [ -45.7131439, -12.67343448 ], [ -45.712784576, -12.67343448 ], [ -45.712784576, -12.673793804 ], [ -45.7131439, -12.673793804 ], [ -45.7131439, -12.67343448 ] ] ] ] } },
{ "type": "Feature", "properties": { "id": 201347, "left": -45.7131439, "top": -12.673793804000001, "right": -45.712784575999997, "bottom": -12.674153128, "centroid_x": -45.712964, "centroid_y": -12.673973, "talhao": "PL LOTE 01" }, "geometry": { "type": "MultiPolygon", "coordinates": [ [ [ [ -45.7131439, -12.673793804 ], [ -45.712784576, -12.673793804 ], [ -45.712784576, -12.674153128 ], [ -45.7131439, -12.674153128 ], [ -45.7131439, -12.673793804 ] ] ] ] } },
{ "type": "Feature", "properties": { "id": 201348, "left": -45.7131439, "top": -12.674153128, "right": -45.712784575999997, "bottom": -12.674512452, "centroid_x": -45.712964, "centroid_y": -12.674333, "talhao": "PL LOTE 01" }, "geometry": { "type": "MultiPolygon", "coordinates": [ [ [ [ -45.7131439, -12.674153128 ], [ -45.712784576, -12.674153128 ], [ -45.712784576, -12.674512452 ], [ -45.7131439, -12.674512452 ], [ -45.7131439, -12.674153128 ] ] ] ] } },
{ "type": "Feature", "properties": { "id": 201349, "left": -45.7131439, "top": -12.674512452, "right": -45.712784575999997, "bottom": -12.674871776, "centroid_x": -45.712964, "centroid_y": -12.674692, "talhao": "PL LOTE 01" }, "geometry": { "type": "MultiPolygon", "coordinates": [ [ [ [ -45.7131439, -12.674512452 ], [ -45.712784576, -12.674512452 ], [ -45.712784576, -12.674871776 ], [ -45.7131439, -12.674871776 ], [ -45.7131439, -12.674512452 ] ] ] ] } },
{ "type": "Feature", "properties": { "id": 201350, "left": -45.7131439, "top": -12.674871776, "right": -45.712784575999997, "bottom": -12.6752311, "centroid_x": -45.712964, "centroid_y": -12.675051, "talhao": "PL LOTE 01" }, "geometry": { "type": "MultiPolygon", "coordinates": [ [ [ [ -45.7131439, -12.674871776 ], [ -45.712784576, -12.674871776 ], [ -45.712784576, -12.6752311 ], [ -45.7131439, -12.6752311 ], [ -45.7131439, -12.674871776 ] ] ] ] } },
{ "type": "Feature", "properties": { "id": 201351, "left": -45.7131439, "top": -12.6752311, "right": -45.712784575999997, "bottom": -12.675590424, "centroid_x": -45.712964, "centroid_y": -12.675411, "talhao": "PL LOTE 01" }, "geometry": { "type": "MultiPolygon", "coordinates": [ [ [ [ -45.7131439, -12.6752311 ], [ -45.712784576, -12.6752311 ], [ -45.712784576, -12.675590424 ], [ -45.7131439, -12.675590424 ], [ -45.7131439, -12.6752311 ] ] ] ] } },
{ "type": "Feature", "properties": { "id": 201352, "left": -45.7131439, "top": -12.675590424, "right": -45.712784575999997, "bottom": -12.675949748000001, "centroid_x": -45.712964, "centroid_y": -12.67577, "talhao": "PL LOTE 01" }, "geometry": { "type": "MultiPolygon", "coordinates": [ [ [ [ -45.7131439, -12.675590424 ], [ -45.712784576, -12.675590424 ], [ -45.712784576, -12.675949748 ], [ -45.7131439, -12.675949748 ], [ -45.7131439, -12.675590424 ] ] ] ] } },
{ "type": "Feature", "properties": { "id": 201353, "left": -45.7131439, "top": -12.675949748000001, "right": -45.712784575999997, "bottom": -12.676309072, "centroid_x": -45.712964, "centroid_y": -12.676129, "talhao": "PL LOTE 01" }, "geometry": { "type": "MultiPolygon", "coordinates": [ [ [ [ -45.7131439, -12.675949748 ], [ -45.712784576, -12.675949748 ], [ -45.712784576, -12.676309072 ], [ -45.7131439, -12.676309072 ], [ -45.7131439, -12.675949748 ] ] ] ] } },
{ "type": "Feature", "properties": { "id": 201354, "left": -45.7131439, "top": -12.676309072, "right": -45.712784575999997, "bottom": -12.676668395999998, "centroid_x": -45.712964, "centroid_y": -12.676489, "talhao": "PL LOTE 01" }, "geometry": { "type": "MultiPolygon", "coordinates": [ [ [ [ -45.7131439, -12.676309072 ], [ -45.712784576, -12.676309072 ], [ -45.712784576, -12.676668396 ], [ -45.7131439, -12.676668396 ], [ -45.7131439, -12.676309072 ] ] ] ] } },
{ "type": "Feature", "properties": { "id": 201355, "left": -45.7131439, "top": -12.676668396, "right": -45.712784575999997, "bottom": -12.67702772, "centroid_x": -45.712964, "centroid_y": -12.676848, "talhao": "PL LOTE 01" }, "geometry": { "type": "MultiPolygon", "coordinates": [ [ [ [ -45.7131439, -12.676668396 ], [ -45.712784576, -12.676668396 ], [ -45.712784576, -12.67702772 ], [ -45.7131439, -12.67702772 ], [ -45.7131439, -12.676668396 ] ] ] ] } },
{ "type": "Feature", "properties": { "id": 201356, "left": -45.7131439, "top": -12.67702772, "right": -45.712784575999997, "bottom": -12.677387044, "centroid_x": -45.712964, "centroid_y": -12.677207, "talhao": "PL LOTE 01" }, "geometry": { "type": "MultiPolygon", "coordinates": [ [ [ [ -45.7131439, -12.67702772 ], [ -45.712784576, -12.67702772 ], [ -45.712784576, -12.677387044 ], [ -45.7131439, -12.677387044 ], [ -45.7131439, -12.67702772 ] ] ] ] } },
{ "type": "Feature", "properties": { "id": 201357, "left": -45.7131439, "top": -12.677387044, "right": -45.712784575999997, "bottom": -12.677746368, "centroid_x": -45.712964, "centroid_y": -12.677567, "talhao": "PL LOTE 01" }, "geometry": { "type": "MultiPolygon", "coordinates": [ [ [ [ -45.7131439, -12.677387044 ], [ -45.712784576, -12.677387044 ], [ -45.712784576, -12.677746368 ], [ -45.7131439, -12.677746368 ], [ -45.7131439, -12.677387044 ] ] ] ] } },
{ "type": "Feature", "properties": { "id": 201358, "left": -45.7131439, "top": -12.677746368, "right": -45.712784575999997, "bottom": -12.678105692000001, "centroid_x": -45.712964, "centroid_y": -12.677926, "talhao": "PL LOTE 01" }, "geometry": { "type": "MultiPolygon", "coordinates": [ [ [ [ -45.7131439, -12.677746368 ], [ -45.712784576, -12.677746368 ], [ -45.712784576, -12.678105692 ], [ -45.7131439, -12.678105692 ], [ -45.7131439, -12.677746368 ] ] ] ] } },
{ "type": "Feature", "properties": { "id": 201359, "left": -45.7131439, "top": -12.678105692000001, "right": -45.712784575999997, "bottom": -12.678465016000001, "centroid_x": -45.712964, "centroid_y": -12.678285, "talhao": "PL LOTE 01" }, "geometry": { "type": "MultiPolygon", "coordinates": [ [ [ [ -45.7131439, -12.678105692 ], [ -45.712784576, -12.678105692 ], [ -45.712784576, -12.678465016 ], [ -45.7131439, -12.678465016 ], [ -45.7131439, -12.678105692 ] ] ] ] } },
{ "type": "Feature", "properties": { "id": 201360, "left": -45.7131439, "top": -12.678465016000001, "right": -45.712784575999997, "bottom": -12.67882434, "centroid_x": -45.712964, "centroid_y": -12.678645, "talhao": "PL LOTE 01" }, "geometry": { "type": "MultiPolygon", "coordinates": [ [ [ [ -45.7131439, -12.678465016 ], [ -45.712784576, -12.678465016 ], [ -45.712784576, -12.67882434 ], [ -45.7131439, -12.67882434 ], [ -45.7131439, -12.678465016 ] ] ] ] } },
{ "type": "Feature", "properties": { "id": 201361, "left": -45.7131439, "top": -12.67882434, "right": -45.712784575999997, "bottom": -12.679183664, "centroid_x": -45.712964, "centroid_y": -12.679004, "talhao": "PL LOTE 01" }, "geometry": { "type": "MultiPolygon", "coordinates": [ [ [ [ -45.7131439, -12.67882434 ], [ -45.712784576, -12.67882434 ], [ -45.712784576, -12.679183664 ], [ -45.7131439, -12.679183664 ], [ -45.7131439, -12.67882434 ] ] ] ] } },
{ "type": "Feature", "properties": { "id": 201362, "left": -45.7131439, "top": -12.679183664, "right": -45.712784575999997, "bottom": -12.679542988, "centroid_x": -45.712964, "centroid_y": -12.679363, "talhao": "PL LOTE 01" }, "geometry": { "type": "MultiPolygon", "coordinates": [ [ [ [ -45.7131439, -12.679183664 ], [ -45.712784576, -12.679183664 ], [ -45.712784576, -12.679542988 ], [ -45.7131439, -12.679542988 ], [ -45.7131439, -12.679183664 ] ] ] ] } },
{ "type": "Feature", "properties": { "id": 201363, "left": -45.7131439, "top": -12.679542988, "right": -45.712784575999997, "bottom": -12.679902312, "centroid_x": -45.712964, "centroid_y": -12.679723, "talhao": "PL LOTE 01" }, "geometry": { "type": "MultiPolygon", "coordinates": [ [ [ [ -45.7131439, -12.679542988 ], [ -45.712784576, -12.679542988 ], [ -45.712784576, -12.679902312 ], [ -45.7131439, -12.679902312 ], [ -45.7131439, -12.679542988 ] ] ] ] } },
{ "type": "Feature", "properties": { "id": 201364, "left": -45.7131439, "top": -12.679902312, "right": -45.712784575999997, "bottom": -12.680261636, "centroid_x": -45.712964, "centroid_y": -12.680082, "talhao": "PL LOTE 01" }, "geometry": { "type": "MultiPolygon", "coordinates": [ [ [ [ -45.7131439, -12.679902312 ], [ -45.712784576, -12.679902312 ], [ -45.712784576, -12.680261636 ], [ -45.7131439, -12.680261636 ], [ -45.7131439, -12.679902312 ] ] ] ] } },
{ "type": "Feature", "properties": { "id": 201365, "left": -45.7131439, "top": -12.680261636, "right": -45.712784575999997, "bottom": -12.68062096, "centroid_x": -45.712964, "centroid_y": -12.680441, "talhao": "PL LOTE 01" }, "geometry": { "type": "MultiPolygon", "coordinates": [ [ [ [ -45.7131439, -12.680261636 ], [ -45.712784576, -12.680261636 ], [ -45.712784576, -12.68062096 ], [ -45.7131439, -12.68062096 ], [ -45.7131439, -12.680261636 ] ] ] ] } },
{ "type": "Feature", "properties": { "id": 201366, "left": -45.7131439, "top": -12.68062096, "right": -45.712784575999997, "bottom": -12.680980284, "centroid_x": -45.712964, "centroid_y": -12.680801, "talhao": "PL LOTE 01" }, "geometry": { "type": "MultiPolygon", "coordinates": [ [ [ [ -45.7131439, -12.68062096 ], [ -45.712784576, -12.68062096 ], [ -45.712784576, -12.680980284 ], [ -45.7131439, -12.680980284 ], [ -45.7131439, -12.68062096 ] ] ] ] } },
{ "type": "Feature", "properties": { "id": 201367, "left": -45.7131439, "top": -12.680980284, "right": -45.712784575999997, "bottom": -12.681339608, "centroid_x": -45.712964, "centroid_y": -12.68116, "talhao": "PL LOTE 01" }, "geometry": { "type": "MultiPolygon", "coordinates": [ [ [ [ -45.7131439, -12.680980284 ], [ -45.712784576, -12.680980284 ], [ -45.712784576, -12.681339608 ], [ -45.7131439, -12.681339608 ], [ -45.7131439, -12.680980284 ] ] ] ] } },
{ "type": "Feature", "properties": { "id": 201368, "left": -45.7131439, "top": -12.681339608, "right": -45.712784575999997, "bottom": -12.681698932, "centroid_x": -45.712964, "centroid_y": -12.681519, "talhao": "PL LOTE 01" }, "geometry": { "type": "MultiPolygon", "coordinates": [ [ [ [ -45.7131439, -12.681339608 ], [ -45.712784576, -12.681339608 ], [ -45.712784576, -12.681698932 ], [ -45.7131439, -12.681698932 ], [ -45.7131439, -12.681339608 ] ] ] ] } },
{ "type": "Feature", "properties": { "id": 201369, "left": -45.7131439, "top": -12.681698932, "right": -45.712784575999997, "bottom": -12.682058256, "centroid_x": -45.712964, "centroid_y": -12.681879, "talhao": "PL LOTE 01" }, "geometry": { "type": "MultiPolygon", "coordinates": [ [ [ [ -45.7131439, -12.681698932 ], [ -45.712784576, -12.681698932 ], [ -45.712784576, -12.682058256 ], [ -45.7131439, -12.682058256 ], [ -45.7131439, -12.681698932 ] ] ] ] } },
{ "type": "Feature", "properties": { "id": 201370, "left": -45.7131439, "top": -12.682058256, "right": -45.712784575999997, "bottom": -12.68241758, "centroid_x": -45.712964, "centroid_y": -12.682238, "talhao": "PL LOTE 01" }, "geometry": { "type": "MultiPolygon", "coordinates": [ [ [ [ -45.7131439, -12.682058256 ], [ -45.712784576, -12.682058256 ], [ -45.712784576, -12.68241758 ], [ -45.7131439, -12.68241758 ], [ -45.7131439, -12.682058256 ] ] ] ] } },
{ "type": "Feature", "properties": { "id": 201371, "left": -45.7131439, "top": -12.68241758, "right": -45.712784575999997, "bottom": -12.682776904000001, "centroid_x": -45.712964, "centroid_y": -12.682597, "talhao": "PL LOTE 01" }, "geometry": { "type": "MultiPolygon", "coordinates": [ [ [ [ -45.7131439, -12.68241758 ], [ -45.712784576, -12.68241758 ], [ -45.712784576, -12.682776904 ], [ -45.7131439, -12.682776904 ], [ -45.7131439, -12.68241758 ] ] ] ] } },
{ "type": "Feature", "properties": { "id": 201372, "left": -45.7131439, "top": -12.682776904000001, "right": -45.712784575999997, "bottom": -12.683136228, "centroid_x": -45.712964, "centroid_y": -12.682957, "talhao": "PL LOTE 01" }, "geometry": { "type": "MultiPolygon", "coordinates": [ [ [ [ -45.7131439, -12.682776904 ], [ -45.712784576, -12.682776904 ], [ -45.712784576, -12.683136228 ], [ -45.7131439, -12.683136228 ], [ -45.7131439, -12.682776904 ] ] ] ] } },
{ "type": "Feature", "properties": { "id": 201373, "left": -45.7131439, "top": -12.683136228, "right": -45.712784575999997, "bottom": -12.683495551999998, "centroid_x": -45.712964, "centroid_y": -12.683316, "talhao": "PL LOTE 01" }, "geometry": { "type": "MultiPolygon", "coordinates": [ [ [ [ -45.7131439, -12.683136228 ], [ -45.712784576, -12.683136228 ], [ -45.712784576, -12.683495552 ], [ -45.7131439, -12.683495552 ], [ -45.7131439, -12.683136228 ] ] ] ] } },
{ "type": "Feature", "properties": { "id": 201374, "left": -45.7131439, "top": -12.683495552, "right": -45.712784575999997, "bottom": -12.683854876, "centroid_x": -45.712964, "centroid_y": -12.683675, "talhao": "PL LOTE 01" }, "geometry": { "type": "MultiPolygon", "coordinates": [ [ [ [ -45.7131439, -12.683495552 ], [ -45.712784576, -12.683495552 ], [ -45.712784576, -12.683854876 ], [ -45.7131439, -12.683854876 ], [ -45.7131439, -12.683495552 ] ] ] ] } },
{ "type": "Feature", "properties": { "id": 201375, "left": -45.7131439, "top": -12.683854876, "right": -45.712784575999997, "bottom": -12.6842142, "centroid_x": -45.712964, "centroid_y": -12.684035, "talhao": "PL LOTE 01" }, "geometry": { "type": "MultiPolygon", "coordinates": [ [ [ [ -45.7131439, -12.683854876 ], [ -45.712784576, -12.683854876 ], [ -45.712784576, -12.6842142 ], [ -45.7131439, -12.6842142 ], [ -45.7131439, -12.683854876 ] ] ] ] } },
{ "type": "Feature", "properties": { "id": 201376, "left": -45.7131439, "top": -12.6842142, "right": -45.712784575999997, "bottom": -12.684573524, "centroid_x": -45.712964, "centroid_y": -12.684394, "talhao": "PL LOTE 01" }, "geometry": { "type": "MultiPolygon", "coordinates": [ [ [ [ -45.7131439, -12.6842142 ], [ -45.712784576, -12.6842142 ], [ -45.712784576, -12.684573524 ], [ -45.7131439, -12.684573524 ], [ -45.7131439, -12.6842142 ] ] ] ] } },
{ "type": "Feature", "properties": { "id": 201377, "left": -45.7131439, "top": -12.684573524, "right": -45.712784575999997, "bottom": -12.684932848000001, "centroid_x": -45.713006, "centroid_y": -12.684623, "talhao": "PL LOTE 01" }, "geometry": { "type": "MultiPolygon", "coordinates": [ [ [ [ -45.7131439, -12.684718961750333 ], [ -45.7131439, -12.684573524 ], [ -45.712784576, -12.684573524 ], [ -45.712784576, -12.684599080664592 ], [ -45.7131439, -12.684718961750333 ] ] ] ] } },
{ "type": "Feature", "properties": { "id": 201390, "left": -45.712784575999997, "top": -12.670200564, "right": -45.712425251999996, "bottom": -12.670559888, "centroid_x": -45.712454, "centroid_y": -12.670536, "talhao": "PL LOTE 01" }, "geometry": { "type": "MultiPolygon", "coordinates": [ [ [ [ -45.712425252, -12.670486744629068 ], [ -45.712425252, -12.670559888 ], [ -45.712512426628329, -12.670559888 ], [ -45.712425252, -12.670486744629068 ] ] ] ] } },
{ "type": "Feature", "properties": { "id": 201391, "left": -45.712784575999997, "top": -12.670559888, "right": -45.712425251999996, "bottom": -12.670919212, "centroid_x": -45.712577, "centroid_y": -12.670772, "talhao": "PL LOTE 01" }, "geometry": { "type": "MultiPolygon", "coordinates": [ [ [ [ -45.712512426628329, -12.670559888 ], [ -45.712425252, -12.670559888 ], [ -45.712425252, -12.670919212 ], [ -45.712784576, -12.670919212 ], [ -45.712784576, -12.670788233366315 ], [ -45.712512426628329, -12.670559888 ] ] ] ] } },
{ "type": "Feature", "properties": { "id": 201392, "left": -45.712784575999997, "top": -12.670919212, "right": -45.712425251999996, "bottom": -12.671278536000001, "centroid_x": -45.712605, "centroid_y": -12.671099, "talhao": "PL LOTE 01" }, "geometry": { "type": "MultiPolygon", "coordinates": [ [ [ [ -45.712784576, -12.670919212 ], [ -45.712425252, -12.670919212 ], [ -45.712425252, -12.671278536 ], [ -45.712784576, -12.671278536 ], [ -45.712784576, -12.670919212 ] ] ] ] } },
{ "type": "Feature", "properties": { "id": 201393, "left": -45.712784575999997, "top": -12.671278536000001, "right": -45.712425251999996, "bottom": -12.67163786, "centroid_x": -45.712605, "centroid_y": -12.671458, "talhao": "PL LOTE 01" }, "geometry": { "type": "MultiPolygon", "coordinates": [ [ [ [ -45.712784576, -12.671278536 ], [ -45.712425252, -12.671278536 ], [ -45.712425252, -12.67163786 ], [ -45.712784576, -12.67163786 ], [ -45.712784576, -12.671278536 ] ] ] ] } },
{ "type": "Feature", "properties": { "id": 201394, "left": -45.712784575999997, "top": -12.67163786, "right": -45.712425251999996, "bottom": -12.671997184, "centroid_x": -45.712605, "centroid_y": -12.671818, "talhao": "PL LOTE 01" }, "geometry": { "type": "MultiPolygon", "coordinates": [ [ [ [ -45.712784576, -12.67163786 ], [ -45.712425252, -12.67163786 ], [ -45.712425252, -12.671997184 ], [ -45.712784576, -12.671997184 ], [ -45.712784576, -12.67163786 ] ] ] ] } },
{ "type": "Feature", "properties": { "id": 201395, "left": -45.712784575999997, "top": -12.671997184, "right": -45.712425251999996, "bottom": -12.672356508, "centroid_x": -45.712605, "centroid_y": -12.672177, "talhao": "PL LOTE 01" }, "geometry": { "type": "MultiPolygon", "coordinates": [ [ [ [ -45.712784576, -12.671997184 ], [ -45.712425252, -12.671997184 ], [ -45.712425252, -12.672356508 ], [ -45.712784576, -12.672356508 ], [ -45.712784576, -12.671997184 ] ] ] ] } },
{ "type": "Feature", "properties": { "id": 201396, "left": -45.712784575999997, "top": -12.672356508, "right": -45.712425251999996, "bottom": -12.672715832, "centroid_x": -45.712605, "centroid_y": -12.672536, "talhao": "PL LOTE 01" }, "geometry": { "type": "MultiPolygon", "coordinates": [ [ [ [ -45.712784576, -12.672356508 ], [ -45.712425252, -12.672356508 ], [ -45.712425252, -12.672715832 ], [ -45.712784576, -12.672715832 ], [ -45.712784576, -12.672356508 ] ] ] ] } },
{ "type": "Feature", "properties": { "id": 201397, "left": -45.712784575999997, "top": -12.672715832, "right": -45.712425251999996, "bottom": -12.673075156, "centroid_x": -45.712605, "centroid_y": -12.672895, "talhao": "PL LOTE 01" }, "geometry": { "type": "MultiPolygon", "coordinates": [ [ [ [ -45.712784576, -12.672715832 ], [ -45.712425252, -12.672715832 ], [ -45.712425252, -12.673075156 ], [ -45.712784576, -12.673075156 ], [ -45.712784576, -12.672715832 ] ] ] ] } },
{ "type": "Feature", "properties": { "id": 201398, "left": -45.712784575999997, "top": -12.673075156, "right": -45.712425251999996, "bottom": -12.67343448, "centroid_x": -45.712605, "centroid_y": -12.673255, "talhao": "PL LOTE 01" }, "geometry": { "type": "MultiPolygon", "coordinates": [ [ [ [ -45.712784576, -12.673075156 ], [ -45.712425252, -12.673075156 ], [ -45.712425252, -12.67343448 ], [ -45.712784576, -12.67343448 ], [ -45.712784576, -12.673075156 ] ] ] ] } },
{ "type": "Feature", "properties": { "id": 201399, "left": -45.712784575999997, "top": -12.67343448, "right": -45.712425251999996, "bottom": -12.673793804000001, "centroid_x": -45.712605, "centroid_y": -12.673614, "talhao": "PL LOTE 01" }, "geometry": { "type": "MultiPolygon", "coordinates": [ [ [ [ -45.712784576, -12.67343448 ], [ -45.712425252, -12.67343448 ], [ -45.712425252, -12.673793804 ], [ -45.712784576, -12.673793804 ], [ -45.712784576, -12.67343448 ] ] ] ] } },
{ "type": "Feature", "properties": { "id": 201400, "left": -45.712784575999997, "top": -12.673793804000001, "right": -45.712425251999996, "bottom": -12.674153128, "centroid_x": -45.712605, "centroid_y": -12.673973, "talhao": "PL LOTE 01" }, "geometry": { "type": "MultiPolygon", "coordinates": [ [ [ [ -45.712784576, -12.673793804 ], [ -45.712425252, -12.673793804 ], [ -45.712425252, -12.674153128 ], [ -45.712784576, -12.674153128 ], [ -45.712784576, -12.673793804 ] ] ] ] } },
{ "type": "Feature", "properties": { "id": 201401, "left": -45.712784575999997, "top": -12.674153128, "right": -45.712425251999996, "bottom": -12.674512452, "centroid_x": -45.712605, "centroid_y": -12.674333, "talhao": "PL LOTE 01" }, "geometry": { "type": "MultiPolygon", "coordinates": [ [ [ [ -45.712784576, -12.674153128 ], [ -45.712425252, -12.674153128 ], [ -45.712425252, -12.674512452 ], [ -45.712784576, -12.674512452 ], [ -45.712784576, -12.674153128 ] ] ] ] } },
{ "type": "Feature", "properties": { "id": 201402, "left": -45.712784575999997, "top": -12.674512452, "right": -45.712425251999996, "bottom": -12.674871776, "centroid_x": -45.712605, "centroid_y": -12.674692, "talhao": "PL LOTE 01" }, "geometry": { "type": "MultiPolygon", "coordinates": [ [ [ [ -45.712784576, -12.674512452 ], [ -45.712425252, -12.674512452 ], [ -45.712425252, -12.674871776 ], [ -45.712784576, -12.674871776 ], [ -45.712784576, -12.674512452 ] ] ] ] } },
{ "type": "Feature", "properties": { "id": 201403, "left": -45.712784575999997, "top": -12.674871776, "right": -45.712425251999996, "bottom": -12.6752311, "centroid_x": -45.712605, "centroid_y": -12.675051, "talhao": "PL LOTE 01" }, "geometry": { "type": "MultiPolygon", "coordinates": [ [ [ [ -45.712784576, -12.674871776 ], [ -45.712425252, -12.674871776 ], [ -45.712425252, -12.6752311 ], [ -45.712784576, -12.6752311 ], [ -45.712784576, -12.674871776 ] ] ] ] } },
{ "type": "Feature", "properties": { "id": 201404, "left": -45.712784575999997, "top": -12.6752311, "right": -45.712425251999996, "bottom": -12.675590424, "centroid_x": -45.712605, "centroid_y": -12.675411, "talhao": "PL LOTE 01" }, "geometry": { "type": "MultiPolygon", "coordinates": [ [ [ [ -45.712784576, -12.6752311 ], [ -45.712425252, -12.6752311 ], [ -45.712425252, -12.675590424 ], [ -45.712784576, -12.675590424 ], [ -45.712784576, -12.6752311 ] ] ] ] } },
{ "type": "Feature", "properties": { "id": 201405, "left": -45.712784575999997, "top": -12.675590424, "right": -45.712425251999996, "bottom": -12.675949748000001, "centroid_x": -45.712605, "centroid_y": -12.67577, "talhao": "PL LOTE 01" }, "geometry": { "type": "MultiPolygon", "coordinates": [ [ [ [ -45.712784576, -12.675590424 ], [ -45.712425252, -12.675590424 ], [ -45.712425252, -12.675949748 ], [ -45.712784576, -12.675949748 ], [ -45.712784576, -12.675590424 ] ] ] ] } },
{ "type": "Feature", "properties": { "id": 201406, "left": -45.712784575999997, "top": -12.675949748000001, "right": -45.712425251999996, "bottom": -12.676309072, "centroid_x": -45.712605, "centroid_y": -12.676129, "talhao": "PL LOTE 01" }, "geometry": { "type": "MultiPolygon", "coordinates": [ [ [ [ -45.712784576, -12.675949748 ], [ -45.712425252, -12.675949748 ], [ -45.712425252, -12.676309072 ], [ -45.712784576, -12.676309072 ], [ -45.712784576, -12.675949748 ] ] ] ] } },
{ "type": "Feature", "properties": { "id": 201407, "left": -45.712784575999997, "top": -12.676309072, "right": -45.712425251999996, "bottom": -12.676668395999998, "centroid_x": -45.712605, "centroid_y": -12.676489, "talhao": "PL LOTE 01" }, "geometry": { "type": "MultiPolygon", "coordinates": [ [ [ [ -45.712784576, -12.676309072 ], [ -45.712425252, -12.676309072 ], [ -45.712425252, -12.676668396 ], [ -45.712784576, -12.676668396 ], [ -45.712784576, -12.676309072 ] ] ] ] } },
{ "type": "Feature", "properties": { "id": 201408, "left": -45.712784575999997, "top": -12.676668396, "right": -45.712425251999996, "bottom": -12.67702772, "centroid_x": -45.712605, "centroid_y": -12.676848, "talhao": "PL LOTE 01" }, "geometry": { "type": "MultiPolygon", "coordinates": [ [ [ [ -45.712784576, -12.676668396 ], [ -45.712425252, -12.676668396 ], [ -45.712425252, -12.67702772 ], [ -45.712784576, -12.67702772 ], [ -45.712784576, -12.676668396 ] ] ] ] } },
{ "type": "Feature", "properties": { "id": 201409, "left": -45.712784575999997, "top": -12.67702772, "right": -45.712425251999996, "bottom": -12.677387044, "centroid_x": -45.712605, "centroid_y": -12.677207, "talhao": "PL LOTE 01" }, "geometry": { "type": "MultiPolygon", "coordinates": [ [ [ [ -45.712784576, -12.67702772 ], [ -45.712425252, -12.67702772 ], [ -45.712425252, -12.677387044 ], [ -45.712784576, -12.677387044 ], [ -45.712784576, -12.67702772 ] ] ] ] } },
{ "type": "Feature", "properties": { "id": 201410, "left": -45.712784575999997, "top": -12.677387044, "right": -45.712425251999996, "bottom": -12.677746368, "centroid_x": -45.712605, "centroid_y": -12.677567, "talhao": "PL LOTE 01" }, "geometry": { "type": "MultiPolygon", "coordinates": [ [ [ [ -45.712784576, -12.677387044 ], [ -45.712425252, -12.677387044 ], [ -45.712425252, -12.677746368 ], [ -45.712784576, -12.677746368 ], [ -45.712784576, -12.677387044 ] ] ] ] } },
{ "type": "Feature", "properties": { "id": 201411, "left": -45.712784575999997, "top": -12.677746368, "right": -45.712425251999996, "bottom": -12.678105692000001, "centroid_x": -45.712605, "centroid_y": -12.677926, "talhao": "PL LOTE 01" }, "geometry": { "type": "MultiPolygon", "coordinates": [ [ [ [ -45.712784576, -12.677746368 ], [ -45.712425252, -12.677746368 ], [ -45.712425252, -12.678105692 ], [ -45.712784576, -12.678105692 ], [ -45.712784576, -12.677746368 ] ] ] ] } },
{ "type": "Feature", "properties": { "id": 201412, "left": -45.712784575999997, "top": -12.678105692000001, "right": -45.712425251999996, "bottom": -12.678465016000001, "centroid_x": -45.712605, "centroid_y": -12.678285, "talhao": "PL LOTE 01" }, "geometry": { "type": "MultiPolygon", "coordinates": [ [ [ [ -45.712784576, -12.678105692 ], [ -45.712425252, -12.678105692 ], [ -45.712425252, -12.678465016 ], [ -45.712784576, -12.678465016 ], [ -45.712784576, -12.678105692 ] ] ] ] } },
{ "type": "Feature", "properties": { "id": 201413, "left": -45.712784575999997, "top": -12.678465016000001, "right": -45.712425251999996, "bottom": -12.67882434, "centroid_x": -45.712605, "centroid_y": -12.678645, "talhao": "PL LOTE 01" }, "geometry": { "type": "MultiPolygon", "coordinates": [ [ [ [ -45.712784576, -12.678465016 ], [ -45.712425252, -12.678465016 ], [ -45.712425252, -12.67882434 ], [ -45.712784576, -12.67882434 ], [ -45.712784576, -12.678465016 ] ] ] ] } },
{ "type": "Feature", "properties": { "id": 201414, "left": -45.712784575999997, "top": -12.67882434, "right": -45.712425251999996, "bottom": -12.679183664, "centroid_x": -45.712605, "centroid_y": -12.679004, "talhao": "PL LOTE 01" }, "geometry": { "type": "MultiPolygon", "coordinates": [ [ [ [ -45.712784576, -12.67882434 ], [ -45.712425252, -12.67882434 ], [ -45.712425252, -12.679183664 ], [ -45.712784576, -12.679183664 ], [ -45.712784576, -12.67882434 ] ] ] ] } },
{ "type": "Feature", "properties": { "id": 201415, "left": -45.712784575999997, "top": -12.679183664, "right": -45.712425251999996, "bottom": -12.679542988, "centroid_x": -45.712605, "centroid_y": -12.679363, "talhao": "PL LOTE 01" }, "geometry": { "type": "MultiPolygon", "coordinates": [ [ [ [ -45.712784576, -12.679183664 ], [ -45.712425252, -12.679183664 ], [ -45.712425252, -12.679542988 ], [ -45.712784576, -12.679542988 ], [ -45.712784576, -12.679183664 ] ] ] ] } },
{ "type": "Feature", "properties": { "id": 201416, "left": -45.712784575999997, "top": -12.679542988, "right": -45.712425251999996, "bottom": -12.679902312, "centroid_x": -45.712605, "centroid_y": -12.679723, "talhao": "PL LOTE 01" }, "geometry": { "type": "MultiPolygon", "coordinates": [ [ [ [ -45.712784576, -12.679542988 ], [ -45.712425252, -12.679542988 ], [ -45.712425252, -12.679902312 ], [ -45.712784576, -12.679902312 ], [ -45.712784576, -12.679542988 ] ] ] ] } },
{ "type": "Feature", "properties": { "id": 201417, "left": -45.712784575999997, "top": -12.679902312, "right": -45.712425251999996, "bottom": -12.680261636, "centroid_x": -45.712605, "centroid_y": -12.680082, "talhao": "PL LOTE 01" }, "geometry": { "type": "MultiPolygon", "coordinates": [ [ [ [ -45.712784576, -12.679902312 ], [ -45.712425252, -12.679902312 ], [ -45.712425252, -12.680261636 ], [ -45.712784576, -12.680261636 ], [ -45.712784576, -12.679902312 ] ] ] ] } },
{ "type": "Feature", "properties": { "id": 201418, "left": -45.712784575999997, "top": -12.680261636, "right": -45.712425251999996, "bottom": -12.68062096, "centroid_x": -45.712605, "centroid_y": -12.680441, "talhao": "PL LOTE 01" }, "geometry": { "type": "MultiPolygon", "coordinates": [ [ [ [ -45.712784576, -12.680261636 ], [ -45.712425252, -12.680261636 ], [ -45.712425252, -12.68062096 ], [ -45.712784576, -12.68062096 ], [ -45.712784576, -12.680261636 ] ] ] ] } },
{ "type": "Feature", "properties": { "id": 201419, "left": -45.712784575999997, "top": -12.68062096, "right": -45.712425251999996, "bottom": -12.680980284, "centroid_x": -45.712605, "centroid_y": -12.680801, "talhao": "PL LOTE 01" }, "geometry": { "type": "MultiPolygon", "coordinates": [ [ [ [ -45.712784576, -12.68062096 ], [ -45.712425252, -12.68062096 ], [ -45.712425252, -12.680980284 ], [ -45.712784576, -12.680980284 ], [ -45.712784576, -12.68062096 ] ] ] ] } },
{ "type": "Feature", "properties": { "id": 201420, "left": -45.712784575999997, "top": -12.680980284, "right": -45.712425251999996, "bottom": -12.681339608, "centroid_x": -45.712605, "centroid_y": -12.68116, "talhao": "PL LOTE 01" }, "geometry": { "type": "MultiPolygon", "coordinates": [ [ [ [ -45.712784576, -12.680980284 ], [ -45.712425252, -12.680980284 ], [ -45.712425252, -12.681339608 ], [ -45.712784576, -12.681339608 ], [ -45.712784576, -12.680980284 ] ] ] ] } },
{ "type": "Feature", "properties": { "id": 201421, "left": -45.712784575999997, "top": -12.681339608, "right": -45.712425251999996, "bottom": -12.681698932, "centroid_x": -45.712605, "centroid_y": -12.681519, "talhao": "PL LOTE 01" }, "geometry": { "type": "MultiPolygon", "coordinates": [ [ [ [ -45.712784576, -12.681339608 ], [ -45.712425252, -12.681339608 ], [ -45.712425252, -12.681698932 ], [ -45.712784576, -12.681698932 ], [ -45.712784576, -12.681339608 ] ] ] ] } },
{ "type": "Feature", "properties": { "id": 201422, "left": -45.712784575999997, "top": -12.681698932, "right": -45.712425251999996, "bottom": -12.682058256, "centroid_x": -45.712605, "centroid_y": -12.681879, "talhao": "PL LOTE 01" }, "geometry": { "type": "MultiPolygon", "coordinates": [ [ [ [ -45.712784576, -12.681698932 ], [ -45.712425252, -12.681698932 ], [ -45.712425252, -12.682058256 ], [ -45.712784576, -12.682058256 ], [ -45.712784576, -12.681698932 ] ] ] ] } },
{ "type": "Feature", "properties": { "id": 201423, "left": -45.712784575999997, "top": -12.682058256, "right": -45.712425251999996, "bottom": -12.68241758, "centroid_x": -45.712605, "centroid_y": -12.682238, "talhao": "PL LOTE 01" }, "geometry": { "type": "MultiPolygon", "coordinates": [ [ [ [ -45.712784576, -12.682058256 ], [ -45.712425252, -12.682058256 ], [ -45.712425252, -12.68241758 ], [ -45.712784576, -12.68241758 ], [ -45.712784576, -12.682058256 ] ] ] ] } },
{ "type": "Feature", "properties": { "id": 201424, "left": -45.712784575999997, "top": -12.68241758, "right": -45.712425251999996, "bottom": -12.682776904000001, "centroid_x": -45.712605, "centroid_y": -12.682597, "talhao": "PL LOTE 01" }, "geometry": { "type": "MultiPolygon", "coordinates": [ [ [ [ -45.712784576, -12.68241758 ], [ -45.712425252, -12.68241758 ], [ -45.712425252, -12.682776904 ], [ -45.712784576, -12.682776904 ], [ -45.712784576, -12.68241758 ] ] ] ] } },
{ "type": "Feature", "properties": { "id": 201425, "left": -45.712784575999997, "top": -12.682776904000001, "right": -45.712425251999996, "bottom": -12.683136228, "centroid_x": -45.712605, "centroid_y": -12.682957, "talhao": "PL LOTE 01" }, "geometry": { "type": "MultiPolygon", "coordinates": [ [ [ [ -45.712784576, -12.682776904 ], [ -45.712425252, -12.682776904 ], [ -45.712425252, -12.683136228 ], [ -45.712784576, -12.683136228 ], [ -45.712784576, -12.682776904 ] ] ] ] } },
{ "type": "Feature", "properties": { "id": 201426, "left": -45.712784575999997, "top": -12.683136228, "right": -45.712425251999996, "bottom": -12.683495551999998, "centroid_x": -45.712605, "centroid_y": -12.683316, "talhao": "PL LOTE 01" }, "geometry": { "type": "MultiPolygon", "coordinates": [ [ [ [ -45.712784576, -12.683136228 ], [ -45.712425252, -12.683136228 ], [ -45.712425252, -12.683495552 ], [ -45.712784576, -12.683495552 ], [ -45.712784576, -12.683136228 ] ] ] ] } },
{ "type": "Feature", "properties": { "id": 201427, "left": -45.712784575999997, "top": -12.683495552, "right": -45.712425251999996, "bottom": -12.683854876, "centroid_x": -45.712605, "centroid_y": -12.683675, "talhao": "PL LOTE 01" }, "geometry": { "type": "MultiPolygon", "coordinates": [ [ [ [ -45.712784576, -12.683495552 ], [ -45.712425252, -12.683495552 ], [ -45.712425252, -12.683854876 ], [ -45.712784576, -12.683854876 ], [ -45.712784576, -12.683495552 ] ] ] ] } },
{ "type": "Feature", "properties": { "id": 201428, "left": -45.712784575999997, "top": -12.683854876, "right": -45.712425251999996, "bottom": -12.6842142, "centroid_x": -45.712605, "centroid_y": -12.684035, "talhao": "PL LOTE 01" }, "geometry": { "type": "MultiPolygon", "coordinates": [ [ [ [ -45.712784576, -12.683854876 ], [ -45.712425252, -12.683854876 ], [ -45.712425252, -12.6842142 ], [ -45.712784576, -12.6842142 ], [ -45.712784576, -12.683854876 ] ] ] ] } },
{ "type": "Feature", "properties": { "id": 201429, "left": -45.712784575999997, "top": -12.6842142, "right": -45.712425251999996, "bottom": -12.684573524, "centroid_x": -45.712615, "centroid_y": -12.684377, "talhao": "PL LOTE 01" }, "geometry": { "type": "MultiPolygon", "coordinates": [ [ [ [ -45.712707974066575, -12.684573524 ], [ -45.712784576, -12.684573524 ], [ -45.712784576, -12.6842142 ], [ -45.712425252, -12.6842142 ], [ -45.712425252, -12.684479199578851 ], [ -45.712707974066575, -12.684573524 ] ] ] ] } },
{ "type": "Feature", "properties": { "id": 201430, "left": -45.712784575999997, "top": -12.684573524, "right": -45.712425251999996, "bottom": -12.684932848000001, "centroid_x": -45.712759, "centroid_y": -12.684582, "talhao": "PL LOTE 01" }, "geometry": { "type": "MultiPolygon", "coordinates": [ [ [ [ -45.712784576, -12.684599080664592 ], [ -45.712784576, -12.684573524 ], [ -45.712707974066575, -12.684573524 ], [ -45.712784576, -12.684599080664592 ] ] ] ] } },
{ "type": "Feature", "properties": { "id": 201442, "left": -45.712425252000003, "top": -12.66984124, "right": -45.712065928000001, "bottom": -12.670200564, "centroid_x": -45.712072, "centroid_y": -12.670195, "talhao": "PL LOTE 01" }, "geometry": { "type": "MultiPolygon", "coordinates": [ [ [ [ -45.712065928, -12.670185255891825 ], [ -45.712065928, -12.670200564 ], [ -45.712084172697004, -12.670200564 ], [ -45.712065928, -12.670185255891825 ] ] ] ] } },
{ "type": "Feature", "properties": { "id": 201443, "left": -45.712425252000003, "top": -12.670200564, "right": -45.712065928000001, "bottom": -12.670559888, "centroid_x": -45.712205, "centroid_y": -12.670431, "talhao": "PL LOTE 01" }, "geometry": { "type": "MultiPolygon", "coordinates": [ [ [ [ -45.712084172697004, -12.670200564 ], [ -45.712065928, -12.670200564 ], [ -45.712065928, -12.670559888 ], [ -45.712425252, -12.670559888 ], [ -45.712425252, -12.670486744629073 ], [ -45.712084172697004, -12.670200564 ] ] ] ] } },
{ "type": "Feature", "properties": { "id": 201444, "left": -45.712425252000003, "top": -12.670559888, "right": -45.712065928000001, "bottom": -12.670919212, "centroid_x": -45.712246, "centroid_y": -12.67074, "talhao": "PL LOTE 01" }, "geometry": { "type": "MultiPolygon", "coordinates": [ [ [ [ -45.712425252, -12.670559888 ], [ -45.712065928, -12.670559888 ], [ -45.712065928, -12.670919212 ], [ -45.712425252, -12.670919212 ], [ -45.712425252, -12.670559888 ] ] ] ] } },
{ "type": "Feature", "properties": { "id": 201445, "left": -45.712425252000003, "top": -12.670919212, "right": -45.712065928000001, "bottom": -12.671278536000001, "centroid_x": -45.712246, "centroid_y": -12.671099, "talhao": "PL LOTE 01" }, "geometry": { "type": "MultiPolygon", "coordinates": [ [ [ [ -45.712425252, -12.670919212 ], [ -45.712065928, -12.670919212 ], [ -45.712065928, -12.671278536 ], [ -45.712425252, -12.671278536 ], [ -45.712425252, -12.670919212 ] ] ] ] } },
{ "type": "Feature", "properties": { "id": 201446, "left": -45.712425252000003, "top": -12.671278536000001, "right": -45.712065928000001, "bottom": -12.67163786, "centroid_x": -45.712246, "centroid_y": -12.671458, "talhao": "PL LOTE 01" }, "geometry": { "type": "MultiPolygon", "coordinates": [ [ [ [ -45.712425252, -12.671278536 ], [ -45.712065928, -12.671278536 ], [ -45.712065928, -12.67163786 ], [ -45.712425252, -12.67163786 ], [ -45.712425252, -12.671278536 ] ] ] ] } },
{ "type": "Feature", "properties": { "id": 201447, "left": -45.712425252000003, "top": -12.67163786, "right": -45.712065928000001, "bottom": -12.671997184, "centroid_x": -45.712246, "centroid_y": -12.671818, "talhao": "PL LOTE 01" }, "geometry": { "type": "MultiPolygon", "coordinates": [ [ [ [ -45.712425252, -12.67163786 ], [ -45.712065928, -12.67163786 ], [ -45.712065928, -12.671997184 ], [ -45.712425252, -12.671997184 ], [ -45.712425252, -12.67163786 ] ] ] ] } },
{ "type": "Feature", "properties": { "id": 201448, "left": -45.712425252000003, "top": -12.671997184, "right": -45.712065928000001, "bottom": -12.672356508, "centroid_x": -45.712246, "centroid_y": -12.672177, "talhao": "PL LOTE 01" }, "geometry": { "type": "MultiPolygon", "coordinates": [ [ [ [ -45.712425252, -12.671997184 ], [ -45.712065928, -12.671997184 ], [ -45.712065928, -12.672356508 ], [ -45.712425252, -12.672356508 ], [ -45.712425252, -12.671997184 ] ] ] ] } },
{ "type": "Feature", "properties": { "id": 201449, "left": -45.712425252000003, "top": -12.672356508, "right": -45.712065928000001, "bottom": -12.672715832, "centroid_x": -45.712246, "centroid_y": -12.672536, "talhao": "PL LOTE 01" }, "geometry": { "type": "MultiPolygon", "coordinates": [ [ [ [ -45.712425252, -12.672356508 ], [ -45.712065928, -12.672356508 ], [ -45.712065928, -12.672715832 ], [ -45.712425252, -12.672715832 ], [ -45.712425252, -12.672356508 ] ] ] ] } },
{ "type": "Feature", "properties": { "id": 201450, "left": -45.712425252000003, "top": -12.672715832, "right": -45.712065928000001, "bottom": -12.673075156, "centroid_x": -45.712246, "centroid_y": -12.672895, "talhao": "PL LOTE 01" }, "geometry": { "type": "MultiPolygon", "coordinates": [ [ [ [ -45.712425252, -12.672715832 ], [ -45.712065928, -12.672715832 ], [ -45.712065928, -12.673075156 ], [ -45.712425252, -12.673075156 ], [ -45.712425252, -12.672715832 ] ] ] ] } },
{ "type": "Feature", "properties": { "id": 201451, "left": -45.712425252000003, "top": -12.673075156, "right": -45.712065928000001, "bottom": -12.67343448, "centroid_x": -45.712246, "centroid_y": -12.673255, "talhao": "PL LOTE 01" }, "geometry": { "type": "MultiPolygon", "coordinates": [ [ [ [ -45.712425252, -12.673075156 ], [ -45.712065928, -12.673075156 ], [ -45.712065928, -12.67343448 ], [ -45.712425252, -12.67343448 ], [ -45.712425252, -12.673075156 ] ] ] ] } },
{ "type": "Feature", "properties": { "id": 201452, "left": -45.712425252000003, "top": -12.67343448, "right": -45.712065928000001, "bottom": -12.673793804000001, "centroid_x": -45.712246, "centroid_y": -12.673614, "talhao": "PL LOTE 01" }, "geometry": { "type": "MultiPolygon", "coordinates": [ [ [ [ -45.712425252, -12.67343448 ], [ -45.712065928, -12.67343448 ], [ -45.712065928, -12.673793804 ], [ -45.712425252, -12.673793804 ], [ -45.712425252, -12.67343448 ] ] ] ] } },
{ "type": "Feature", "properties": { "id": 201453, "left": -45.712425252000003, "top": -12.673793804000001, "right": -45.712065928000001, "bottom": -12.674153128, "centroid_x": -45.712246, "centroid_y": -12.673973, "talhao": "PL LOTE 01" }, "geometry": { "type": "MultiPolygon", "coordinates": [ [ [ [ -45.712425252, -12.673793804 ], [ -45.712065928, -12.673793804 ], [ -45.712065928, -12.674153128 ], [ -45.712425252, -12.674153128 ], [ -45.712425252, -12.673793804 ] ] ] ] } },
{ "type": "Feature", "properties": { "id": 201454, "left": -45.712425252000003, "top": -12.674153128, "right": -45.712065928000001, "bottom": -12.674512452, "centroid_x": -45.712246, "centroid_y": -12.674333, "talhao": "PL LOTE 01" }, "geometry": { "type": "MultiPolygon", "coordinates": [ [ [ [ -45.712425252, -12.674153128 ], [ -45.712065928, -12.674153128 ], [ -45.712065928, -12.674512452 ], [ -45.712425252, -12.674512452 ], [ -45.712425252, -12.674153128 ] ] ] ] } },
{ "type": "Feature", "properties": { "id": 201455, "left": -45.712425252000003, "top": -12.674512452, "right": -45.712065928000001, "bottom": -12.674871776, "centroid_x": -45.712246, "centroid_y": -12.674692, "talhao": "PL LOTE 01" }, "geometry": { "type": "MultiPolygon", "coordinates": [ [ [ [ -45.712425252, -12.674512452 ], [ -45.712065928, -12.674512452 ], [ -45.712065928, -12.674871776 ], [ -45.712425252, -12.674871776 ], [ -45.712425252, -12.674512452 ] ] ] ] } },
{ "type": "Feature", "properties": { "id": 201456, "left": -45.712425252000003, "top": -12.674871776, "right": -45.712065928000001, "bottom": -12.6752311, "centroid_x": -45.712246, "centroid_y": -12.675051, "talhao": "PL LOTE 01" }, "geometry": { "type": "MultiPolygon", "coordinates": [ [ [ [ -45.712425252, -12.674871776 ], [ -45.712065928, -12.674871776 ], [ -45.712065928, -12.6752311 ], [ -45.712425252, -12.6752311 ], [ -45.712425252, -12.674871776 ] ] ] ] } },
{ "type": "Feature", "properties": { "id": 201457, "left": -45.712425252000003, "top": -12.6752311, "right": -45.712065928000001, "bottom": -12.675590424, "centroid_x": -45.712246, "centroid_y": -12.675411, "talhao": "PL LOTE 01" }, "geometry": { "type": "MultiPolygon", "coordinates": [ [ [ [ -45.712425252, -12.6752311 ], [ -45.712065928, -12.6752311 ], [ -45.712065928, -12.675590424 ], [ -45.712425252, -12.675590424 ], [ -45.712425252, -12.6752311 ] ] ] ] } },
{ "type": "Feature", "properties": { "id": 201458, "left": -45.712425252000003, "top": -12.675590424, "right": -45.712065928000001, "bottom": -12.675949748000001, "centroid_x": -45.712246, "centroid_y": -12.67577, "talhao": "PL LOTE 01" }, "geometry": { "type": "MultiPolygon", "coordinates": [ [ [ [ -45.712425252, -12.675590424 ], [ -45.712065928, -12.675590424 ], [ -45.712065928, -12.675949748 ], [ -45.712425252, -12.675949748 ], [ -45.712425252, -12.675590424 ] ] ] ] } },
{ "type": "Feature", "properties": { "id": 201459, "left": -45.712425252000003, "top": -12.675949748000001, "right": -45.712065928000001, "bottom": -12.676309072, "centroid_x": -45.712246, "centroid_y": -12.676129, "talhao": "PL LOTE 01" }, "geometry": { "type": "MultiPolygon", "coordinates": [ [ [ [ -45.712425252, -12.675949748 ], [ -45.712065928, -12.675949748 ], [ -45.712065928, -12.676309072 ], [ -45.712425252, -12.676309072 ], [ -45.712425252, -12.675949748 ] ] ] ] } },
{ "type": "Feature", "properties": { "id": 201460, "left": -45.712425252000003, "top": -12.676309072, "right": -45.712065928000001, "bottom": -12.676668395999998, "centroid_x": -45.712246, "centroid_y": -12.676489, "talhao": "PL LOTE 01" }, "geometry": { "type": "MultiPolygon", "coordinates": [ [ [ [ -45.712425252, -12.676309072 ], [ -45.712065928, -12.676309072 ], [ -45.712065928, -12.676668396 ], [ -45.712425252, -12.676668396 ], [ -45.712425252, -12.676309072 ] ] ] ] } },
{ "type": "Feature", "properties": { "id": 201461, "left": -45.712425252000003, "top": -12.676668396, "right": -45.712065928000001, "bottom": -12.67702772, "centroid_x": -45.712246, "centroid_y": -12.676848, "talhao": "PL LOTE 01" }, "geometry": { "type": "MultiPolygon", "coordinates": [ [ [ [ -45.712425252, -12.676668396 ], [ -45.712065928, -12.676668396 ], [ -45.712065928, -12.67702772 ], [ -45.712425252, -12.67702772 ], [ -45.712425252, -12.676668396 ] ] ] ] } },
{ "type": "Feature", "properties": { "id": 201462, "left": -45.712425252000003, "top": -12.67702772, "right": -45.712065928000001, "bottom": -12.677387044, "centroid_x": -45.712246, "centroid_y": -12.677207, "talhao": "PL LOTE 01" }, "geometry": { "type": "MultiPolygon", "coordinates": [ [ [ [ -45.712425252, -12.67702772 ], [ -45.712065928, -12.67702772 ], [ -45.712065928, -12.677387044 ], [ -45.712425252, -12.677387044 ], [ -45.712425252, -12.67702772 ] ] ] ] } },
{ "type": "Feature", "properties": { "id": 201463, "left": -45.712425252000003, "top": -12.677387044, "right": -45.712065928000001, "bottom": -12.677746368, "centroid_x": -45.712246, "centroid_y": -12.677567, "talhao": "PL LOTE 01" }, "geometry": { "type": "MultiPolygon", "coordinates": [ [ [ [ -45.712425252, -12.677387044 ], [ -45.712065928, -12.677387044 ], [ -45.712065928, -12.677746368 ], [ -45.712425252, -12.677746368 ], [ -45.712425252, -12.677387044 ] ] ] ] } },
{ "type": "Feature", "properties": { "id": 201464, "left": -45.712425252000003, "top": -12.677746368, "right": -45.712065928000001, "bottom": -12.678105692000001, "centroid_x": -45.712246, "centroid_y": -12.677926, "talhao": "PL LOTE 01" }, "geometry": { "type": "MultiPolygon", "coordinates": [ [ [ [ -45.712425252, -12.677746368 ], [ -45.712065928, -12.677746368 ], [ -45.712065928, -12.678105692 ], [ -45.712425252, -12.678105692 ], [ -45.712425252, -12.677746368 ] ] ] ] } },
{ "type": "Feature", "properties": { "id": 201465, "left": -45.712425252000003, "top": -12.678105692000001, "right": -45.712065928000001, "bottom": -12.678465016000001, "centroid_x": -45.712246, "centroid_y": -12.678285, "talhao": "PL LOTE 01" }, "geometry": { "type": "MultiPolygon", "coordinates": [ [ [ [ -45.712425252, -12.678105692 ], [ -45.712065928, -12.678105692 ], [ -45.712065928, -12.678465016 ], [ -45.712425252, -12.678465016 ], [ -45.712425252, -12.678105692 ] ] ] ] } },
{ "type": "Feature", "properties": { "id": 201466, "left": -45.712425252000003, "top": -12.678465016000001, "right": -45.712065928000001, "bottom": -12.67882434, "centroid_x": -45.712246, "centroid_y": -12.678645, "talhao": "PL LOTE 01" }, "geometry": { "type": "MultiPolygon", "coordinates": [ [ [ [ -45.712425252, -12.678465016 ], [ -45.712065928, -12.678465016 ], [ -45.712065928, -12.67882434 ], [ -45.712425252, -12.67882434 ], [ -45.712425252, -12.678465016 ] ] ] ] } },
{ "type": "Feature", "properties": { "id": 201467, "left": -45.712425252000003, "top": -12.67882434, "right": -45.712065928000001, "bottom": -12.679183664, "centroid_x": -45.712246, "centroid_y": -12.679004, "talhao": "PL LOTE 01" }, "geometry": { "type": "MultiPolygon", "coordinates": [ [ [ [ -45.712425252, -12.67882434 ], [ -45.712065928, -12.67882434 ], [ -45.712065928, -12.679183664 ], [ -45.712425252, -12.679183664 ], [ -45.712425252, -12.67882434 ] ] ] ] } },
{ "type": "Feature", "properties": { "id": 201468, "left": -45.712425252000003, "top": -12.679183664, "right": -45.712065928000001, "bottom": -12.679542988, "centroid_x": -45.712246, "centroid_y": -12.679363, "talhao": "PL LOTE 01" }, "geometry": { "type": "MultiPolygon", "coordinates": [ [ [ [ -45.712425252, -12.679183664 ], [ -45.712065928, -12.679183664 ], [ -45.712065928, -12.679542988 ], [ -45.712425252, -12.679542988 ], [ -45.712425252, -12.679183664 ] ] ] ] } },
{ "type": "Feature", "properties": { "id": 201469, "left": -45.712425252000003, "top": -12.679542988, "right": -45.712065928000001, "bottom": -12.679902312, "centroid_x": -45.712246, "centroid_y": -12.679723, "talhao": "PL LOTE 01" }, "geometry": { "type": "MultiPolygon", "coordinates": [ [ [ [ -45.712425252, -12.679542988 ], [ -45.712065928, -12.679542988 ], [ -45.712065928, -12.679902312 ], [ -45.712425252, -12.679902312 ], [ -45.712425252, -12.679542988 ] ] ] ] } },
{ "type": "Feature", "properties": { "id": 201470, "left": -45.712425252000003, "top": -12.679902312, "right": -45.712065928000001, "bottom": -12.680261636, "centroid_x": -45.712246, "centroid_y": -12.680082, "talhao": "PL LOTE 01" }, "geometry": { "type": "MultiPolygon", "coordinates": [ [ [ [ -45.712425252, -12.679902312 ], [ -45.712065928, -12.679902312 ], [ -45.712065928, -12.680261636 ], [ -45.712425252, -12.680261636 ], [ -45.712425252, -12.679902312 ] ] ] ] } },
{ "type": "Feature", "properties": { "id": 201471, "left": -45.712425252000003, "top": -12.680261636, "right": -45.712065928000001, "bottom": -12.68062096, "centroid_x": -45.712246, "centroid_y": -12.680441, "talhao": "PL LOTE 01" }, "geometry": { "type": "MultiPolygon", "coordinates": [ [ [ [ -45.712425252, -12.680261636 ], [ -45.712065928, -12.680261636 ], [ -45.712065928, -12.68062096 ], [ -45.712425252, -12.68062096 ], [ -45.712425252, -12.680261636 ] ] ] ] } },
{ "type": "Feature", "properties": { "id": 201472, "left": -45.712425252000003, "top": -12.68062096, "right": -45.712065928000001, "bottom": -12.680980284, "centroid_x": -45.712246, "centroid_y": -12.680801, "talhao": "PL LOTE 01" }, "geometry": { "type": "MultiPolygon", "coordinates": [ [ [ [ -45.712425252, -12.68062096 ], [ -45.712065928, -12.68062096 ], [ -45.712065928, -12.680980284 ], [ -45.712425252, -12.680980284 ], [ -45.712425252, -12.68062096 ] ] ] ] } },
{ "type": "Feature", "properties": { "id": 201473, "left": -45.712425252000003, "top": -12.680980284, "right": -45.712065928000001, "bottom": -12.681339608, "centroid_x": -45.712246, "centroid_y": -12.68116, "talhao": "PL LOTE 01" }, "geometry": { "type": "MultiPolygon", "coordinates": [ [ [ [ -45.712425252, -12.680980284 ], [ -45.712065928, -12.680980284 ], [ -45.712065928, -12.681339608 ], [ -45.712425252, -12.681339608 ], [ -45.712425252, -12.680980284 ] ] ] ] } },
{ "type": "Feature", "properties": { "id": 201474, "left": -45.712425252000003, "top": -12.681339608, "right": -45.712065928000001, "bottom": -12.681698932, "centroid_x": -45.712246, "centroid_y": -12.681519, "talhao": "PL LOTE 01" }, "geometry": { "type": "MultiPolygon", "coordinates": [ [ [ [ -45.712425252, -12.681339608 ], [ -45.712065928, -12.681339608 ], [ -45.712065928, -12.681698932 ], [ -45.712425252, -12.681698932 ], [ -45.712425252, -12.681339608 ] ] ] ] } },
{ "type": "Feature", "properties": { "id": 201475, "left": -45.712425252000003, "top": -12.681698932, "right": -45.712065928000001, "bottom": -12.682058256, "centroid_x": -45.712246, "centroid_y": -12.681879, "talhao": "PL LOTE 01" }, "geometry": { "type": "MultiPolygon", "coordinates": [ [ [ [ -45.712425252, -12.681698932 ], [ -45.712065928, -12.681698932 ], [ -45.712065928, -12.682058256 ], [ -45.712425252, -12.682058256 ], [ -45.712425252, -12.681698932 ] ] ] ] } },
{ "type": "Feature", "properties": { "id": 201476, "left": -45.712425252000003, "top": -12.682058256, "right": -45.712065928000001, "bottom": -12.68241758, "centroid_x": -45.712246, "centroid_y": -12.682238, "talhao": "PL LOTE 01" }, "geometry": { "type": "MultiPolygon", "coordinates": [ [ [ [ -45.712425252, -12.682058256 ], [ -45.712065928, -12.682058256 ], [ -45.712065928, -12.68241758 ], [ -45.712425252, -12.68241758 ], [ -45.712425252, -12.682058256 ] ] ] ] } },
{ "type": "Feature", "properties": { "id": 201477, "left": -45.712425252000003, "top": -12.68241758, "right": -45.712065928000001, "bottom": -12.682776904000001, "centroid_x": -45.712246, "centroid_y": -12.682597, "talhao": "PL LOTE 01" }, "geometry": { "type": "MultiPolygon", "coordinates": [ [ [ [ -45.712425252, -12.68241758 ], [ -45.712065928, -12.68241758 ], [ -45.712065928, -12.682776904 ], [ -45.712425252, -12.682776904 ], [ -45.712425252, -12.68241758 ] ] ] ] } },
{ "type": "Feature", "properties": { "id": 201478, "left": -45.712425252000003, "top": -12.682776904000001, "right": -45.712065928000001, "bottom": -12.683136228, "centroid_x": -45.712246, "centroid_y": -12.682957, "talhao": "PL LOTE 01" }, "geometry": { "type": "MultiPolygon", "coordinates": [ [ [ [ -45.712425252, -12.682776904 ], [ -45.712065928, -12.682776904 ], [ -45.712065928, -12.683136228 ], [ -45.712425252, -12.683136228 ], [ -45.712425252, -12.682776904 ] ] ] ] } },
{ "type": "Feature", "properties": { "id": 201479, "left": -45.712425252000003, "top": -12.683136228, "right": -45.712065928000001, "bottom": -12.683495551999998, "centroid_x": -45.712246, "centroid_y": -12.683316, "talhao": "PL LOTE 01" }, "geometry": { "type": "MultiPolygon", "coordinates": [ [ [ [ -45.712425252, -12.683136228 ], [ -45.712065928, -12.683136228 ], [ -45.712065928, -12.683495552 ], [ -45.712425252, -12.683495552 ], [ -45.712425252, -12.683136228 ] ] ] ] } },
{ "type": "Feature", "properties": { "id": 201480, "left": -45.712425252000003, "top": -12.683495552, "right": -45.712065928000001, "bottom": -12.683854876, "centroid_x": -45.712246, "centroid_y": -12.683675, "talhao": "PL LOTE 01" }, "geometry": { "type": "MultiPolygon", "coordinates": [ [ [ [ -45.712425252, -12.683495552 ], [ -45.712065928, -12.683495552 ], [ -45.712065928, -12.683854876 ], [ -45.712425252, -12.683854876 ], [ -45.712425252, -12.683495552 ] ] ] ] } },
{ "type": "Feature", "properties": { "id": 201481, "left": -45.712425252000003, "top": -12.683854876, "right": -45.712065928000001, "bottom": -12.6842142, "centroid_x": -45.712246, "centroid_y": -12.684035, "talhao": "PL LOTE 01" }, "geometry": { "type": "MultiPolygon", "coordinates": [ [ [ [ -45.712425252, -12.683854876 ], [ -45.712065928, -12.683854876 ], [ -45.712065928, -12.6842142 ], [ -45.712425252, -12.6842142 ], [ -45.712425252, -12.683854876 ] ] ] ] } },
{ "type": "Feature", "properties": { "id": 201482, "left": -45.712425252000003, "top": -12.6842142, "right": -45.712065928000001, "bottom": -12.684573524, "centroid_x": -45.712263, "centroid_y": -12.68432, "talhao": "PL LOTE 01" }, "geometry": { "type": "MultiPolygon", "coordinates": [ [ [ [ -45.712425252, -12.684479199578854 ], [ -45.712425252, -12.6842142 ], [ -45.712065928, -12.6842142 ], [ -45.712065928, -12.684359318493113 ], [ -45.712425252, -12.684479199578854 ] ] ] ] } },
{ "type": "Feature", "properties": { "id": 201495, "left": -45.712065928000001, "top": -12.66984124, "right": -45.711706604, "bottom": -12.670200564, "centroid_x": -45.711832, "centroid_y": -12.670095, "talhao": "PL LOTE 01" }, "geometry": { "type": "MultiPolygon", "coordinates": [ [ [ [ -45.711706604, -12.669883767154579 ], [ -45.711706604, -12.670200564 ], [ -45.712065928, -12.670200564 ], [ -45.712065928, -12.670185255891825 ], [ -45.711706604, -12.669883767154579 ] ] ] ] } },
{ "type": "Feature", "properties": { "id": 201496, "left": -45.712065928000001, "top": -12.670200564, "right": -45.711706604, "bottom": -12.670559888, "centroid_x": -45.711886, "centroid_y": -12.67038, "talhao": "PL LOTE 01" }, "geometry": { "type": "MultiPolygon", "coordinates": [ [ [ [ -45.712065928, -12.670200564 ], [ -45.711706604, -12.670200564 ], [ -45.711706604, -12.670559888 ], [ -45.712065928, -12.670559888 ], [ -45.712065928, -12.670200564 ] ] ] ] } },
{ "type": "Feature", "properties": { "id": 201497, "left": -45.712065928000001, "top": -12.670559888, "right": -45.711706604, "bottom": -12.670919212, "centroid_x": -45.711886, "centroid_y": -12.67074, "talhao": "PL LOTE 01" }, "geometry": { "type": "MultiPolygon", "coordinates": [ [ [ [ -45.712065928, -12.670559888 ], [ -45.711706604, -12.670559888 ], [ -45.711706604, -12.670919212 ], [ -45.712065928, -12.670919212 ], [ -45.712065928, -12.670559888 ] ] ] ] } },
{ "type": "Feature", "properties": { "id": 201498, "left": -45.712065928000001, "top": -12.670919212, "right": -45.711706604, "bottom": -12.671278536000001, "centroid_x": -45.711886, "centroid_y": -12.671099, "talhao": "PL LOTE 01" }, "geometry": { "type": "MultiPolygon", "coordinates": [ [ [ [ -45.712065928, -12.670919212 ], [ -45.711706604, -12.670919212 ], [ -45.711706604, -12.671278536 ], [ -45.712065928, -12.671278536 ], [ -45.712065928, -12.670919212 ] ] ] ] } },
{ "type": "Feature", "properties": { "id": 201499, "left": -45.712065928000001, "top": -12.671278536000001, "right": -45.711706604, "bottom": -12.67163786, "centroid_x": -45.711886, "centroid_y": -12.671458, "talhao": "PL LOTE 01" }, "geometry": { "type": "MultiPolygon", "coordinates": [ [ [ [ -45.712065928, -12.671278536 ], [ -45.711706604, -12.671278536 ], [ -45.711706604, -12.67163786 ], [ -45.712065928, -12.67163786 ], [ -45.712065928, -12.671278536 ] ] ] ] } },
{ "type": "Feature", "properties": { "id": 201500, "left": -45.712065928000001, "top": -12.67163786, "right": -45.711706604, "bottom": -12.671997184, "centroid_x": -45.711886, "centroid_y": -12.671818, "talhao": "PL LOTE 01" }, "geometry": { "type": "MultiPolygon", "coordinates": [ [ [ [ -45.712065928, -12.67163786 ], [ -45.711706604, -12.67163786 ], [ -45.711706604, -12.671997184 ], [ -45.712065928, -12.671997184 ], [ -45.712065928, -12.67163786 ] ] ] ] } },
{ "type": "Feature", "properties": { "id": 201501, "left": -45.712065928000001, "top": -12.671997184, "right": -45.711706604, "bottom": -12.672356508, "centroid_x": -45.711886, "centroid_y": -12.672177, "talhao": "PL LOTE 01" }, "geometry": { "type": "MultiPolygon", "coordinates": [ [ [ [ -45.712065928, -12.671997184 ], [ -45.711706604, -12.671997184 ], [ -45.711706604, -12.672356508 ], [ -45.712065928, -12.672356508 ], [ -45.712065928, -12.671997184 ] ] ] ] } },
{ "type": "Feature", "properties": { "id": 201502, "left": -45.712065928000001, "top": -12.672356508, "right": -45.711706604, "bottom": -12.672715832, "centroid_x": -45.711886, "centroid_y": -12.672536, "talhao": "PL LOTE 01" }, "geometry": { "type": "MultiPolygon", "coordinates": [ [ [ [ -45.712065928, -12.672356508 ], [ -45.711706604, -12.672356508 ], [ -45.711706604, -12.672715832 ], [ -45.712065928, -12.672715832 ], [ -45.712065928, -12.672356508 ] ] ] ] } },
{ "type": "Feature", "properties": { "id": 201503, "left": -45.712065928000001, "top": -12.672715832, "right": -45.711706604, "bottom": -12.673075156, "centroid_x": -45.711886, "centroid_y": -12.672895, "talhao": "PL LOTE 01" }, "geometry": { "type": "MultiPolygon", "coordinates": [ [ [ [ -45.712065928, -12.672715832 ], [ -45.711706604, -12.672715832 ], [ -45.711706604, -12.673075156 ], [ -45.712065928, -12.673075156 ], [ -45.712065928, -12.672715832 ] ] ] ] } },
{ "type": "Feature", "properties": { "id": 201504, "left": -45.712065928000001, "top": -12.673075156, "right": -45.711706604, "bottom": -12.67343448, "centroid_x": -45.711886, "centroid_y": -12.673255, "talhao": "PL LOTE 01" }, "geometry": { "type": "MultiPolygon", "coordinates": [ [ [ [ -45.712065928, -12.673075156 ], [ -45.711706604, -12.673075156 ], [ -45.711706604, -12.67343448 ], [ -45.712065928, -12.67343448 ], [ -45.712065928, -12.673075156 ] ] ] ] } },
{ "type": "Feature", "properties": { "id": 201505, "left": -45.712065928000001, "top": -12.67343448, "right": -45.711706604, "bottom": -12.673793804000001, "centroid_x": -45.711886, "centroid_y": -12.673614, "talhao": "PL LOTE 01" }, "geometry": { "type": "MultiPolygon", "coordinates": [ [ [ [ -45.712065928, -12.67343448 ], [ -45.711706604, -12.67343448 ], [ -45.711706604, -12.673793804 ], [ -45.712065928, -12.673793804 ], [ -45.712065928, -12.67343448 ] ] ] ] } },
{ "type": "Feature", "properties": { "id": 201506, "left": -45.712065928000001, "top": -12.673793804000001, "right": -45.711706604, "bottom": -12.674153128, "centroid_x": -45.711886, "centroid_y": -12.673973, "talhao": "PL LOTE 01" }, "geometry": { "type": "MultiPolygon", "coordinates": [ [ [ [ -45.712065928, -12.673793804 ], [ -45.711706604, -12.673793804 ], [ -45.711706604, -12.674153128 ], [ -45.712065928, -12.674153128 ], [ -45.712065928, -12.673793804 ] ] ] ] } },
{ "type": "Feature", "properties": { "id": 201507, "left": -45.712065928000001, "top": -12.674153128, "right": -45.711706604, "bottom": -12.674512452, "centroid_x": -45.711886, "centroid_y": -12.674333, "talhao": "PL LOTE 01" }, "geometry": { "type": "MultiPolygon", "coordinates": [ [ [ [ -45.712065928, -12.674153128 ], [ -45.711706604, -12.674153128 ], [ -45.711706604, -12.674512452 ], [ -45.712065928, -12.674512452 ], [ -45.712065928, -12.674153128 ] ] ] ] } },
{ "type": "Feature", "properties": { "id": 201508, "left": -45.712065928000001, "top": -12.674512452, "right": -45.711706604, "bottom": -12.674871776, "centroid_x": -45.711886, "centroid_y": -12.674692, "talhao": "PL LOTE 01" }, "geometry": { "type": "MultiPolygon", "coordinates": [ [ [ [ -45.712065928, -12.674512452 ], [ -45.711706604, -12.674512452 ], [ -45.711706604, -12.674871776 ], [ -45.712065928, -12.674871776 ], [ -45.712065928, -12.674512452 ] ] ] ] } },
{ "type": "Feature", "properties": { "id": 201509, "left": -45.712065928000001, "top": -12.674871776, "right": -45.711706604, "bottom": -12.6752311, "centroid_x": -45.711886, "centroid_y": -12.675051, "talhao": "PL LOTE 01" }, "geometry": { "type": "MultiPolygon", "coordinates": [ [ [ [ -45.712065928, -12.674871776 ], [ -45.711706604, -12.674871776 ], [ -45.711706604, -12.6752311 ], [ -45.712065928, -12.6752311 ], [ -45.712065928, -12.674871776 ] ] ] ] } },
{ "type": "Feature", "properties": { "id": 201510, "left": -45.712065928000001, "top": -12.6752311, "right": -45.711706604, "bottom": -12.675590424, "centroid_x": -45.711886, "centroid_y": -12.675411, "talhao": "PL LOTE 01" }, "geometry": { "type": "MultiPolygon", "coordinates": [ [ [ [ -45.712065928, -12.6752311 ], [ -45.711706604, -12.6752311 ], [ -45.711706604, -12.675590424 ], [ -45.712065928, -12.675590424 ], [ -45.712065928, -12.6752311 ] ] ] ] } },
{ "type": "Feature", "properties": { "id": 201511, "left": -45.712065928000001, "top": -12.675590424, "right": -45.711706604, "bottom": -12.675949748000001, "centroid_x": -45.711886, "centroid_y": -12.67577, "talhao": "PL LOTE 01" }, "geometry": { "type": "MultiPolygon", "coordinates": [ [ [ [ -45.712065928, -12.675590424 ], [ -45.711706604, -12.675590424 ], [ -45.711706604, -12.675949748 ], [ -45.712065928, -12.675949748 ], [ -45.712065928, -12.675590424 ] ] ] ] } },
{ "type": "Feature", "properties": { "id": 201512, "left": -45.712065928000001, "top": -12.675949748000001, "right": -45.711706604, "bottom": -12.676309072, "centroid_x": -45.711886, "centroid_y": -12.676129, "talhao": "PL LOTE 01" }, "geometry": { "type": "MultiPolygon", "coordinates": [ [ [ [ -45.712065928, -12.675949748 ], [ -45.711706604, -12.675949748 ], [ -45.711706604, -12.676309072 ], [ -45.712065928, -12.676309072 ], [ -45.712065928, -12.675949748 ] ] ] ] } },
{ "type": "Feature", "properties": { "id": 201513, "left": -45.712065928000001, "top": -12.676309072, "right": -45.711706604, "bottom": -12.676668395999998, "centroid_x": -45.711886, "centroid_y": -12.676489, "talhao": "PL LOTE 01" }, "geometry": { "type": "MultiPolygon", "coordinates": [ [ [ [ -45.712065928, -12.676309072 ], [ -45.711706604, -12.676309072 ], [ -45.711706604, -12.676668396 ], [ -45.712065928, -12.676668396 ], [ -45.712065928, -12.676309072 ] ] ] ] } },
{ "type": "Feature", "properties": { "id": 201514, "left": -45.712065928000001, "top": -12.676668396, "right": -45.711706604, "bottom": -12.67702772, "centroid_x": -45.711886, "centroid_y": -12.676848, "talhao": "PL LOTE 01" }, "geometry": { "type": "MultiPolygon", "coordinates": [ [ [ [ -45.712065928, -12.676668396 ], [ -45.711706604, -12.676668396 ], [ -45.711706604, -12.67702772 ], [ -45.712065928, -12.67702772 ], [ -45.712065928, -12.676668396 ] ] ] ] } },
{ "type": "Feature", "properties": { "id": 201515, "left": -45.712065928000001, "top": -12.67702772, "right": -45.711706604, "bottom": -12.677387044, "centroid_x": -45.711886, "centroid_y": -12.677207, "talhao": "PL LOTE 01" }, "geometry": { "type": "MultiPolygon", "coordinates": [ [ [ [ -45.712065928, -12.67702772 ], [ -45.711706604, -12.67702772 ], [ -45.711706604, -12.677387044 ], [ -45.712065928, -12.677387044 ], [ -45.712065928, -12.67702772 ] ] ] ] } },
{ "type": "Feature", "properties": { "id": 201516, "left": -45.712065928000001, "top": -12.677387044, "right": -45.711706604, "bottom": -12.677746368, "centroid_x": -45.711886, "centroid_y": -12.677567, "talhao": "PL LOTE 01" }, "geometry": { "type": "MultiPolygon", "coordinates": [ [ [ [ -45.712065928, -12.677387044 ], [ -45.711706604, -12.677387044 ], [ -45.711706604, -12.677746368 ], [ -45.712065928, -12.677746368 ], [ -45.712065928, -12.677387044 ] ] ] ] } },
{ "type": "Feature", "properties": { "id": 201517, "left": -45.712065928000001, "top": -12.677746368, "right": -45.711706604, "bottom": -12.678105692000001, "centroid_x": -45.711886, "centroid_y": -12.677926, "talhao": "PL LOTE 01" }, "geometry": { "type": "MultiPolygon", "coordinates": [ [ [ [ -45.712065928, -12.677746368 ], [ -45.711706604, -12.677746368 ], [ -45.711706604, -12.678105692 ], [ -45.712065928, -12.678105692 ], [ -45.712065928, -12.677746368 ] ] ] ] } },
{ "type": "Feature", "properties": { "id": 201518, "left": -45.712065928000001, "top": -12.678105692000001, "right": -45.711706604, "bottom": -12.678465016000001, "centroid_x": -45.711886, "centroid_y": -12.678285, "talhao": "PL LOTE 01" }, "geometry": { "type": "MultiPolygon", "coordinates": [ [ [ [ -45.712065928, -12.678105692 ], [ -45.711706604, -12.678105692 ], [ -45.711706604, -12.678465016 ], [ -45.712065928, -12.678465016 ], [ -45.712065928, -12.678105692 ] ] ] ] } },
{ "type": "Feature", "properties": { "id": 201519, "left": -45.712065928000001, "top": -12.678465016000001, "right": -45.711706604, "bottom": -12.67882434, "centroid_x": -45.711886, "centroid_y": -12.678645, "talhao": "PL LOTE 01" }, "geometry": { "type": "MultiPolygon", "coordinates": [ [ [ [ -45.712065928, -12.678465016 ], [ -45.711706604, -12.678465016 ], [ -45.711706604, -12.67882434 ], [ -45.712065928, -12.67882434 ], [ -45.712065928, -12.678465016 ] ] ] ] } },
{ "type": "Feature", "properties": { "id": 201520, "left": -45.712065928000001, "top": -12.67882434, "right": -45.711706604, "bottom": -12.679183664, "centroid_x": -45.711886, "centroid_y": -12.679004, "talhao": "PL LOTE 01" }, "geometry": { "type": "MultiPolygon", "coordinates": [ [ [ [ -45.712065928, -12.67882434 ], [ -45.711706604, -12.67882434 ], [ -45.711706604, -12.679183664 ], [ -45.712065928, -12.679183664 ], [ -45.712065928, -12.67882434 ] ] ] ] } },
{ "type": "Feature", "properties": { "id": 201521, "left": -45.712065928000001, "top": -12.679183664, "right": -45.711706604, "bottom": -12.679542988, "centroid_x": -45.711886, "centroid_y": -12.679363, "talhao": "PL LOTE 01" }, "geometry": { "type": "MultiPolygon", "coordinates": [ [ [ [ -45.712065928, -12.679183664 ], [ -45.711706604, -12.679183664 ], [ -45.711706604, -12.679542988 ], [ -45.712065928, -12.679542988 ], [ -45.712065928, -12.679183664 ] ] ] ] } },
{ "type": "Feature", "properties": { "id": 201522, "left": -45.712065928000001, "top": -12.679542988, "right": -45.711706604, "bottom": -12.679902312, "centroid_x": -45.711886, "centroid_y": -12.679723, "talhao": "PL LOTE 01" }, "geometry": { "type": "MultiPolygon", "coordinates": [ [ [ [ -45.712065928, -12.679542988 ], [ -45.711706604, -12.679542988 ], [ -45.711706604, -12.679902312 ], [ -45.712065928, -12.679902312 ], [ -45.712065928, -12.679542988 ] ] ] ] } },
{ "type": "Feature", "properties": { "id": 201523, "left": -45.712065928000001, "top": -12.679902312, "right": -45.711706604, "bottom": -12.680261636, "centroid_x": -45.711886, "centroid_y": -12.680082, "talhao": "PL LOTE 01" }, "geometry": { "type": "MultiPolygon", "coordinates": [ [ [ [ -45.712065928, -12.679902312 ], [ -45.711706604, -12.679902312 ], [ -45.711706604, -12.680261636 ], [ -45.712065928, -12.680261636 ], [ -45.712065928, -12.679902312 ] ] ] ] } },
{ "type": "Feature", "properties": { "id": 201524, "left": -45.712065928000001, "top": -12.680261636, "right": -45.711706604, "bottom": -12.68062096, "centroid_x": -45.711886, "centroid_y": -12.680441, "talhao": "PL LOTE 01" }, "geometry": { "type": "MultiPolygon", "coordinates": [ [ [ [ -45.712065928, -12.680261636 ], [ -45.711706604, -12.680261636 ], [ -45.711706604, -12.68062096 ], [ -45.712065928, -12.68062096 ], [ -45.712065928, -12.680261636 ] ] ] ] } },
{ "type": "Feature", "properties": { "id": 201525, "left": -45.712065928000001, "top": -12.68062096, "right": -45.711706604, "bottom": -12.680980284, "centroid_x": -45.711886, "centroid_y": -12.680801, "talhao": "PL LOTE 01" }, "geometry": { "type": "MultiPolygon", "coordinates": [ [ [ [ -45.712065928, -12.68062096 ], [ -45.711706604, -12.68062096 ], [ -45.711706604, -12.680980284 ], [ -45.712065928, -12.680980284 ], [ -45.712065928, -12.68062096 ] ] ] ] } },
{ "type": "Feature", "properties": { "id": 201526, "left": -45.712065928000001, "top": -12.680980284, "right": -45.711706604, "bottom": -12.681339608, "centroid_x": -45.711886, "centroid_y": -12.68116, "talhao": "PL LOTE 01" }, "geometry": { "type": "MultiPolygon", "coordinates": [ [ [ [ -45.712065928, -12.680980284 ], [ -45.711706604, -12.680980284 ], [ -45.711706604, -12.681339608 ], [ -45.712065928, -12.681339608 ], [ -45.712065928, -12.680980284 ] ] ] ] } },
{ "type": "Feature", "properties": { "id": 201527, "left": -45.712065928000001, "top": -12.681339608, "right": -45.711706604, "bottom": -12.681698932, "centroid_x": -45.711886, "centroid_y": -12.681519, "talhao": "PL LOTE 01" }, "geometry": { "type": "MultiPolygon", "coordinates": [ [ [ [ -45.712065928, -12.681339608 ], [ -45.711706604, -12.681339608 ], [ -45.711706604, -12.681698932 ], [ -45.712065928, -12.681698932 ], [ -45.712065928, -12.681339608 ] ] ] ] } },
{ "type": "Feature", "properties": { "id": 201528, "left": -45.712065928000001, "top": -12.681698932, "right": -45.711706604, "bottom": -12.682058256, "centroid_x": -45.711886, "centroid_y": -12.681879, "talhao": "PL LOTE 01" }, "geometry": { "type": "MultiPolygon", "coordinates": [ [ [ [ -45.712065928, -12.681698932 ], [ -45.711706604, -12.681698932 ], [ -45.711706604, -12.682058256 ], [ -45.712065928, -12.682058256 ], [ -45.712065928, -12.681698932 ] ] ] ] } },
{ "type": "Feature", "properties": { "id": 201529, "left": -45.712065928000001, "top": -12.682058256, "right": -45.711706604, "bottom": -12.68241758, "centroid_x": -45.711886, "centroid_y": -12.682238, "talhao": "PL LOTE 01" }, "geometry": { "type": "MultiPolygon", "coordinates": [ [ [ [ -45.712065928, -12.682058256 ], [ -45.711706604, -12.682058256 ], [ -45.711706604, -12.68241758 ], [ -45.712065928, -12.68241758 ], [ -45.712065928, -12.682058256 ] ] ] ] } },
{ "type": "Feature", "properties": { "id": 201530, "left": -45.712065928000001, "top": -12.68241758, "right": -45.711706604, "bottom": -12.682776904000001, "centroid_x": -45.711886, "centroid_y": -12.682597, "talhao": "PL LOTE 01" }, "geometry": { "type": "MultiPolygon", "coordinates": [ [ [ [ -45.712065928, -12.68241758 ], [ -45.711706604, -12.68241758 ], [ -45.711706604, -12.682776904 ], [ -45.712065928, -12.682776904 ], [ -45.712065928, -12.68241758 ] ] ] ] } },
{ "type": "Feature", "properties": { "id": 201531, "left": -45.712065928000001, "top": -12.682776904000001, "right": -45.711706604, "bottom": -12.683136228, "centroid_x": -45.711886, "centroid_y": -12.682957, "talhao": "PL LOTE 01" }, "geometry": { "type": "MultiPolygon", "coordinates": [ [ [ [ -45.712065928, -12.682776904 ], [ -45.711706604, -12.682776904 ], [ -45.711706604, -12.683136228 ], [ -45.712065928, -12.683136228 ], [ -45.712065928, -12.682776904 ] ] ] ] } },
{ "type": "Feature", "properties": { "id": 201532, "left": -45.712065928000001, "top": -12.683136228, "right": -45.711706604, "bottom": -12.683495551999998, "centroid_x": -45.711886, "centroid_y": -12.683316, "talhao": "PL LOTE 01" }, "geometry": { "type": "MultiPolygon", "coordinates": [ [ [ [ -45.712065928, -12.683136228 ], [ -45.711706604, -12.683136228 ], [ -45.711706604, -12.683495552 ], [ -45.712065928, -12.683495552 ], [ -45.712065928, -12.683136228 ] ] ] ] } },
{ "type": "Feature", "properties": { "id": 201533, "left": -45.712065928000001, "top": -12.683495552, "right": -45.711706604, "bottom": -12.683854876, "centroid_x": -45.711886, "centroid_y": -12.683675, "talhao": "PL LOTE 01" }, "geometry": { "type": "MultiPolygon", "coordinates": [ [ [ [ -45.712065928, -12.683495552 ], [ -45.711706604, -12.683495552 ], [ -45.711706604, -12.683854876 ], [ -45.712065928, -12.683854876 ], [ -45.712065928, -12.683495552 ] ] ] ] } },
{ "type": "Feature", "properties": { "id": 201534, "left": -45.712065928000001, "top": -12.683854876, "right": -45.711706604, "bottom": -12.6842142, "centroid_x": -45.711886, "centroid_y": -12.684035, "talhao": "PL LOTE 01" }, "geometry": { "type": "MultiPolygon", "coordinates": [ [ [ [ -45.712065928, -12.683854876 ], [ -45.711706604, -12.683854876 ], [ -45.711706604, -12.6842142 ], [ -45.712065928, -12.6842142 ], [ -45.712065928, -12.683854876 ] ] ] ] } },
{ "type": "Feature", "properties": { "id": 201535, "left": -45.712065928000001, "top": -12.6842142, "right": -45.711706604, "bottom": -12.684573524, "centroid_x": -45.711935, "centroid_y": -12.684263, "talhao": "PL LOTE 01" }, "geometry": { "type": "MultiPolygon", "coordinates": [ [ [ [ -45.711711, -12.684231 ], [ -45.712035, -12.684349 ], [ -45.712065928, -12.684359318493113 ], [ -45.712065928, -12.6842142 ], [ -45.711706604, -12.6842142 ], [ -45.711706604, -12.684229289339367 ], [ -45.711711, -12.684231 ] ] ] ] } },
{ "type": "Feature", "properties": { "id": 201547, "left": -45.711706604, "top": -12.669481916000001, "right": -45.71134728, "bottom": -12.66984124, "centroid_x": -45.71145, "centroid_y": -12.669755, "talhao": "PL LOTE 01" }, "geometry": { "type": "MultiPolygon", "coordinates": [ [ [ [ -45.71134728, -12.66958227841733 ], [ -45.71134728, -12.66984124 ], [ -45.711655918765679, -12.66984124 ], [ -45.71134728, -12.66958227841733 ] ] ] ] } },
{ "type": "Feature", "properties": { "id": 201548, "left": -45.711706604, "top": -12.66984124, "right": -45.71134728, "bottom": -12.670200564, "centroid_x": -45.711526, "centroid_y": -12.670022, "talhao": "PL LOTE 01" }, "geometry": { "type": "MultiPolygon", "coordinates": [ [ [ [ -45.711655918765679, -12.66984124 ], [ -45.71134728, -12.66984124 ], [ -45.71134728, -12.670200564 ], [ -45.711706604, -12.670200564 ], [ -45.711706604, -12.669883767154579 ], [ -45.711655918765679, -12.66984124 ] ] ] ] } },
{ "type": "Feature", "properties": { "id": 201549, "left": -45.711706604, "top": -12.670200564, "right": -45.71134728, "bottom": -12.670559888, "centroid_x": -45.711527, "centroid_y": -12.67038, "talhao": "PL LOTE 01" }, "geometry": { "type": "MultiPolygon", "coordinates": [ [ [ [ -45.711706604, -12.670200564 ], [ -45.71134728, -12.670200564 ], [ -45.71134728, -12.670559888 ], [ -45.711706604, -12.670559888 ], [ -45.711706604, -12.670200564 ] ] ] ] } },
{ "type": "Feature", "properties": { "id": 201550, "left": -45.711706604, "top": -12.670559888, "right": -45.71134728, "bottom": -12.670919212, "centroid_x": -45.711527, "centroid_y": -12.67074, "talhao": "PL LOTE 01" }, "geometry": { "type": "MultiPolygon", "coordinates": [ [ [ [ -45.711706604, -12.670559888 ], [ -45.71134728, -12.670559888 ], [ -45.71134728, -12.670919212 ], [ -45.711706604, -12.670919212 ], [ -45.711706604, -12.670559888 ] ] ] ] } },
{ "type": "Feature", "properties": { "id": 201551, "left": -45.711706604, "top": -12.670919212, "right": -45.71134728, "bottom": -12.671278536000001, "centroid_x": -45.711527, "centroid_y": -12.671099, "talhao": "PL LOTE 01" }, "geometry": { "type": "MultiPolygon", "coordinates": [ [ [ [ -45.711706604, -12.670919212 ], [ -45.71134728, -12.670919212 ], [ -45.71134728, -12.671278536 ], [ -45.711706604, -12.671278536 ], [ -45.711706604, -12.670919212 ] ] ] ] } },
{ "type": "Feature", "properties": { "id": 201552, "left": -45.711706604, "top": -12.671278536000001, "right": -45.71134728, "bottom": -12.67163786, "centroid_x": -45.711527, "centroid_y": -12.671458, "talhao": "PL LOTE 01" }, "geometry": { "type": "MultiPolygon", "coordinates": [ [ [ [ -45.711706604, -12.671278536 ], [ -45.71134728, -12.671278536 ], [ -45.71134728, -12.67163786 ], [ -45.711706604, -12.67163786 ], [ -45.711706604, -12.671278536 ] ] ] ] } },
{ "type": "Feature", "properties": { "id": 201553, "left": -45.711706604, "top": -12.67163786, "right": -45.71134728, "bottom": -12.671997184, "centroid_x": -45.711527, "centroid_y": -12.671818, "talhao": "PL LOTE 01" }, "geometry": { "type": "MultiPolygon", "coordinates": [ [ [ [ -45.711706604, -12.67163786 ], [ -45.71134728, -12.67163786 ], [ -45.71134728, -12.671997184 ], [ -45.711706604, -12.671997184 ], [ -45.711706604, -12.67163786 ] ] ] ] } },
{ "type": "Feature", "properties": { "id": 201554, "left": -45.711706604, "top": -12.671997184, "right": -45.71134728, "bottom": -12.672356508, "centroid_x": -45.711527, "centroid_y": -12.672177, "talhao": "PL LOTE 01" }, "geometry": { "type": "MultiPolygon", "coordinates": [ [ [ [ -45.711706604, -12.671997184 ], [ -45.71134728, -12.671997184 ], [ -45.71134728, -12.672356508 ], [ -45.711706604, -12.672356508 ], [ -45.711706604, -12.671997184 ] ] ] ] } },
{ "type": "Feature", "properties": { "id": 201555, "left": -45.711706604, "top": -12.672356508, "right": -45.71134728, "bottom": -12.672715832, "centroid_x": -45.711527, "centroid_y": -12.672536, "talhao": "PL LOTE 01" }, "geometry": { "type": "MultiPolygon", "coordinates": [ [ [ [ -45.711706604, -12.672356508 ], [ -45.71134728, -12.672356508 ], [ -45.71134728, -12.672715832 ], [ -45.711706604, -12.672715832 ], [ -45.711706604, -12.672356508 ] ] ] ] } },
{ "type": "Feature", "properties": { "id": 201556, "left": -45.711706604, "top": -12.672715832, "right": -45.71134728, "bottom": -12.673075156, "centroid_x": -45.711527, "centroid_y": -12.672895, "talhao": "PL LOTE 01" }, "geometry": { "type": "MultiPolygon", "coordinates": [ [ [ [ -45.711706604, -12.672715832 ], [ -45.71134728, -12.672715832 ], [ -45.71134728, -12.673075156 ], [ -45.711706604, -12.673075156 ], [ -45.711706604, -12.672715832 ] ] ] ] } },
{ "type": "Feature", "properties": { "id": 201557, "left": -45.711706604, "top": -12.673075156, "right": -45.71134728, "bottom": -12.67343448, "centroid_x": -45.711527, "centroid_y": -12.673255, "talhao": "PL LOTE 01" }, "geometry": { "type": "MultiPolygon", "coordinates": [ [ [ [ -45.711706604, -12.673075156 ], [ -45.71134728, -12.673075156 ], [ -45.71134728, -12.67343448 ], [ -45.711706604, -12.67343448 ], [ -45.711706604, -12.673075156 ] ] ] ] } },
{ "type": "Feature", "properties": { "id": 201558, "left": -45.711706604, "top": -12.67343448, "right": -45.71134728, "bottom": -12.673793804000001, "centroid_x": -45.711527, "centroid_y": -12.673614, "talhao": "PL LOTE 01" }, "geometry": { "type": "MultiPolygon", "coordinates": [ [ [ [ -45.711706604, -12.67343448 ], [ -45.71134728, -12.67343448 ], [ -45.71134728, -12.673793804 ], [ -45.711706604, -12.673793804 ], [ -45.711706604, -12.67343448 ] ] ] ] } },
{ "type": "Feature", "properties": { "id": 201559, "left": -45.711706604, "top": -12.673793804000001, "right": -45.71134728, "bottom": -12.674153128, "centroid_x": -45.711527, "centroid_y": -12.673973, "talhao": "PL LOTE 01" }, "geometry": { "type": "MultiPolygon", "coordinates": [ [ [ [ -45.711706604, -12.673793804 ], [ -45.71134728, -12.673793804 ], [ -45.71134728, -12.674153128 ], [ -45.711706604, -12.674153128 ], [ -45.711706604, -12.673793804 ] ] ] ] } },
{ "type": "Feature", "properties": { "id": 201560, "left": -45.711706604, "top": -12.674153128, "right": -45.71134728, "bottom": -12.674512452, "centroid_x": -45.711527, "centroid_y": -12.674333, "talhao": "PL LOTE 01" }, "geometry": { "type": "MultiPolygon", "coordinates": [ [ [ [ -45.711706604, -12.674153128 ], [ -45.71134728, -12.674153128 ], [ -45.71134728, -12.674512452 ], [ -45.711706604, -12.674512452 ], [ -45.711706604, -12.674153128 ] ] ] ] } },
{ "type": "Feature", "properties": { "id": 201561, "left": -45.711706604, "top": -12.674512452, "right": -45.71134728, "bottom": -12.674871776, "centroid_x": -45.711527, "centroid_y": -12.674692, "talhao": "PL LOTE 01" }, "geometry": { "type": "MultiPolygon", "coordinates": [ [ [ [ -45.711706604, -12.674512452 ], [ -45.71134728, -12.674512452 ], [ -45.71134728, -12.674871776 ], [ -45.711706604, -12.674871776 ], [ -45.711706604, -12.674512452 ] ] ] ] } },
{ "type": "Feature", "properties": { "id": 201562, "left": -45.711706604, "top": -12.674871776, "right": -45.71134728, "bottom": -12.6752311, "centroid_x": -45.711527, "centroid_y": -12.675051, "talhao": "PL LOTE 01" }, "geometry": { "type": "MultiPolygon", "coordinates": [ [ [ [ -45.711706604, -12.674871776 ], [ -45.71134728, -12.674871776 ], [ -45.71134728, -12.6752311 ], [ -45.711706604, -12.6752311 ], [ -45.711706604, -12.674871776 ] ] ] ] } },
{ "type": "Feature", "properties": { "id": 201563, "left": -45.711706604, "top": -12.6752311, "right": -45.71134728, "bottom": -12.675590424, "centroid_x": -45.711527, "centroid_y": -12.675411, "talhao": "PL LOTE 01" }, "geometry": { "type": "MultiPolygon", "coordinates": [ [ [ [ -45.711706604, -12.6752311 ], [ -45.71134728, -12.6752311 ], [ -45.71134728, -12.675590424 ], [ -45.711706604, -12.675590424 ], [ -45.711706604, -12.6752311 ] ] ] ] } },
{ "type": "Feature", "properties": { "id": 201564, "left": -45.711706604, "top": -12.675590424, "right": -45.71134728, "bottom": -12.675949748000001, "centroid_x": -45.711527, "centroid_y": -12.67577, "talhao": "PL LOTE 01" }, "geometry": { "type": "MultiPolygon", "coordinates": [ [ [ [ -45.711706604, -12.675590424 ], [ -45.71134728, -12.675590424 ], [ -45.71134728, -12.675949748 ], [ -45.711706604, -12.675949748 ], [ -45.711706604, -12.675590424 ] ] ] ] } },
{ "type": "Feature", "properties": { "id": 201565, "left": -45.711706604, "top": -12.675949748000001, "right": -45.71134728, "bottom": -12.676309072, "centroid_x": -45.711527, "centroid_y": -12.676129, "talhao": "PL LOTE 01" }, "geometry": { "type": "MultiPolygon", "coordinates": [ [ [ [ -45.711706604, -12.675949748 ], [ -45.71134728, -12.675949748 ], [ -45.71134728, -12.676309072 ], [ -45.711706604, -12.676309072 ], [ -45.711706604, -12.675949748 ] ] ] ] } },
{ "type": "Feature", "properties": { "id": 201566, "left": -45.711706604, "top": -12.676309072, "right": -45.71134728, "bottom": -12.676668395999998, "centroid_x": -45.711527, "centroid_y": -12.676489, "talhao": "PL LOTE 01" }, "geometry": { "type": "MultiPolygon", "coordinates": [ [ [ [ -45.711706604, -12.676309072 ], [ -45.71134728, -12.676309072 ], [ -45.71134728, -12.676668396 ], [ -45.711706604, -12.676668396 ], [ -45.711706604, -12.676309072 ] ] ] ] } },
{ "type": "Feature", "properties": { "id": 201567, "left": -45.711706604, "top": -12.676668396, "right": -45.71134728, "bottom": -12.67702772, "centroid_x": -45.711527, "centroid_y": -12.676848, "talhao": "PL LOTE 01" }, "geometry": { "type": "MultiPolygon", "coordinates": [ [ [ [ -45.711706604, -12.676668396 ], [ -45.71134728, -12.676668396 ], [ -45.71134728, -12.67702772 ], [ -45.711706604, -12.67702772 ], [ -45.711706604, -12.676668396 ] ] ] ] } },
{ "type": "Feature", "properties": { "id": 201568, "left": -45.711706604, "top": -12.67702772, "right": -45.71134728, "bottom": -12.677387044, "centroid_x": -45.711527, "centroid_y": -12.677207, "talhao": "PL LOTE 01" }, "geometry": { "type": "MultiPolygon", "coordinates": [ [ [ [ -45.711706604, -12.67702772 ], [ -45.71134728, -12.67702772 ], [ -45.71134728, -12.677387044 ], [ -45.711706604, -12.677387044 ], [ -45.711706604, -12.67702772 ] ] ] ] } },
{ "type": "Feature", "properties": { "id": 201569, "left": -45.711706604, "top": -12.677387044, "right": -45.71134728, "bottom": -12.677746368, "centroid_x": -45.711527, "centroid_y": -12.677567, "talhao": "PL LOTE 01" }, "geometry": { "type": "MultiPolygon", "coordinates": [ [ [ [ -45.711706604, -12.677387044 ], [ -45.71134728, -12.677387044 ], [ -45.71134728, -12.677746368 ], [ -45.711706604, -12.677746368 ], [ -45.711706604, -12.677387044 ] ] ] ] } },
{ "type": "Feature", "properties": { "id": 201570, "left": -45.711706604, "top": -12.677746368, "right": -45.71134728, "bottom": -12.678105692000001, "centroid_x": -45.711527, "centroid_y": -12.677926, "talhao": "PL LOTE 01" }, "geometry": { "type": "MultiPolygon", "coordinates": [ [ [ [ -45.711706604, -12.677746368 ], [ -45.71134728, -12.677746368 ], [ -45.71134728, -12.678105692 ], [ -45.711706604, -12.678105692 ], [ -45.711706604, -12.677746368 ] ] ] ] } },
{ "type": "Feature", "properties": { "id": 201571, "left": -45.711706604, "top": -12.678105692000001, "right": -45.71134728, "bottom": -12.678465016000001, "centroid_x": -45.711527, "centroid_y": -12.678285, "talhao": "PL LOTE 01" }, "geometry": { "type": "MultiPolygon", "coordinates": [ [ [ [ -45.711706604, -12.678105692 ], [ -45.71134728, -12.678105692 ], [ -45.71134728, -12.678465016 ], [ -45.711706604, -12.678465016 ], [ -45.711706604, -12.678105692 ] ] ] ] } },
{ "type": "Feature", "properties": { "id": 201572, "left": -45.711706604, "top": -12.678465016000001, "right": -45.71134728, "bottom": -12.67882434, "centroid_x": -45.711527, "centroid_y": -12.678645, "talhao": "PL LOTE 01" }, "geometry": { "type": "MultiPolygon", "coordinates": [ [ [ [ -45.711706604, -12.678465016 ], [ -45.71134728, -12.678465016 ], [ -45.71134728, -12.67882434 ], [ -45.711706604, -12.67882434 ], [ -45.711706604, -12.678465016 ] ] ] ] } },
{ "type": "Feature", "properties": { "id": 201573, "left": -45.711706604, "top": -12.67882434, "right": -45.71134728, "bottom": -12.679183664, "centroid_x": -45.711527, "centroid_y": -12.679004, "talhao": "PL LOTE 01" }, "geometry": { "type": "MultiPolygon", "coordinates": [ [ [ [ -45.711706604, -12.67882434 ], [ -45.71134728, -12.67882434 ], [ -45.71134728, -12.679183664 ], [ -45.711706604, -12.679183664 ], [ -45.711706604, -12.67882434 ] ] ] ] } },
{ "type": "Feature", "properties": { "id": 201574, "left": -45.711706604, "top": -12.679183664, "right": -45.71134728, "bottom": -12.679542988, "centroid_x": -45.711527, "centroid_y": -12.679363, "talhao": "PL LOTE 01" }, "geometry": { "type": "MultiPolygon", "coordinates": [ [ [ [ -45.711706604, -12.679183664 ], [ -45.71134728, -12.679183664 ], [ -45.71134728, -12.679542988 ], [ -45.711706604, -12.679542988 ], [ -45.711706604, -12.679183664 ] ] ] ] } },
{ "type": "Feature", "properties": { "id": 201575, "left": -45.711706604, "top": -12.679542988, "right": -45.71134728, "bottom": -12.679902312, "centroid_x": -45.711527, "centroid_y": -12.679723, "talhao": "PL LOTE 01" }, "geometry": { "type": "MultiPolygon", "coordinates": [ [ [ [ -45.711706604, -12.679542988 ], [ -45.71134728, -12.679542988 ], [ -45.71134728, -12.679902312 ], [ -45.711706604, -12.679902312 ], [ -45.711706604, -12.679542988 ] ] ] ] } },
{ "type": "Feature", "properties": { "id": 201576, "left": -45.711706604, "top": -12.679902312, "right": -45.71134728, "bottom": -12.680261636, "centroid_x": -45.711527, "centroid_y": -12.680082, "talhao": "PL LOTE 01" }, "geometry": { "type": "MultiPolygon", "coordinates": [ [ [ [ -45.711706604, -12.679902312 ], [ -45.71134728, -12.679902312 ], [ -45.71134728, -12.680261636 ], [ -45.711706604, -12.680261636 ], [ -45.711706604, -12.679902312 ] ] ] ] } },
{ "type": "Feature", "properties": { "id": 201577, "left": -45.711706604, "top": -12.680261636, "right": -45.71134728, "bottom": -12.68062096, "centroid_x": -45.711527, "centroid_y": -12.680441, "talhao": "PL LOTE 01" }, "geometry": { "type": "MultiPolygon", "coordinates": [ [ [ [ -45.711706604, -12.680261636 ], [ -45.71134728, -12.680261636 ], [ -45.71134728, -12.68062096 ], [ -45.711706604, -12.68062096 ], [ -45.711706604, -12.680261636 ] ] ] ] } },
{ "type": "Feature", "properties": { "id": 201578, "left": -45.711706604, "top": -12.68062096, "right": -45.71134728, "bottom": -12.680980284, "centroid_x": -45.711527, "centroid_y": -12.680801, "talhao": "PL LOTE 01" }, "geometry": { "type": "MultiPolygon", "coordinates": [ [ [ [ -45.711706604, -12.68062096 ], [ -45.71134728, -12.68062096 ], [ -45.71134728, -12.680980284 ], [ -45.711706604, -12.680980284 ], [ -45.711706604, -12.68062096 ] ] ] ] } },
{ "type": "Feature", "properties": { "id": 201579, "left": -45.711706604, "top": -12.680980284, "right": -45.71134728, "bottom": -12.681339608, "centroid_x": -45.711527, "centroid_y": -12.68116, "talhao": "PL LOTE 01" }, "geometry": { "type": "MultiPolygon", "coordinates": [ [ [ [ -45.711706604, -12.680980284 ], [ -45.71134728, -12.680980284 ], [ -45.71134728, -12.681339608 ], [ -45.711706604, -12.681339608 ], [ -45.711706604, -12.680980284 ] ] ] ] } },
{ "type": "Feature", "properties": { "id": 201580, "left": -45.711706604, "top": -12.681339608, "right": -45.71134728, "bottom": -12.681698932, "centroid_x": -45.711527, "centroid_y": -12.681519, "talhao": "PL LOTE 01" }, "geometry": { "type": "MultiPolygon", "coordinates": [ [ [ [ -45.711706604, -12.681339608 ], [ -45.71134728, -12.681339608 ], [ -45.71134728, -12.681698932 ], [ -45.711706604, -12.681698932 ], [ -45.711706604, -12.681339608 ] ] ] ] } },
{ "type": "Feature", "properties": { "id": 201581, "left": -45.711706604, "top": -12.681698932, "right": -45.71134728, "bottom": -12.682058256, "centroid_x": -45.711527, "centroid_y": -12.681879, "talhao": "PL LOTE 01" }, "geometry": { "type": "MultiPolygon", "coordinates": [ [ [ [ -45.711706604, -12.681698932 ], [ -45.71134728, -12.681698932 ], [ -45.71134728, -12.682058256 ], [ -45.711706604, -12.682058256 ], [ -45.711706604, -12.681698932 ] ] ] ] } },
{ "type": "Feature", "properties": { "id": 201582, "left": -45.711706604, "top": -12.682058256, "right": -45.71134728, "bottom": -12.68241758, "centroid_x": -45.711527, "centroid_y": -12.682238, "talhao": "PL LOTE 01" }, "geometry": { "type": "MultiPolygon", "coordinates": [ [ [ [ -45.711706604, -12.682058256 ], [ -45.71134728, -12.682058256 ], [ -45.71134728, -12.68241758 ], [ -45.711706604, -12.68241758 ], [ -45.711706604, -12.682058256 ] ] ] ] } },
{ "type": "Feature", "properties": { "id": 201583, "left": -45.711706604, "top": -12.68241758, "right": -45.71134728, "bottom": -12.682776904000001, "centroid_x": -45.711527, "centroid_y": -12.682597, "talhao": "PL LOTE 01" }, "geometry": { "type": "MultiPolygon", "coordinates": [ [ [ [ -45.711706604, -12.68241758 ], [ -45.71134728, -12.68241758 ], [ -45.71134728, -12.682776904 ], [ -45.711706604, -12.682776904 ], [ -45.711706604, -12.68241758 ] ] ] ] } },
{ "type": "Feature", "properties": { "id": 201584, "left": -45.711706604, "top": -12.682776904000001, "right": -45.71134728, "bottom": -12.683136228, "centroid_x": -45.711527, "centroid_y": -12.682957, "talhao": "PL LOTE 01" }, "geometry": { "type": "MultiPolygon", "coordinates": [ [ [ [ -45.711706604, -12.682776904 ], [ -45.71134728, -12.682776904 ], [ -45.71134728, -12.683136228 ], [ -45.711706604, -12.683136228 ], [ -45.711706604, -12.682776904 ] ] ] ] } },
{ "type": "Feature", "properties": { "id": 201585, "left": -45.711706604, "top": -12.683136228, "right": -45.71134728, "bottom": -12.683495551999998, "centroid_x": -45.711527, "centroid_y": -12.683316, "talhao": "PL LOTE 01" }, "geometry": { "type": "MultiPolygon", "coordinates": [ [ [ [ -45.711706604, -12.683136228 ], [ -45.71134728, -12.683136228 ], [ -45.71134728, -12.683495552 ], [ -45.711706604, -12.683495552 ], [ -45.711706604, -12.683136228 ] ] ] ] } },
{ "type": "Feature", "properties": { "id": 201586, "left": -45.711706604, "top": -12.683495552, "right": -45.71134728, "bottom": -12.683854876, "centroid_x": -45.711527, "centroid_y": -12.683675, "talhao": "PL LOTE 01" }, "geometry": { "type": "MultiPolygon", "coordinates": [ [ [ [ -45.711706604, -12.683495552 ], [ -45.71134728, -12.683495552 ], [ -45.71134728, -12.683854876 ], [ -45.711706604, -12.683854876 ], [ -45.711706604, -12.683495552 ] ] ] ] } },
{ "type": "Feature", "properties": { "id": 201587, "left": -45.711706604, "top": -12.683854876, "right": -45.71134728, "bottom": -12.6842142, "centroid_x": -45.711541, "centroid_y": -12.684009, "talhao": "PL LOTE 01" }, "geometry": { "type": "MultiPolygon", "coordinates": [ [ [ [ -45.71149, -12.684145 ], [ -45.711667827906979, -12.6842142 ], [ -45.711706604, -12.6842142 ], [ -45.711706604, -12.683854876 ], [ -45.71134728, -12.683854876 ], [ -45.71134728, -12.684082490852711 ], [ -45.71149, -12.684145 ] ] ] ] } },
{ "type": "Feature", "properties": { "id": 201588, "left": -45.711706604, "top": -12.6842142, "right": -45.71134728, "bottom": -12.684573524, "centroid_x": -45.711694, "centroid_y": -12.684219, "talhao": "PL LOTE 01" }, "geometry": { "type": "MultiPolygon", "coordinates": [ [ [ [ -45.711706604, -12.684229289339367 ], [ -45.711706604, -12.6842142 ], [ -45.711667827906979, -12.6842142 ], [ -45.711706604, -12.684229289339367 ] ] ] ] } },
{ "type": "Feature", "properties": { "id": 201599, "left": -45.71134728, "top": -12.669122592000001, "right": -45.710987955999997, "bottom": -12.669481916000001, "centroid_x": -45.711068, "centroid_y": -12.669415, "talhao": "PL LOTE 01" }, "geometry": { "type": "MultiPolygon", "coordinates": [ [ [ [ -45.710987956, -12.669280789680084 ], [ -45.710987956, -12.669481916 ], [ -45.711227664834354, -12.669481916 ], [ -45.710987956, -12.669280789680084 ] ] ] ] } },
{ "type": "Feature", "properties": { "id": 201600, "left": -45.71134728, "top": -12.669481916000001, "right": -45.710987955999997, "bottom": -12.66984124, "centroid_x": -45.711161, "centroid_y": -12.669669, "talhao": "PL LOTE 01" }, "geometry": { "type": "MultiPolygon", "coordinates": [ [ [ [ -45.711227664834354, -12.669481916 ], [ -45.710987956, -12.669481916 ], [ -45.710987956, -12.66984124 ], [ -45.71134728, -12.66984124 ], [ -45.71134728, -12.66958227841733 ], [ -45.711227664834354, -12.669481916 ] ] ] ] } },
{ "type": "Feature", "properties": { "id": 201601, "left": -45.71134728, "top": -12.66984124, "right": -45.710987955999997, "bottom": -12.670200564, "centroid_x": -45.711168, "centroid_y": -12.670021, "talhao": "PL LOTE 01" }, "geometry": { "type": "MultiPolygon", "coordinates": [ [ [ [ -45.71134728, -12.66984124 ], [ -45.710987956, -12.66984124 ], [ -45.710987956, -12.670200564 ], [ -45.71134728, -12.670200564 ], [ -45.71134728, -12.66984124 ] ] ] ] } },
{ "type": "Feature", "properties": { "id": 201602, "left": -45.71134728, "top": -12.670200564, "right": -45.710987955999997, "bottom": -12.670559888, "centroid_x": -45.711168, "centroid_y": -12.67038, "talhao": "PL LOTE 01" }, "geometry": { "type": "MultiPolygon", "coordinates": [ [ [ [ -45.71134728, -12.670200564 ], [ -45.710987956, -12.670200564 ], [ -45.710987956, -12.670559888 ], [ -45.71134728, -12.670559888 ], [ -45.71134728, -12.670200564 ] ] ] ] } },
{ "type": "Feature", "properties": { "id": 201603, "left": -45.71134728, "top": -12.670559888, "right": -45.710987955999997, "bottom": -12.670919212, "centroid_x": -45.711168, "centroid_y": -12.67074, "talhao": "PL LOTE 01" }, "geometry": { "type": "MultiPolygon", "coordinates": [ [ [ [ -45.71134728, -12.670559888 ], [ -45.710987956, -12.670559888 ], [ -45.710987956, -12.670919212 ], [ -45.71134728, -12.670919212 ], [ -45.71134728, -12.670559888 ] ] ] ] } },
{ "type": "Feature", "properties": { "id": 201604, "left": -45.71134728, "top": -12.670919212, "right": -45.710987955999997, "bottom": -12.671278536000001, "centroid_x": -45.711168, "centroid_y": -12.671099, "talhao": "PL LOTE 01" }, "geometry": { "type": "MultiPolygon", "coordinates": [ [ [ [ -45.71134728, -12.670919212 ], [ -45.710987956, -12.670919212 ], [ -45.710987956, -12.671278536 ], [ -45.71134728, -12.671278536 ], [ -45.71134728, -12.670919212 ] ] ] ] } },
{ "type": "Feature", "properties": { "id": 201605, "left": -45.71134728, "top": -12.671278536000001, "right": -45.710987955999997, "bottom": -12.67163786, "centroid_x": -45.711168, "centroid_y": -12.671458, "talhao": "PL LOTE 01" }, "geometry": { "type": "MultiPolygon", "coordinates": [ [ [ [ -45.71134728, -12.671278536 ], [ -45.710987956, -12.671278536 ], [ -45.710987956, -12.67163786 ], [ -45.71134728, -12.67163786 ], [ -45.71134728, -12.671278536 ] ] ] ] } },
{ "type": "Feature", "properties": { "id": 201606, "left": -45.71134728, "top": -12.67163786, "right": -45.710987955999997, "bottom": -12.671997184, "centroid_x": -45.711168, "centroid_y": -12.671818, "talhao": "PL LOTE 01" }, "geometry": { "type": "MultiPolygon", "coordinates": [ [ [ [ -45.71134728, -12.67163786 ], [ -45.710987956, -12.67163786 ], [ -45.710987956, -12.671997184 ], [ -45.71134728, -12.671997184 ], [ -45.71134728, -12.67163786 ] ] ] ] } },
{ "type": "Feature", "properties": { "id": 201607, "left": -45.71134728, "top": -12.671997184, "right": -45.710987955999997, "bottom": -12.672356508, "centroid_x": -45.711168, "centroid_y": -12.672177, "talhao": "PL LOTE 01" }, "geometry": { "type": "MultiPolygon", "coordinates": [ [ [ [ -45.71134728, -12.671997184 ], [ -45.710987956, -12.671997184 ], [ -45.710987956, -12.672356508 ], [ -45.71134728, -12.672356508 ], [ -45.71134728, -12.671997184 ] ] ] ] } },
{ "type": "Feature", "properties": { "id": 201608, "left": -45.71134728, "top": -12.672356508, "right": -45.710987955999997, "bottom": -12.672715832, "centroid_x": -45.711168, "centroid_y": -12.672536, "talhao": "PL LOTE 01" }, "geometry": { "type": "MultiPolygon", "coordinates": [ [ [ [ -45.71134728, -12.672356508 ], [ -45.710987956, -12.672356508 ], [ -45.710987956, -12.672715832 ], [ -45.71134728, -12.672715832 ], [ -45.71134728, -12.672356508 ] ] ] ] } },
{ "type": "Feature", "properties": { "id": 201609, "left": -45.71134728, "top": -12.672715832, "right": -45.710987955999997, "bottom": -12.673075156, "centroid_x": -45.711168, "centroid_y": -12.672895, "talhao": "PL LOTE 01" }, "geometry": { "type": "MultiPolygon", "coordinates": [ [ [ [ -45.71134728, -12.672715832 ], [ -45.710987956, -12.672715832 ], [ -45.710987956, -12.673075156 ], [ -45.71134728, -12.673075156 ], [ -45.71134728, -12.672715832 ] ] ] ] } },
{ "type": "Feature", "properties": { "id": 201610, "left": -45.71134728, "top": -12.673075156, "right": -45.710987955999997, "bottom": -12.67343448, "centroid_x": -45.711168, "centroid_y": -12.673255, "talhao": "PL LOTE 01" }, "geometry": { "type": "MultiPolygon", "coordinates": [ [ [ [ -45.71134728, -12.673075156 ], [ -45.710987956, -12.673075156 ], [ -45.710987956, -12.67343448 ], [ -45.71134728, -12.67343448 ], [ -45.71134728, -12.673075156 ] ] ] ] } },
{ "type": "Feature", "properties": { "id": 201611, "left": -45.71134728, "top": -12.67343448, "right": -45.710987955999997, "bottom": -12.673793804000001, "centroid_x": -45.711168, "centroid_y": -12.673614, "talhao": "PL LOTE 01" }, "geometry": { "type": "MultiPolygon", "coordinates": [ [ [ [ -45.71134728, -12.67343448 ], [ -45.710987956, -12.67343448 ], [ -45.710987956, -12.673793804 ], [ -45.71134728, -12.673793804 ], [ -45.71134728, -12.67343448 ] ] ] ] } },
{ "type": "Feature", "properties": { "id": 201612, "left": -45.71134728, "top": -12.673793804000001, "right": -45.710987955999997, "bottom": -12.674153128, "centroid_x": -45.711168, "centroid_y": -12.673973, "talhao": "PL LOTE 01" }, "geometry": { "type": "MultiPolygon", "coordinates": [ [ [ [ -45.71134728, -12.673793804 ], [ -45.710987956, -12.673793804 ], [ -45.710987956, -12.674153128 ], [ -45.71134728, -12.674153128 ], [ -45.71134728, -12.673793804 ] ] ] ] } },
{ "type": "Feature", "properties": { "id": 201613, "left": -45.71134728, "top": -12.674153128, "right": -45.710987955999997, "bottom": -12.674512452, "centroid_x": -45.711168, "centroid_y": -12.674333, "talhao": "PL LOTE 01" }, "geometry": { "type": "MultiPolygon", "coordinates": [ [ [ [ -45.71134728, -12.674153128 ], [ -45.710987956, -12.674153128 ], [ -45.710987956, -12.674512452 ], [ -45.71134728, -12.674512452 ], [ -45.71134728, -12.674153128 ] ] ] ] } },
{ "type": "Feature", "properties": { "id": 201614, "left": -45.71134728, "top": -12.674512452, "right": -45.710987955999997, "bottom": -12.674871776, "centroid_x": -45.711168, "centroid_y": -12.674692, "talhao": "PL LOTE 01" }, "geometry": { "type": "MultiPolygon", "coordinates": [ [ [ [ -45.71134728, -12.674512452 ], [ -45.710987956, -12.674512452 ], [ -45.710987956, -12.674871776 ], [ -45.71134728, -12.674871776 ], [ -45.71134728, -12.674512452 ] ] ] ] } },
{ "type": "Feature", "properties": { "id": 201615, "left": -45.71134728, "top": -12.674871776, "right": -45.710987955999997, "bottom": -12.6752311, "centroid_x": -45.711168, "centroid_y": -12.675051, "talhao": "PL LOTE 01" }, "geometry": { "type": "MultiPolygon", "coordinates": [ [ [ [ -45.71134728, -12.674871776 ], [ -45.710987956, -12.674871776 ], [ -45.710987956, -12.6752311 ], [ -45.71134728, -12.6752311 ], [ -45.71134728, -12.674871776 ] ] ] ] } },
{ "type": "Feature", "properties": { "id": 201616, "left": -45.71134728, "top": -12.6752311, "right": -45.710987955999997, "bottom": -12.675590424, "centroid_x": -45.711168, "centroid_y": -12.675411, "talhao": "PL LOTE 01" }, "geometry": { "type": "MultiPolygon", "coordinates": [ [ [ [ -45.71134728, -12.6752311 ], [ -45.710987956, -12.6752311 ], [ -45.710987956, -12.675590424 ], [ -45.71134728, -12.675590424 ], [ -45.71134728, -12.6752311 ] ] ] ] } },
{ "type": "Feature", "properties": { "id": 201617, "left": -45.71134728, "top": -12.675590424, "right": -45.710987955999997, "bottom": -12.675949748000001, "centroid_x": -45.711168, "centroid_y": -12.67577, "talhao": "PL LOTE 01" }, "geometry": { "type": "MultiPolygon", "coordinates": [ [ [ [ -45.71134728, -12.675590424 ], [ -45.710987956, -12.675590424 ], [ -45.710987956, -12.675949748 ], [ -45.71134728, -12.675949748 ], [ -45.71134728, -12.675590424 ] ] ] ] } },
{ "type": "Feature", "properties": { "id": 201618, "left": -45.71134728, "top": -12.675949748000001, "right": -45.710987955999997, "bottom": -12.676309072, "centroid_x": -45.711168, "centroid_y": -12.676129, "talhao": "PL LOTE 01" }, "geometry": { "type": "MultiPolygon", "coordinates": [ [ [ [ -45.71134728, -12.675949748 ], [ -45.710987956, -12.675949748 ], [ -45.710987956, -12.676309072 ], [ -45.71134728, -12.676309072 ], [ -45.71134728, -12.675949748 ] ] ] ] } },
{ "type": "Feature", "properties": { "id": 201619, "left": -45.71134728, "top": -12.676309072, "right": -45.710987955999997, "bottom": -12.676668395999998, "centroid_x": -45.711168, "centroid_y": -12.676489, "talhao": "PL LOTE 01" }, "geometry": { "type": "MultiPolygon", "coordinates": [ [ [ [ -45.71134728, -12.676309072 ], [ -45.710987956, -12.676309072 ], [ -45.710987956, -12.676668396 ], [ -45.71134728, -12.676668396 ], [ -45.71134728, -12.676309072 ] ] ] ] } },
{ "type": "Feature", "properties": { "id": 201620, "left": -45.71134728, "top": -12.676668396, "right": -45.710987955999997, "bottom": -12.67702772, "centroid_x": -45.711168, "centroid_y": -12.676848, "talhao": "PL LOTE 01" }, "geometry": { "type": "MultiPolygon", "coordinates": [ [ [ [ -45.71134728, -12.676668396 ], [ -45.710987956, -12.676668396 ], [ -45.710987956, -12.67702772 ], [ -45.71134728, -12.67702772 ], [ -45.71134728, -12.676668396 ] ] ] ] } },
{ "type": "Feature", "properties": { "id": 201621, "left": -45.71134728, "top": -12.67702772, "right": -45.710987955999997, "bottom": -12.677387044, "centroid_x": -45.711168, "centroid_y": -12.677207, "talhao": "PL LOTE 01" }, "geometry": { "type": "MultiPolygon", "coordinates": [ [ [ [ -45.71134728, -12.67702772 ], [ -45.710987956, -12.67702772 ], [ -45.710987956, -12.677387044 ], [ -45.71134728, -12.677387044 ], [ -45.71134728, -12.67702772 ] ] ] ] } },
{ "type": "Feature", "properties": { "id": 201622, "left": -45.71134728, "top": -12.677387044, "right": -45.710987955999997, "bottom": -12.677746368, "centroid_x": -45.711168, "centroid_y": -12.677567, "talhao": "PL LOTE 01" }, "geometry": { "type": "MultiPolygon", "coordinates": [ [ [ [ -45.71134728, -12.677387044 ], [ -45.710987956, -12.677387044 ], [ -45.710987956, -12.677746368 ], [ -45.71134728, -12.677746368 ], [ -45.71134728, -12.677387044 ] ] ] ] } },
{ "type": "Feature", "properties": { "id": 201623, "left": -45.71134728, "top": -12.677746368, "right": -45.710987955999997, "bottom": -12.678105692000001, "centroid_x": -45.711168, "centroid_y": -12.677926, "talhao": "PL LOTE 01" }, "geometry": { "type": "MultiPolygon", "coordinates": [ [ [ [ -45.71134728, -12.677746368 ], [ -45.710987956, -12.677746368 ], [ -45.710987956, -12.678105692 ], [ -45.71134728, -12.678105692 ], [ -45.71134728, -12.677746368 ] ] ] ] } },
{ "type": "Feature", "properties": { "id": 201624, "left": -45.71134728, "top": -12.678105692000001, "right": -45.710987955999997, "bottom": -12.678465016000001, "centroid_x": -45.711168, "centroid_y": -12.678285, "talhao": "PL LOTE 01" }, "geometry": { "type": "MultiPolygon", "coordinates": [ [ [ [ -45.71134728, -12.678105692 ], [ -45.710987956, -12.678105692 ], [ -45.710987956, -12.678465016 ], [ -45.71134728, -12.678465016 ], [ -45.71134728, -12.678105692 ] ] ] ] } },
{ "type": "Feature", "properties": { "id": 201625, "left": -45.71134728, "top": -12.678465016000001, "right": -45.710987955999997, "bottom": -12.67882434, "centroid_x": -45.711168, "centroid_y": -12.678645, "talhao": "PL LOTE 01" }, "geometry": { "type": "MultiPolygon", "coordinates": [ [ [ [ -45.71134728, -12.678465016 ], [ -45.710987956, -12.678465016 ], [ -45.710987956, -12.67882434 ], [ -45.71134728, -12.67882434 ], [ -45.71134728, -12.678465016 ] ] ] ] } },
{ "type": "Feature", "properties": { "id": 201626, "left": -45.71134728, "top": -12.67882434, "right": -45.710987955999997, "bottom": -12.679183664, "centroid_x": -45.711168, "centroid_y": -12.679004, "talhao": "PL LOTE 01" }, "geometry": { "type": "MultiPolygon", "coordinates": [ [ [ [ -45.71134728, -12.67882434 ], [ -45.710987956, -12.67882434 ], [ -45.710987956, -12.679183664 ], [ -45.71134728, -12.679183664 ], [ -45.71134728, -12.67882434 ] ] ] ] } },
{ "type": "Feature", "properties": { "id": 201627, "left": -45.71134728, "top": -12.679183664, "right": -45.710987955999997, "bottom": -12.679542988, "centroid_x": -45.711168, "centroid_y": -12.679363, "talhao": "PL LOTE 01" }, "geometry": { "type": "MultiPolygon", "coordinates": [ [ [ [ -45.71134728, -12.679183664 ], [ -45.710987956, -12.679183664 ], [ -45.710987956, -12.679542988 ], [ -45.71134728, -12.679542988 ], [ -45.71134728, -12.679183664 ] ] ] ] } },
{ "type": "Feature", "properties": { "id": 201628, "left": -45.71134728, "top": -12.679542988, "right": -45.710987955999997, "bottom": -12.679902312, "centroid_x": -45.711168, "centroid_y": -12.679723, "talhao": "PL LOTE 01" }, "geometry": { "type": "MultiPolygon", "coordinates": [ [ [ [ -45.71134728, -12.679542988 ], [ -45.710987956, -12.679542988 ], [ -45.710987956, -12.679902312 ], [ -45.71134728, -12.679902312 ], [ -45.71134728, -12.679542988 ] ] ] ] } },
{ "type": "Feature", "properties": { "id": 201629, "left": -45.71134728, "top": -12.679902312, "right": -45.710987955999997, "bottom": -12.680261636, "centroid_x": -45.711168, "centroid_y": -12.680082, "talhao": "PL LOTE 01" }, "geometry": { "type": "MultiPolygon", "coordinates": [ [ [ [ -45.71134728, -12.679902312 ], [ -45.710987956, -12.679902312 ], [ -45.710987956, -12.680261636 ], [ -45.71134728, -12.680261636 ], [ -45.71134728, -12.679902312 ] ] ] ] } },
{ "type": "Feature", "properties": { "id": 201630, "left": -45.71134728, "top": -12.680261636, "right": -45.710987955999997, "bottom": -12.68062096, "centroid_x": -45.711168, "centroid_y": -12.680441, "talhao": "PL LOTE 01" }, "geometry": { "type": "MultiPolygon", "coordinates": [ [ [ [ -45.71134728, -12.680261636 ], [ -45.710987956, -12.680261636 ], [ -45.710987956, -12.68062096 ], [ -45.71134728, -12.68062096 ], [ -45.71134728, -12.680261636 ] ] ] ] } },
{ "type": "Feature", "properties": { "id": 201631, "left": -45.71134728, "top": -12.68062096, "right": -45.710987955999997, "bottom": -12.680980284, "centroid_x": -45.711168, "centroid_y": -12.680801, "talhao": "PL LOTE 01" }, "geometry": { "type": "MultiPolygon", "coordinates": [ [ [ [ -45.71134728, -12.68062096 ], [ -45.710987956, -12.68062096 ], [ -45.710987956, -12.680980284 ], [ -45.71134728, -12.680980284 ], [ -45.71134728, -12.68062096 ] ] ] ] } },
{ "type": "Feature", "properties": { "id": 201632, "left": -45.71134728, "top": -12.680980284, "right": -45.710987955999997, "bottom": -12.681339608, "centroid_x": -45.711168, "centroid_y": -12.68116, "talhao": "PL LOTE 01" }, "geometry": { "type": "MultiPolygon", "coordinates": [ [ [ [ -45.71134728, -12.680980284 ], [ -45.710987956, -12.680980284 ], [ -45.710987956, -12.681339608 ], [ -45.71134728, -12.681339608 ], [ -45.71134728, -12.680980284 ] ] ] ] } },
{ "type": "Feature", "properties": { "id": 201633, "left": -45.71134728, "top": -12.681339608, "right": -45.710987955999997, "bottom": -12.681698932, "centroid_x": -45.711168, "centroid_y": -12.681519, "talhao": "PL LOTE 01" }, "geometry": { "type": "MultiPolygon", "coordinates": [ [ [ [ -45.71134728, -12.681339608 ], [ -45.710987956, -12.681339608 ], [ -45.710987956, -12.681698932 ], [ -45.71134728, -12.681698932 ], [ -45.71134728, -12.681339608 ] ] ] ] } },
{ "type": "Feature", "properties": { "id": 201634, "left": -45.71134728, "top": -12.681698932, "right": -45.710987955999997, "bottom": -12.682058256, "centroid_x": -45.711168, "centroid_y": -12.681879, "talhao": "PL LOTE 01" }, "geometry": { "type": "MultiPolygon", "coordinates": [ [ [ [ -45.71134728, -12.681698932 ], [ -45.710987956, -12.681698932 ], [ -45.710987956, -12.682058256 ], [ -45.71134728, -12.682058256 ], [ -45.71134728, -12.681698932 ] ] ] ] } },
{ "type": "Feature", "properties": { "id": 201635, "left": -45.71134728, "top": -12.682058256, "right": -45.710987955999997, "bottom": -12.68241758, "centroid_x": -45.711168, "centroid_y": -12.682238, "talhao": "PL LOTE 01" }, "geometry": { "type": "MultiPolygon", "coordinates": [ [ [ [ -45.71134728, -12.682058256 ], [ -45.710987956, -12.682058256 ], [ -45.710987956, -12.68241758 ], [ -45.71134728, -12.68241758 ], [ -45.71134728, -12.682058256 ] ] ] ] } },
{ "type": "Feature", "properties": { "id": 201636, "left": -45.71134728, "top": -12.68241758, "right": -45.710987955999997, "bottom": -12.682776904000001, "centroid_x": -45.711168, "centroid_y": -12.682597, "talhao": "PL LOTE 01" }, "geometry": { "type": "MultiPolygon", "coordinates": [ [ [ [ -45.71134728, -12.68241758 ], [ -45.710987956, -12.68241758 ], [ -45.710987956, -12.682776904 ], [ -45.71134728, -12.682776904 ], [ -45.71134728, -12.68241758 ] ] ] ] } },
{ "type": "Feature", "properties": { "id": 201637, "left": -45.71134728, "top": -12.682776904000001, "right": -45.710987955999997, "bottom": -12.683136228, "centroid_x": -45.711168, "centroid_y": -12.682957, "talhao": "PL LOTE 01" }, "geometry": { "type": "MultiPolygon", "coordinates": [ [ [ [ -45.71134728, -12.682776904 ], [ -45.710987956, -12.682776904 ], [ -45.710987956, -12.683136228 ], [ -45.71134728, -12.683136228 ], [ -45.71134728, -12.682776904 ] ] ] ] } },
{ "type": "Feature", "properties": { "id": 201638, "left": -45.71134728, "top": -12.683136228, "right": -45.710987955999997, "bottom": -12.683495551999998, "centroid_x": -45.711168, "centroid_y": -12.683316, "talhao": "PL LOTE 01" }, "geometry": { "type": "MultiPolygon", "coordinates": [ [ [ [ -45.71134728, -12.683136228 ], [ -45.710987956, -12.683136228 ], [ -45.710987956, -12.683495552 ], [ -45.71134728, -12.683495552 ], [ -45.71134728, -12.683136228 ] ] ] ] } },
{ "type": "Feature", "properties": { "id": 201639, "left": -45.71134728, "top": -12.683495552, "right": -45.710987955999997, "bottom": -12.683854876, "centroid_x": -45.711168, "centroid_y": -12.683675, "talhao": "PL LOTE 01" }, "geometry": { "type": "MultiPolygon", "coordinates": [ [ [ [ -45.71134728, -12.683495552 ], [ -45.710987956, -12.683495552 ], [ -45.710987956, -12.683854876 ], [ -45.71134728, -12.683854876 ], [ -45.71134728, -12.683495552 ] ] ] ] } },
{ "type": "Feature", "properties": { "id": 201640, "left": -45.71134728, "top": -12.683854876, "right": -45.710987955999997, "bottom": -12.6842142, "centroid_x": -45.711202, "centroid_y": -12.683936, "talhao": "PL LOTE 01" }, "geometry": { "type": "MultiPolygon", "coordinates": [ [ [ [ -45.711232, -12.684032 ], [ -45.71134728, -12.684082490852711 ], [ -45.71134728, -12.683854876 ], [ -45.710987956, -12.683854876 ], [ -45.710987956, -12.683915283304346 ], [ -45.711232, -12.684032 ] ] ] ] } },
{ "type": "Feature", "properties": { "id": 201651, "left": -45.710987956000004, "top": -12.668763268, "right": -45.710628632000002, "bottom": -12.669122592000001, "centroid_x": -45.710686, "centroid_y": -12.669075, "talhao": "PL LOTE 01" }, "geometry": { "type": "MultiPolygon", "coordinates": [ [ [ [ -45.710628632, -12.668979300942841 ], [ -45.710628632, -12.669122592 ], [ -45.710799410903029, -12.669122592 ], [ -45.710628632, -12.668979300942841 ] ] ] ] } },
{ "type": "Feature", "properties": { "id": 201652, "left": -45.710987956000004, "top": -12.669122592000001, "right": -45.710628632000002, "bottom": -12.669481916000001, "centroid_x": -45.710793, "centroid_y": -12.669319, "talhao": "PL LOTE 01" }, "geometry": { "type": "MultiPolygon", "coordinates": [ [ [ [ -45.710799410903029, -12.669122592 ], [ -45.710628632, -12.669122592 ], [ -45.710628632, -12.669481916 ], [ -45.710987956, -12.669481916 ], [ -45.710987956, -12.669280789680089 ], [ -45.710799410903029, -12.669122592 ] ] ] ] } },
{ "type": "Feature", "properties": { "id": 201653, "left": -45.710987956000004, "top": -12.669481916000001, "right": -45.710628632000002, "bottom": -12.66984124, "centroid_x": -45.710808, "centroid_y": -12.669662, "talhao": "PL LOTE 01" }, "geometry": { "type": "MultiPolygon", "coordinates": [ [ [ [ -45.710987956, -12.669481916 ], [ -45.710628632, -12.669481916 ], [ -45.710628632, -12.66984124 ], [ -45.710987956, -12.66984124 ], [ -45.710987956, -12.669481916 ] ] ] ] } },
{ "type": "Feature", "properties": { "id": 201654, "left": -45.710987956000004, "top": -12.66984124, "right": -45.710628632000002, "bottom": -12.670200564, "centroid_x": -45.710808, "centroid_y": -12.670021, "talhao": "PL LOTE 01" }, "geometry": { "type": "MultiPolygon", "coordinates": [ [ [ [ -45.710987956, -12.66984124 ], [ -45.710628632, -12.66984124 ], [ -45.710628632, -12.670200564 ], [ -45.710987956, -12.670200564 ], [ -45.710987956, -12.66984124 ] ] ] ] } },
{ "type": "Feature", "properties": { "id": 201655, "left": -45.710987956000004, "top": -12.670200564, "right": -45.710628632000002, "bottom": -12.670559888, "centroid_x": -45.710808, "centroid_y": -12.67038, "talhao": "PL LOTE 01" }, "geometry": { "type": "MultiPolygon", "coordinates": [ [ [ [ -45.710987956, -12.670200564 ], [ -45.710628632, -12.670200564 ], [ -45.710628632, -12.670559888 ], [ -45.710987956, -12.670559888 ], [ -45.710987956, -12.670200564 ] ] ] ] } },
{ "type": "Feature", "properties": { "id": 201656, "left": -45.710987956000004, "top": -12.670559888, "right": -45.710628632000002, "bottom": -12.670919212, "centroid_x": -45.710808, "centroid_y": -12.67074, "talhao": "PL LOTE 01" }, "geometry": { "type": "MultiPolygon", "coordinates": [ [ [ [ -45.710987956, -12.670559888 ], [ -45.710628632, -12.670559888 ], [ -45.710628632, -12.670919212 ], [ -45.710987956, -12.670919212 ], [ -45.710987956, -12.670559888 ] ] ] ] } },
{ "type": "Feature", "properties": { "id": 201657, "left": -45.710987956000004, "top": -12.670919212, "right": -45.710628632000002, "bottom": -12.671278536000001, "centroid_x": -45.710808, "centroid_y": -12.671099, "talhao": "PL LOTE 01" }, "geometry": { "type": "MultiPolygon", "coordinates": [ [ [ [ -45.710987956, -12.670919212 ], [ -45.710628632, -12.670919212 ], [ -45.710628632, -12.671278536 ], [ -45.710987956, -12.671278536 ], [ -45.710987956, -12.670919212 ] ] ] ] } },
{ "type": "Feature", "properties": { "id": 201658, "left": -45.710987956000004, "top": -12.671278536000001, "right": -45.710628632000002, "bottom": -12.67163786, "centroid_x": -45.710808, "centroid_y": -12.671458, "talhao": "PL LOTE 01" }, "geometry": { "type": "MultiPolygon", "coordinates": [ [ [ [ -45.710987956, -12.671278536 ], [ -45.710628632, -12.671278536 ], [ -45.710628632, -12.67163786 ], [ -45.710987956, -12.67163786 ], [ -45.710987956, -12.671278536 ] ] ] ] } },
{ "type": "Feature", "properties": { "id": 201659, "left": -45.710987956000004, "top": -12.67163786, "right": -45.710628632000002, "bottom": -12.671997184, "centroid_x": -45.710808, "centroid_y": -12.671818, "talhao": "PL LOTE 01" }, "geometry": { "type": "MultiPolygon", "coordinates": [ [ [ [ -45.710987956, -12.67163786 ], [ -45.710628632, -12.67163786 ], [ -45.710628632, -12.671997184 ], [ -45.710987956, -12.671997184 ], [ -45.710987956, -12.67163786 ] ] ] ] } },
{ "type": "Feature", "properties": { "id": 201660, "left": -45.710987956000004, "top": -12.671997184, "right": -45.710628632000002, "bottom": -12.672356508, "centroid_x": -45.710808, "centroid_y": -12.672177, "talhao": "PL LOTE 01" }, "geometry": { "type": "MultiPolygon", "coordinates": [ [ [ [ -45.710987956, -12.671997184 ], [ -45.710628632, -12.671997184 ], [ -45.710628632, -12.672356508 ], [ -45.710987956, -12.672356508 ], [ -45.710987956, -12.671997184 ] ] ] ] } },
{ "type": "Feature", "properties": { "id": 201661, "left": -45.710987956000004, "top": -12.672356508, "right": -45.710628632000002, "bottom": -12.672715832, "centroid_x": -45.710808, "centroid_y": -12.672536, "talhao": "PL LOTE 01" }, "geometry": { "type": "MultiPolygon", "coordinates": [ [ [ [ -45.710987956, -12.672356508 ], [ -45.710628632, -12.672356508 ], [ -45.710628632, -12.672715832 ], [ -45.710987956, -12.672715832 ], [ -45.710987956, -12.672356508 ] ] ] ] } },
{ "type": "Feature", "properties": { "id": 201662, "left": -45.710987956000004, "top": -12.672715832, "right": -45.710628632000002, "bottom": -12.673075156, "centroid_x": -45.710808, "centroid_y": -12.672895, "talhao": "PL LOTE 01" }, "geometry": { "type": "MultiPolygon", "coordinates": [ [ [ [ -45.710987956, -12.672715832 ], [ -45.710628632, -12.672715832 ], [ -45.710628632, -12.673075156 ], [ -45.710987956, -12.673075156 ], [ -45.710987956, -12.672715832 ] ] ] ] } },
{ "type": "Feature", "properties": { "id": 201663, "left": -45.710987956000004, "top": -12.673075156, "right": -45.710628632000002, "bottom": -12.67343448, "centroid_x": -45.710808, "centroid_y": -12.673255, "talhao": "PL LOTE 01" }, "geometry": { "type": "MultiPolygon", "coordinates": [ [ [ [ -45.710987956, -12.673075156 ], [ -45.710628632, -12.673075156 ], [ -45.710628632, -12.67343448 ], [ -45.710987956, -12.67343448 ], [ -45.710987956, -12.673075156 ] ] ] ] } },
{ "type": "Feature", "properties": { "id": 201664, "left": -45.710987956000004, "top": -12.67343448, "right": -45.710628632000002, "bottom": -12.673793804000001, "centroid_x": -45.710808, "centroid_y": -12.673614, "talhao": "PL LOTE 01" }, "geometry": { "type": "MultiPolygon", "coordinates": [ [ [ [ -45.710987956, -12.67343448 ], [ -45.710628632, -12.67343448 ], [ -45.710628632, -12.673793804 ], [ -45.710987956, -12.673793804 ], [ -45.710987956, -12.67343448 ] ] ] ] } },
{ "type": "Feature", "properties": { "id": 201665, "left": -45.710987956000004, "top": -12.673793804000001, "right": -45.710628632000002, "bottom": -12.674153128, "centroid_x": -45.710808, "centroid_y": -12.673973, "talhao": "PL LOTE 01" }, "geometry": { "type": "MultiPolygon", "coordinates": [ [ [ [ -45.710987956, -12.673793804 ], [ -45.710628632, -12.673793804 ], [ -45.710628632, -12.674153128 ], [ -45.710987956, -12.674153128 ], [ -45.710987956, -12.673793804 ] ] ] ] } },
{ "type": "Feature", "properties": { "id": 201666, "left": -45.710987956000004, "top": -12.674153128, "right": -45.710628632000002, "bottom": -12.674512452, "centroid_x": -45.710808, "centroid_y": -12.674333, "talhao": "PL LOTE 01" }, "geometry": { "type": "MultiPolygon", "coordinates": [ [ [ [ -45.710987956, -12.674153128 ], [ -45.710628632, -12.674153128 ], [ -45.710628632, -12.674512452 ], [ -45.710987956, -12.674512452 ], [ -45.710987956, -12.674153128 ] ] ] ] } },
{ "type": "Feature", "properties": { "id": 201667, "left": -45.710987956000004, "top": -12.674512452, "right": -45.710628632000002, "bottom": -12.674871776, "centroid_x": -45.710808, "centroid_y": -12.674692, "talhao": "PL LOTE 01" }, "geometry": { "type": "MultiPolygon", "coordinates": [ [ [ [ -45.710987956, -12.674512452 ], [ -45.710628632, -12.674512452 ], [ -45.710628632, -12.674871776 ], [ -45.710987956, -12.674871776 ], [ -45.710987956, -12.674512452 ] ] ] ] } },
{ "type": "Feature", "properties": { "id": 201668, "left": -45.710987956000004, "top": -12.674871776, "right": -45.710628632000002, "bottom": -12.6752311, "centroid_x": -45.710808, "centroid_y": -12.675051, "talhao": "PL LOTE 01" }, "geometry": { "type": "MultiPolygon", "coordinates": [ [ [ [ -45.710987956, -12.674871776 ], [ -45.710628632, -12.674871776 ], [ -45.710628632, -12.6752311 ], [ -45.710987956, -12.6752311 ], [ -45.710987956, -12.674871776 ] ] ] ] } },
{ "type": "Feature", "properties": { "id": 201669, "left": -45.710987956000004, "top": -12.6752311, "right": -45.710628632000002, "bottom": -12.675590424, "centroid_x": -45.710808, "centroid_y": -12.675411, "talhao": "PL LOTE 01" }, "geometry": { "type": "MultiPolygon", "coordinates": [ [ [ [ -45.710987956, -12.6752311 ], [ -45.710628632, -12.6752311 ], [ -45.710628632, -12.675590424 ], [ -45.710987956, -12.675590424 ], [ -45.710987956, -12.6752311 ] ] ] ] } },
{ "type": "Feature", "properties": { "id": 201670, "left": -45.710987956000004, "top": -12.675590424, "right": -45.710628632000002, "bottom": -12.675949748000001, "centroid_x": -45.710808, "centroid_y": -12.67577, "talhao": "PL LOTE 01" }, "geometry": { "type": "MultiPolygon", "coordinates": [ [ [ [ -45.710987956, -12.675590424 ], [ -45.710628632, -12.675590424 ], [ -45.710628632, -12.675949748 ], [ -45.710987956, -12.675949748 ], [ -45.710987956, -12.675590424 ] ] ] ] } },
{ "type": "Feature", "properties": { "id": 201671, "left": -45.710987956000004, "top": -12.675949748000001, "right": -45.710628632000002, "bottom": -12.676309072, "centroid_x": -45.710808, "centroid_y": -12.676129, "talhao": "PL LOTE 01" }, "geometry": { "type": "MultiPolygon", "coordinates": [ [ [ [ -45.710987956, -12.675949748 ], [ -45.710628632, -12.675949748 ], [ -45.710628632, -12.676309072 ], [ -45.710987956, -12.676309072 ], [ -45.710987956, -12.675949748 ] ] ] ] } },
{ "type": "Feature", "properties": { "id": 201672, "left": -45.710987956000004, "top": -12.676309072, "right": -45.710628632000002, "bottom": -12.676668395999998, "centroid_x": -45.710808, "centroid_y": -12.676489, "talhao": "PL LOTE 01" }, "geometry": { "type": "MultiPolygon", "coordinates": [ [ [ [ -45.710987956, -12.676309072 ], [ -45.710628632, -12.676309072 ], [ -45.710628632, -12.676668396 ], [ -45.710987956, -12.676668396 ], [ -45.710987956, -12.676309072 ] ] ] ] } },
{ "type": "Feature", "properties": { "id": 201673, "left": -45.710987956000004, "top": -12.676668396, "right": -45.710628632000002, "bottom": -12.67702772, "centroid_x": -45.710808, "centroid_y": -12.676848, "talhao": "PL LOTE 01" }, "geometry": { "type": "MultiPolygon", "coordinates": [ [ [ [ -45.710987956, -12.676668396 ], [ -45.710628632, -12.676668396 ], [ -45.710628632, -12.67702772 ], [ -45.710987956, -12.67702772 ], [ -45.710987956, -12.676668396 ] ] ] ] } },
{ "type": "Feature", "properties": { "id": 201674, "left": -45.710987956000004, "top": -12.67702772, "right": -45.710628632000002, "bottom": -12.677387044, "centroid_x": -45.710808, "centroid_y": -12.677207, "talhao": "PL LOTE 01" }, "geometry": { "type": "MultiPolygon", "coordinates": [ [ [ [ -45.710987956, -12.67702772 ], [ -45.710628632, -12.67702772 ], [ -45.710628632, -12.677387044 ], [ -45.710987956, -12.677387044 ], [ -45.710987956, -12.67702772 ] ] ] ] } },
{ "type": "Feature", "properties": { "id": 201675, "left": -45.710987956000004, "top": -12.677387044, "right": -45.710628632000002, "bottom": -12.677746368, "centroid_x": -45.710808, "centroid_y": -12.677567, "talhao": "PL LOTE 01" }, "geometry": { "type": "MultiPolygon", "coordinates": [ [ [ [ -45.710987956, -12.677387044 ], [ -45.710628632, -12.677387044 ], [ -45.710628632, -12.677746368 ], [ -45.710987956, -12.677746368 ], [ -45.710987956, -12.677387044 ] ] ] ] } },
{ "type": "Feature", "properties": { "id": 201676, "left": -45.710987956000004, "top": -12.677746368, "right": -45.710628632000002, "bottom": -12.678105692000001, "centroid_x": -45.710808, "centroid_y": -12.677926, "talhao": "PL LOTE 01" }, "geometry": { "type": "MultiPolygon", "coordinates": [ [ [ [ -45.710987956, -12.677746368 ], [ -45.710628632, -12.677746368 ], [ -45.710628632, -12.678105692 ], [ -45.710987956, -12.678105692 ], [ -45.710987956, -12.677746368 ] ] ] ] } },
{ "type": "Feature", "properties": { "id": 201677, "left": -45.710987956000004, "top": -12.678105692000001, "right": -45.710628632000002, "bottom": -12.678465016000001, "centroid_x": -45.710808, "centroid_y": -12.678285, "talhao": "PL LOTE 01" }, "geometry": { "type": "MultiPolygon", "coordinates": [ [ [ [ -45.710987956, -12.678105692 ], [ -45.710628632, -12.678105692 ], [ -45.710628632, -12.678465016 ], [ -45.710987956, -12.678465016 ], [ -45.710987956, -12.678105692 ] ] ] ] } },
{ "type": "Feature", "properties": { "id": 201678, "left": -45.710987956000004, "top": -12.678465016000001, "right": -45.710628632000002, "bottom": -12.67882434, "centroid_x": -45.710808, "centroid_y": -12.678645, "talhao": "PL LOTE 01" }, "geometry": { "type": "MultiPolygon", "coordinates": [ [ [ [ -45.710987956, -12.678465016 ], [ -45.710628632, -12.678465016 ], [ -45.710628632, -12.67882434 ], [ -45.710987956, -12.67882434 ], [ -45.710987956, -12.678465016 ] ] ] ] } },
{ "type": "Feature", "properties": { "id": 201679, "left": -45.710987956000004, "top": -12.67882434, "right": -45.710628632000002, "bottom": -12.679183664, "centroid_x": -45.710808, "centroid_y": -12.679004, "talhao": "PL LOTE 01" }, "geometry": { "type": "MultiPolygon", "coordinates": [ [ [ [ -45.710987956, -12.67882434 ], [ -45.710628632, -12.67882434 ], [ -45.710628632, -12.679183664 ], [ -45.710987956, -12.679183664 ], [ -45.710987956, -12.67882434 ] ] ] ] } },
{ "type": "Feature", "properties": { "id": 201680, "left": -45.710987956000004, "top": -12.679183664, "right": -45.710628632000002, "bottom": -12.679542988, "centroid_x": -45.710808, "centroid_y": -12.679363, "talhao": "PL LOTE 01" }, "geometry": { "type": "MultiPolygon", "coordinates": [ [ [ [ -45.710987956, -12.679183664 ], [ -45.710628632, -12.679183664 ], [ -45.710628632, -12.679542988 ], [ -45.710987956, -12.679542988 ], [ -45.710987956, -12.679183664 ] ] ] ] } },
{ "type": "Feature", "properties": { "id": 201681, "left": -45.710987956000004, "top": -12.679542988, "right": -45.710628632000002, "bottom": -12.679902312, "centroid_x": -45.710808, "centroid_y": -12.679723, "talhao": "PL LOTE 01" }, "geometry": { "type": "MultiPolygon", "coordinates": [ [ [ [ -45.710987956, -12.679542988 ], [ -45.710628632, -12.679542988 ], [ -45.710628632, -12.679902312 ], [ -45.710987956, -12.679902312 ], [ -45.710987956, -12.679542988 ] ] ] ] } },
{ "type": "Feature", "properties": { "id": 201682, "left": -45.710987956000004, "top": -12.679902312, "right": -45.710628632000002, "bottom": -12.680261636, "centroid_x": -45.710808, "centroid_y": -12.680082, "talhao": "PL LOTE 01" }, "geometry": { "type": "MultiPolygon", "coordinates": [ [ [ [ -45.710987956, -12.679902312 ], [ -45.710628632, -12.679902312 ], [ -45.710628632, -12.680261636 ], [ -45.710987956, -12.680261636 ], [ -45.710987956, -12.679902312 ] ] ] ] } },
{ "type": "Feature", "properties": { "id": 201683, "left": -45.710987956000004, "top": -12.680261636, "right": -45.710628632000002, "bottom": -12.68062096, "centroid_x": -45.710808, "centroid_y": -12.680441, "talhao": "PL LOTE 01" }, "geometry": { "type": "MultiPolygon", "coordinates": [ [ [ [ -45.710987956, -12.680261636 ], [ -45.710628632, -12.680261636 ], [ -45.710628632, -12.68062096 ], [ -45.710987956, -12.68062096 ], [ -45.710987956, -12.680261636 ] ] ] ] } },
{ "type": "Feature", "properties": { "id": 201684, "left": -45.710987956000004, "top": -12.68062096, "right": -45.710628632000002, "bottom": -12.680980284, "centroid_x": -45.710808, "centroid_y": -12.680801, "talhao": "PL LOTE 01" }, "geometry": { "type": "MultiPolygon", "coordinates": [ [ [ [ -45.710987956, -12.68062096 ], [ -45.710628632, -12.68062096 ], [ -45.710628632, -12.680980284 ], [ -45.710987956, -12.680980284 ], [ -45.710987956, -12.68062096 ] ] ] ] } },
{ "type": "Feature", "properties": { "id": 201685, "left": -45.710987956000004, "top": -12.680980284, "right": -45.710628632000002, "bottom": -12.681339608, "centroid_x": -45.710808, "centroid_y": -12.68116, "talhao": "PL LOTE 01" }, "geometry": { "type": "MultiPolygon", "coordinates": [ [ [ [ -45.710987956, -12.680980284 ], [ -45.710628632, -12.680980284 ], [ -45.710628632, -12.681339608 ], [ -45.710987956, -12.681339608 ], [ -45.710987956, -12.680980284 ] ] ] ] } },
{ "type": "Feature", "properties": { "id": 201686, "left": -45.710987956000004, "top": -12.681339608, "right": -45.710628632000002, "bottom": -12.681698932, "centroid_x": -45.710808, "centroid_y": -12.681519, "talhao": "PL LOTE 01" }, "geometry": { "type": "MultiPolygon", "coordinates": [ [ [ [ -45.710987956, -12.681339608 ], [ -45.710628632, -12.681339608 ], [ -45.710628632, -12.681698932 ], [ -45.710987956, -12.681698932 ], [ -45.710987956, -12.681339608 ] ] ] ] } },
{ "type": "Feature", "properties": { "id": 201687, "left": -45.710987956000004, "top": -12.681698932, "right": -45.710628632000002, "bottom": -12.682058256, "centroid_x": -45.710808, "centroid_y": -12.681879, "talhao": "PL LOTE 01" }, "geometry": { "type": "MultiPolygon", "coordinates": [ [ [ [ -45.710987956, -12.681698932 ], [ -45.710628632, -12.681698932 ], [ -45.710628632, -12.682058256 ], [ -45.710987956, -12.682058256 ], [ -45.710987956, -12.681698932 ] ] ] ] } },
{ "type": "Feature", "properties": { "id": 201688, "left": -45.710987956000004, "top": -12.682058256, "right": -45.710628632000002, "bottom": -12.68241758, "centroid_x": -45.710808, "centroid_y": -12.682238, "talhao": "PL LOTE 01" }, "geometry": { "type": "MultiPolygon", "coordinates": [ [ [ [ -45.710987956, -12.682058256 ], [ -45.710628632, -12.682058256 ], [ -45.710628632, -12.68241758 ], [ -45.710987956, -12.68241758 ], [ -45.710987956, -12.682058256 ] ] ] ] } },
{ "type": "Feature", "properties": { "id": 201689, "left": -45.710987956000004, "top": -12.68241758, "right": -45.710628632000002, "bottom": -12.682776904000001, "centroid_x": -45.710808, "centroid_y": -12.682597, "talhao": "PL LOTE 01" }, "geometry": { "type": "MultiPolygon", "coordinates": [ [ [ [ -45.710987956, -12.68241758 ], [ -45.710628632, -12.68241758 ], [ -45.710628632, -12.682776904 ], [ -45.710987956, -12.682776904 ], [ -45.710987956, -12.68241758 ] ] ] ] } },
{ "type": "Feature", "properties": { "id": 201690, "left": -45.710987956000004, "top": -12.682776904000001, "right": -45.710628632000002, "bottom": -12.683136228, "centroid_x": -45.710808, "centroid_y": -12.682957, "talhao": "PL LOTE 01" }, "geometry": { "type": "MultiPolygon", "coordinates": [ [ [ [ -45.710987956, -12.682776904 ], [ -45.710628632, -12.682776904 ], [ -45.710628632, -12.683136228 ], [ -45.710987956, -12.683136228 ], [ -45.710987956, -12.682776904 ] ] ] ] } },
{ "type": "Feature", "properties": { "id": 201691, "left": -45.710987956000004, "top": -12.683136228, "right": -45.710628632000002, "bottom": -12.683495551999998, "centroid_x": -45.710808, "centroid_y": -12.683316, "talhao": "PL LOTE 01" }, "geometry": { "type": "MultiPolygon", "coordinates": [ [ [ [ -45.710987956, -12.683136228 ], [ -45.710628632, -12.683136228 ], [ -45.710628632, -12.683495552 ], [ -45.710987956, -12.683495552 ], [ -45.710987956, -12.683136228 ] ] ] ] } },
{ "type": "Feature", "properties": { "id": 201692, "left": -45.710987956000004, "top": -12.683495552, "right": -45.710628632000002, "bottom": -12.683854876, "centroid_x": -45.71082, "centroid_y": -12.683659, "talhao": "PL LOTE 01" }, "geometry": { "type": "MultiPolygon", "coordinates": [ [ [ [ -45.710772, -12.683812 ], [ -45.710861649818185, -12.683854876 ], [ -45.710987956, -12.683854876 ], [ -45.710987956, -12.683495552 ], [ -45.710628632, -12.683495552 ], [ -45.710628632, -12.683734713901119 ], [ -45.710772, -12.683812 ] ] ] ] } },
{ "type": "Feature", "properties": { "id": 201693, "left": -45.710987956000004, "top": -12.683854876, "right": -45.710628632000002, "bottom": -12.6842142, "centroid_x": -45.710946, "centroid_y": -12.683875, "talhao": "PL LOTE 01" }, "geometry": { "type": "MultiPolygon", "coordinates": [ [ [ [ -45.710987956, -12.68391528330435 ], [ -45.710987956, -12.683854876 ], [ -45.710861649818185, -12.683854876 ], [ -45.710987956, -12.68391528330435 ] ] ] ] } },
{ "type": "Feature", "properties": { "id": 201703, "left": -45.710628632000002, "top": -12.668403944, "right": -45.710269308000001, "bottom": -12.668763268, "centroid_x": -45.710303, "centroid_y": -12.668735, "talhao": "PL LOTE 01" }, "geometry": { "type": "MultiPolygon", "coordinates": [ [ [ [ -45.710269308, -12.668677812205594 ], [ -45.710269308, -12.668763268 ], [ -45.710371156971703, -12.668763268 ], [ -45.710269308, -12.668677812205594 ] ] ] ] } },
{ "type": "Feature", "properties": { "id": 201704, "left": -45.710628632000002, "top": -12.668763268, "right": -45.710269308000001, "bottom": -12.669122592000001, "centroid_x": -45.710423, "centroid_y": -12.668972, "talhao": "PL LOTE 01" }, "geometry": { "type": "MultiPolygon", "coordinates": [ [ [ [ -45.710371156971703, -12.668763268 ], [ -45.710269308, -12.668763268 ], [ -45.710269308, -12.669122592 ], [ -45.710628632, -12.669122592 ], [ -45.710628632, -12.668979300942841 ], [ -45.710371156971703, -12.668763268 ] ] ] ] } },
{ "type": "Feature", "properties": { "id": 201705, "left": -45.710628632000002, "top": -12.669122592000001, "right": -45.710269308000001, "bottom": -12.669481916000001, "centroid_x": -45.710449, "centroid_y": -12.669302, "talhao": "PL LOTE 01" }, "geometry": { "type": "MultiPolygon", "coordinates": [ [ [ [ -45.710628632, -12.669122592 ], [ -45.710269308, -12.669122592 ], [ -45.710269308, -12.669481916 ], [ -45.710628632, -12.669481916 ], [ -45.710628632, -12.669122592 ] ] ] ] } },
{ "type": "Feature", "properties": { "id": 201706, "left": -45.710628632000002, "top": -12.669481916000001, "right": -45.710269308000001, "bottom": -12.66984124, "centroid_x": -45.710449, "centroid_y": -12.669662, "talhao": "PL LOTE 01" }, "geometry": { "type": "MultiPolygon", "coordinates": [ [ [ [ -45.710628632, -12.669481916 ], [ -45.710269308, -12.669481916 ], [ -45.710269308, -12.66984124 ], [ -45.710628632, -12.66984124 ], [ -45.710628632, -12.669481916 ] ] ] ] } },
{ "type": "Feature", "properties": { "id": 201707, "left": -45.710628632000002, "top": -12.66984124, "right": -45.710269308000001, "bottom": -12.670200564, "centroid_x": -45.710449, "centroid_y": -12.670021, "talhao": "PL LOTE 01" }, "geometry": { "type": "MultiPolygon", "coordinates": [ [ [ [ -45.710628632, -12.66984124 ], [ -45.710269308, -12.66984124 ], [ -45.710269308, -12.670200564 ], [ -45.710628632, -12.670200564 ], [ -45.710628632, -12.66984124 ] ] ] ] } },
{ "type": "Feature", "properties": { "id": 201708, "left": -45.710628632000002, "top": -12.670200564, "right": -45.710269308000001, "bottom": -12.670559888, "centroid_x": -45.710449, "centroid_y": -12.67038, "talhao": "PL LOTE 01" }, "geometry": { "type": "MultiPolygon", "coordinates": [ [ [ [ -45.710628632, -12.670200564 ], [ -45.710269308, -12.670200564 ], [ -45.710269308, -12.670559888 ], [ -45.710628632, -12.670559888 ], [ -45.710628632, -12.670200564 ] ] ] ] } },
{ "type": "Feature", "properties": { "id": 201709, "left": -45.710628632000002, "top": -12.670559888, "right": -45.710269308000001, "bottom": -12.670919212, "centroid_x": -45.710449, "centroid_y": -12.67074, "talhao": "PL LOTE 01" }, "geometry": { "type": "MultiPolygon", "coordinates": [ [ [ [ -45.710628632, -12.670559888 ], [ -45.710269308, -12.670559888 ], [ -45.710269308, -12.670919212 ], [ -45.710628632, -12.670919212 ], [ -45.710628632, -12.670559888 ] ] ] ] } },
{ "type": "Feature", "properties": { "id": 201710, "left": -45.710628632000002, "top": -12.670919212, "right": -45.710269308000001, "bottom": -12.671278536000001, "centroid_x": -45.710449, "centroid_y": -12.671099, "talhao": "PL LOTE 01" }, "geometry": { "type": "MultiPolygon", "coordinates": [ [ [ [ -45.710628632, -12.670919212 ], [ -45.710269308, -12.670919212 ], [ -45.710269308, -12.671278536 ], [ -45.710628632, -12.671278536 ], [ -45.710628632, -12.670919212 ] ] ] ] } },
{ "type": "Feature", "properties": { "id": 201711, "left": -45.710628632000002, "top": -12.671278536000001, "right": -45.710269308000001, "bottom": -12.67163786, "centroid_x": -45.710449, "centroid_y": -12.671458, "talhao": "PL LOTE 01" }, "geometry": { "type": "MultiPolygon", "coordinates": [ [ [ [ -45.710628632, -12.671278536 ], [ -45.710269308, -12.671278536 ], [ -45.710269308, -12.67163786 ], [ -45.710628632, -12.67163786 ], [ -45.710628632, -12.671278536 ] ] ] ] } },
{ "type": "Feature", "properties": { "id": 201712, "left": -45.710628632000002, "top": -12.67163786, "right": -45.710269308000001, "bottom": -12.671997184, "centroid_x": -45.710449, "centroid_y": -12.671818, "talhao": "PL LOTE 01" }, "geometry": { "type": "MultiPolygon", "coordinates": [ [ [ [ -45.710628632, -12.67163786 ], [ -45.710269308, -12.67163786 ], [ -45.710269308, -12.671997184 ], [ -45.710628632, -12.671997184 ], [ -45.710628632, -12.67163786 ] ] ] ] } },
{ "type": "Feature", "properties": { "id": 201713, "left": -45.710628632000002, "top": -12.671997184, "right": -45.710269308000001, "bottom": -12.672356508, "centroid_x": -45.710449, "centroid_y": -12.672177, "talhao": "PL LOTE 01" }, "geometry": { "type": "MultiPolygon", "coordinates": [ [ [ [ -45.710628632, -12.671997184 ], [ -45.710269308, -12.671997184 ], [ -45.710269308, -12.672356508 ], [ -45.710628632, -12.672356508 ], [ -45.710628632, -12.671997184 ] ] ] ] } },
{ "type": "Feature", "properties": { "id": 201714, "left": -45.710628632000002, "top": -12.672356508, "right": -45.710269308000001, "bottom": -12.672715832, "centroid_x": -45.710449, "centroid_y": -12.672536, "talhao": "PL LOTE 01" }, "geometry": { "type": "MultiPolygon", "coordinates": [ [ [ [ -45.710628632, -12.672356508 ], [ -45.710269308, -12.672356508 ], [ -45.710269308, -12.672715832 ], [ -45.710628632, -12.672715832 ], [ -45.710628632, -12.672356508 ] ] ] ] } },
{ "type": "Feature", "properties": { "id": 201715, "left": -45.710628632000002, "top": -12.672715832, "right": -45.710269308000001, "bottom": -12.673075156, "centroid_x": -45.710449, "centroid_y": -12.672895, "talhao": "PL LOTE 01" }, "geometry": { "type": "MultiPolygon", "coordinates": [ [ [ [ -45.710628632, -12.672715832 ], [ -45.710269308, -12.672715832 ], [ -45.710269308, -12.673075156 ], [ -45.710628632, -12.673075156 ], [ -45.710628632, -12.672715832 ] ] ] ] } },
{ "type": "Feature", "properties": { "id": 201716, "left": -45.710628632000002, "top": -12.673075156, "right": -45.710269308000001, "bottom": -12.67343448, "centroid_x": -45.710449, "centroid_y": -12.673255, "talhao": "PL LOTE 01" }, "geometry": { "type": "MultiPolygon", "coordinates": [ [ [ [ -45.710628632, -12.673075156 ], [ -45.710269308, -12.673075156 ], [ -45.710269308, -12.67343448 ], [ -45.710628632, -12.67343448 ], [ -45.710628632, -12.673075156 ] ] ] ] } },
{ "type": "Feature", "properties": { "id": 201717, "left": -45.710628632000002, "top": -12.67343448, "right": -45.710269308000001, "bottom": -12.673793804000001, "centroid_x": -45.710449, "centroid_y": -12.673614, "talhao": "PL LOTE 01" }, "geometry": { "type": "MultiPolygon", "coordinates": [ [ [ [ -45.710628632, -12.67343448 ], [ -45.710269308, -12.67343448 ], [ -45.710269308, -12.673793804 ], [ -45.710628632, -12.673793804 ], [ -45.710628632, -12.67343448 ] ] ] ] } },
{ "type": "Feature", "properties": { "id": 201718, "left": -45.710628632000002, "top": -12.673793804000001, "right": -45.710269308000001, "bottom": -12.674153128, "centroid_x": -45.710449, "centroid_y": -12.673973, "talhao": "PL LOTE 01" }, "geometry": { "type": "MultiPolygon", "coordinates": [ [ [ [ -45.710628632, -12.673793804 ], [ -45.710269308, -12.673793804 ], [ -45.710269308, -12.674153128 ], [ -45.710628632, -12.674153128 ], [ -45.710628632, -12.673793804 ] ] ] ] } },
{ "type": "Feature", "properties": { "id": 201719, "left": -45.710628632000002, "top": -12.674153128, "right": -45.710269308000001, "bottom": -12.674512452, "centroid_x": -45.710449, "centroid_y": -12.674333, "talhao": "PL LOTE 01" }, "geometry": { "type": "MultiPolygon", "coordinates": [ [ [ [ -45.710628632, -12.674153128 ], [ -45.710269308, -12.674153128 ], [ -45.710269308, -12.674512452 ], [ -45.710628632, -12.674512452 ], [ -45.710628632, -12.674153128 ] ] ] ] } },
{ "type": "Feature", "properties": { "id": 201720, "left": -45.710628632000002, "top": -12.674512452, "right": -45.710269308000001, "bottom": -12.674871776, "centroid_x": -45.710449, "centroid_y": -12.674692, "talhao": "PL LOTE 01" }, "geometry": { "type": "MultiPolygon", "coordinates": [ [ [ [ -45.710628632, -12.674512452 ], [ -45.710269308, -12.674512452 ], [ -45.710269308, -12.674871776 ], [ -45.710628632, -12.674871776 ], [ -45.710628632, -12.674512452 ] ] ] ] } },
{ "type": "Feature", "properties": { "id": 201721, "left": -45.710628632000002, "top": -12.674871776, "right": -45.710269308000001, "bottom": -12.6752311, "centroid_x": -45.710449, "centroid_y": -12.675051, "talhao": "PL LOTE 01" }, "geometry": { "type": "MultiPolygon", "coordinates": [ [ [ [ -45.710628632, -12.674871776 ], [ -45.710269308, -12.674871776 ], [ -45.710269308, -12.6752311 ], [ -45.710628632, -12.6752311 ], [ -45.710628632, -12.674871776 ] ] ] ] } },
{ "type": "Feature", "properties": { "id": 201722, "left": -45.710628632000002, "top": -12.6752311, "right": -45.710269308000001, "bottom": -12.675590424, "centroid_x": -45.710449, "centroid_y": -12.675411, "talhao": "PL LOTE 01" }, "geometry": { "type": "MultiPolygon", "coordinates": [ [ [ [ -45.710628632, -12.6752311 ], [ -45.710269308, -12.6752311 ], [ -45.710269308, -12.675590424 ], [ -45.710628632, -12.675590424 ], [ -45.710628632, -12.6752311 ] ] ] ] } },
{ "type": "Feature", "properties": { "id": 201723, "left": -45.710628632000002, "top": -12.675590424, "right": -45.710269308000001, "bottom": -12.675949748000001, "centroid_x": -45.710449, "centroid_y": -12.67577, "talhao": "PL LOTE 01" }, "geometry": { "type": "MultiPolygon", "coordinates": [ [ [ [ -45.710628632, -12.675590424 ], [ -45.710269308, -12.675590424 ], [ -45.710269308, -12.675949748 ], [ -45.710628632, -12.675949748 ], [ -45.710628632, -12.675590424 ] ] ] ] } },
{ "type": "Feature", "properties": { "id": 201724, "left": -45.710628632000002, "top": -12.675949748000001, "right": -45.710269308000001, "bottom": -12.676309072, "centroid_x": -45.710449, "centroid_y": -12.676129, "talhao": "PL LOTE 01" }, "geometry": { "type": "MultiPolygon", "coordinates": [ [ [ [ -45.710628632, -12.675949748 ], [ -45.710269308, -12.675949748 ], [ -45.710269308, -12.676309072 ], [ -45.710628632, -12.676309072 ], [ -45.710628632, -12.675949748 ] ] ] ] } },
{ "type": "Feature", "properties": { "id": 201725, "left": -45.710628632000002, "top": -12.676309072, "right": -45.710269308000001, "bottom": -12.676668395999998, "centroid_x": -45.710449, "centroid_y": -12.676489, "talhao": "PL LOTE 01" }, "geometry": { "type": "MultiPolygon", "coordinates": [ [ [ [ -45.710628632, -12.676309072 ], [ -45.710269308, -12.676309072 ], [ -45.710269308, -12.676668396 ], [ -45.710628632, -12.676668396 ], [ -45.710628632, -12.676309072 ] ] ] ] } },
{ "type": "Feature", "properties": { "id": 201726, "left": -45.710628632000002, "top": -12.676668396, "right": -45.710269308000001, "bottom": -12.67702772, "centroid_x": -45.710449, "centroid_y": -12.676848, "talhao": "PL LOTE 01" }, "geometry": { "type": "MultiPolygon", "coordinates": [ [ [ [ -45.710628632, -12.676668396 ], [ -45.710269308, -12.676668396 ], [ -45.710269308, -12.67702772 ], [ -45.710628632, -12.67702772 ], [ -45.710628632, -12.676668396 ] ] ] ] } },
{ "type": "Feature", "properties": { "id": 201727, "left": -45.710628632000002, "top": -12.67702772, "right": -45.710269308000001, "bottom": -12.677387044, "centroid_x": -45.710449, "centroid_y": -12.677207, "talhao": "PL LOTE 01" }, "geometry": { "type": "MultiPolygon", "coordinates": [ [ [ [ -45.710628632, -12.67702772 ], [ -45.710269308, -12.67702772 ], [ -45.710269308, -12.677387044 ], [ -45.710628632, -12.677387044 ], [ -45.710628632, -12.67702772 ] ] ] ] } },
{ "type": "Feature", "properties": { "id": 201728, "left": -45.710628632000002, "top": -12.677387044, "right": -45.710269308000001, "bottom": -12.677746368, "centroid_x": -45.710449, "centroid_y": -12.677567, "talhao": "PL LOTE 01" }, "geometry": { "type": "MultiPolygon", "coordinates": [ [ [ [ -45.710628632, -12.677387044 ], [ -45.710269308, -12.677387044 ], [ -45.710269308, -12.677746368 ], [ -45.710628632, -12.677746368 ], [ -45.710628632, -12.677387044 ] ] ] ] } },
{ "type": "Feature", "properties": { "id": 201729, "left": -45.710628632000002, "top": -12.677746368, "right": -45.710269308000001, "bottom": -12.678105692000001, "centroid_x": -45.710449, "centroid_y": -12.677926, "talhao": "PL LOTE 01" }, "geometry": { "type": "MultiPolygon", "coordinates": [ [ [ [ -45.710628632, -12.677746368 ], [ -45.710269308, -12.677746368 ], [ -45.710269308, -12.678105692 ], [ -45.710628632, -12.678105692 ], [ -45.710628632, -12.677746368 ] ] ] ] } },
{ "type": "Feature", "properties": { "id": 201730, "left": -45.710628632000002, "top": -12.678105692000001, "right": -45.710269308000001, "bottom": -12.678465016000001, "centroid_x": -45.710449, "centroid_y": -12.678285, "talhao": "PL LOTE 01" }, "geometry": { "type": "MultiPolygon", "coordinates": [ [ [ [ -45.710628632, -12.678105692 ], [ -45.710269308, -12.678105692 ], [ -45.710269308, -12.678465016 ], [ -45.710628632, -12.678465016 ], [ -45.710628632, -12.678105692 ] ] ] ] } },
{ "type": "Feature", "properties": { "id": 201731, "left": -45.710628632000002, "top": -12.678465016000001, "right": -45.710269308000001, "bottom": -12.67882434, "centroid_x": -45.710449, "centroid_y": -12.678645, "talhao": "PL LOTE 01" }, "geometry": { "type": "MultiPolygon", "coordinates": [ [ [ [ -45.710628632, -12.678465016 ], [ -45.710269308, -12.678465016 ], [ -45.710269308, -12.67882434 ], [ -45.710628632, -12.67882434 ], [ -45.710628632, -12.678465016 ] ] ] ] } },
{ "type": "Feature", "properties": { "id": 201732, "left": -45.710628632000002, "top": -12.67882434, "right": -45.710269308000001, "bottom": -12.679183664, "centroid_x": -45.710449, "centroid_y": -12.679004, "talhao": "PL LOTE 01" }, "geometry": { "type": "MultiPolygon", "coordinates": [ [ [ [ -45.710628632, -12.67882434 ], [ -45.710269308, -12.67882434 ], [ -45.710269308, -12.679183664 ], [ -45.710628632, -12.679183664 ], [ -45.710628632, -12.67882434 ] ] ] ] } },
{ "type": "Feature", "properties": { "id": 201733, "left": -45.710628632000002, "top": -12.679183664, "right": -45.710269308000001, "bottom": -12.679542988, "centroid_x": -45.710449, "centroid_y": -12.679363, "talhao": "PL LOTE 01" }, "geometry": { "type": "MultiPolygon", "coordinates": [ [ [ [ -45.710628632, -12.679183664 ], [ -45.710269308, -12.679183664 ], [ -45.710269308, -12.679542988 ], [ -45.710628632, -12.679542988 ], [ -45.710628632, -12.679183664 ] ] ] ] } },
{ "type": "Feature", "properties": { "id": 201734, "left": -45.710628632000002, "top": -12.679542988, "right": -45.710269308000001, "bottom": -12.679902312, "centroid_x": -45.710449, "centroid_y": -12.679723, "talhao": "PL LOTE 01" }, "geometry": { "type": "MultiPolygon", "coordinates": [ [ [ [ -45.710628632, -12.679542988 ], [ -45.710269308, -12.679542988 ], [ -45.710269308, -12.679902312 ], [ -45.710628632, -12.679902312 ], [ -45.710628632, -12.679542988 ] ] ] ] } },
{ "type": "Feature", "properties": { "id": 201735, "left": -45.710628632000002, "top": -12.679902312, "right": -45.710269308000001, "bottom": -12.680261636, "centroid_x": -45.710449, "centroid_y": -12.680082, "talhao": "PL LOTE 01" }, "geometry": { "type": "MultiPolygon", "coordinates": [ [ [ [ -45.710628632, -12.679902312 ], [ -45.710269308, -12.679902312 ], [ -45.710269308, -12.680261636 ], [ -45.710628632, -12.680261636 ], [ -45.710628632, -12.679902312 ] ] ] ] } },
{ "type": "Feature", "properties": { "id": 201736, "left": -45.710628632000002, "top": -12.680261636, "right": -45.710269308000001, "bottom": -12.68062096, "centroid_x": -45.710449, "centroid_y": -12.680441, "talhao": "PL LOTE 01" }, "geometry": { "type": "MultiPolygon", "coordinates": [ [ [ [ -45.710628632, -12.680261636 ], [ -45.710269308, -12.680261636 ], [ -45.710269308, -12.68062096 ], [ -45.710628632, -12.68062096 ], [ -45.710628632, -12.680261636 ] ] ] ] } },
{ "type": "Feature", "properties": { "id": 201737, "left": -45.710628632000002, "top": -12.68062096, "right": -45.710269308000001, "bottom": -12.680980284, "centroid_x": -45.710449, "centroid_y": -12.680801, "talhao": "PL LOTE 01" }, "geometry": { "type": "MultiPolygon", "coordinates": [ [ [ [ -45.710628632, -12.68062096 ], [ -45.710269308, -12.68062096 ], [ -45.710269308, -12.680980284 ], [ -45.710628632, -12.680980284 ], [ -45.710628632, -12.68062096 ] ] ] ] } },
{ "type": "Feature", "properties": { "id": 201738, "left": -45.710628632000002, "top": -12.680980284, "right": -45.710269308000001, "bottom": -12.681339608, "centroid_x": -45.710449, "centroid_y": -12.68116, "talhao": "PL LOTE 01" }, "geometry": { "type": "MultiPolygon", "coordinates": [ [ [ [ -45.710628632, -12.680980284 ], [ -45.710269308, -12.680980284 ], [ -45.710269308, -12.681339608 ], [ -45.710628632, -12.681339608 ], [ -45.710628632, -12.680980284 ] ] ] ] } },
{ "type": "Feature", "properties": { "id": 201739, "left": -45.710628632000002, "top": -12.681339608, "right": -45.710269308000001, "bottom": -12.681698932, "centroid_x": -45.710449, "centroid_y": -12.681519, "talhao": "PL LOTE 01" }, "geometry": { "type": "MultiPolygon", "coordinates": [ [ [ [ -45.710628632, -12.681339608 ], [ -45.710269308, -12.681339608 ], [ -45.710269308, -12.681698932 ], [ -45.710628632, -12.681698932 ], [ -45.710628632, -12.681339608 ] ] ] ] } },
{ "type": "Feature", "properties": { "id": 201740, "left": -45.710628632000002, "top": -12.681698932, "right": -45.710269308000001, "bottom": -12.682058256, "centroid_x": -45.710449, "centroid_y": -12.681879, "talhao": "PL LOTE 01" }, "geometry": { "type": "MultiPolygon", "coordinates": [ [ [ [ -45.710628632, -12.681698932 ], [ -45.710269308, -12.681698932 ], [ -45.710269308, -12.682058256 ], [ -45.710628632, -12.682058256 ], [ -45.710628632, -12.681698932 ] ] ] ] } },
{ "type": "Feature", "properties": { "id": 201741, "left": -45.710628632000002, "top": -12.682058256, "right": -45.710269308000001, "bottom": -12.68241758, "centroid_x": -45.710449, "centroid_y": -12.682238, "talhao": "PL LOTE 01" }, "geometry": { "type": "MultiPolygon", "coordinates": [ [ [ [ -45.710628632, -12.682058256 ], [ -45.710269308, -12.682058256 ], [ -45.710269308, -12.68241758 ], [ -45.710628632, -12.68241758 ], [ -45.710628632, -12.682058256 ] ] ] ] } },
{ "type": "Feature", "properties": { "id": 201742, "left": -45.710628632000002, "top": -12.68241758, "right": -45.710269308000001, "bottom": -12.682776904000001, "centroid_x": -45.710449, "centroid_y": -12.682597, "talhao": "PL LOTE 01" }, "geometry": { "type": "MultiPolygon", "coordinates": [ [ [ [ -45.710628632, -12.68241758 ], [ -45.710269308, -12.68241758 ], [ -45.710269308, -12.682776904 ], [ -45.710628632, -12.682776904 ], [ -45.710628632, -12.68241758 ] ] ] ] } },
{ "type": "Feature", "properties": { "id": 201743, "left": -45.710628632000002, "top": -12.682776904000001, "right": -45.710269308000001, "bottom": -12.683136228, "centroid_x": -45.710449, "centroid_y": -12.682957, "talhao": "PL LOTE 01" }, "geometry": { "type": "MultiPolygon", "coordinates": [ [ [ [ -45.710628632, -12.682776904 ], [ -45.710269308, -12.682776904 ], [ -45.710269308, -12.683136228 ], [ -45.710628632, -12.683136228 ], [ -45.710628632, -12.682776904 ] ] ] ] } },
{ "type": "Feature", "properties": { "id": 201744, "left": -45.710628632000002, "top": -12.683136228, "right": -45.710269308000001, "bottom": -12.683495551999998, "centroid_x": -45.710449, "centroid_y": -12.683316, "talhao": "PL LOTE 01" }, "geometry": { "type": "MultiPolygon", "coordinates": [ [ [ [ -45.710628632, -12.683136228 ], [ -45.710269308, -12.683136228 ], [ -45.710269308, -12.683495552 ], [ -45.710628632, -12.683495552 ], [ -45.710628632, -12.683136228 ] ] ] ] } },
{ "type": "Feature", "properties": { "id": 201745, "left": -45.710628632000002, "top": -12.683495552, "right": -45.710269308000001, "bottom": -12.683854876, "centroid_x": -45.71049, "centroid_y": -12.683578, "talhao": "PL LOTE 01" }, "geometry": { "type": "MultiPolygon", "coordinates": [ [ [ [ -45.710628632, -12.683734713901119 ], [ -45.710628632, -12.683495552 ], [ -45.710269308, -12.683495552 ], [ -45.710269308, -12.683541011330146 ], [ -45.710628632, -12.683734713901119 ] ] ] ] } },
{ "type": "Feature", "properties": { "id": 201755, "left": -45.710269308000001, "top": -12.66804462, "right": -45.709909984, "bottom": -12.668403944, "centroid_x": -45.709921, "centroid_y": -12.668395, "talhao": "PL LOTE 01" }, "geometry": { "type": "MultiPolygon", "coordinates": [ [ [ [ -45.709909984, -12.668376323468346 ], [ -45.709909984, -12.668403944 ], [ -45.709942903040378, -12.668403944 ], [ -45.709909984, -12.668376323468346 ] ] ] ] } },
{ "type": "Feature", "properties": { "id": 201756, "left": -45.710269308000001, "top": -12.668403944, "right": -45.709909984, "bottom": -12.668763268, "centroid_x": -45.710052, "centroid_y": -12.66863, "talhao": "PL LOTE 01" }, "geometry": { "type": "MultiPolygon", "coordinates": [ [ [ [ -45.709942903040378, -12.668403944 ], [ -45.709909984, -12.668403944 ], [ -45.709909984, -12.668763268 ], [ -45.710269308, -12.668763268 ], [ -45.710269308, -12.668677812205594 ], [ -45.709942903040378, -12.668403944 ] ] ] ] } },
{ "type": "Feature", "properties": { "id": 201757, "left": -45.710269308000001, "top": -12.668763268, "right": -45.709909984, "bottom": -12.669122592000001, "centroid_x": -45.71009, "centroid_y": -12.668943, "talhao": "PL LOTE 01" }, "geometry": { "type": "MultiPolygon", "coordinates": [ [ [ [ -45.710269308, -12.668763268 ], [ -45.709909984, -12.668763268 ], [ -45.709909984, -12.669122592 ], [ -45.710269308, -12.669122592 ], [ -45.710269308, -12.668763268 ] ] ] ] } },
{ "type": "Feature", "properties": { "id": 201758, "left": -45.710269308000001, "top": -12.669122592000001, "right": -45.709909984, "bottom": -12.669481916000001, "centroid_x": -45.71009, "centroid_y": -12.669302, "talhao": "PL LOTE 01" }, "geometry": { "type": "MultiPolygon", "coordinates": [ [ [ [ -45.710269308, -12.669122592 ], [ -45.709909984, -12.669122592 ], [ -45.709909984, -12.669481916 ], [ -45.710269308, -12.669481916 ], [ -45.710269308, -12.669122592 ] ] ] ] } },
{ "type": "Feature", "properties": { "id": 201759, "left": -45.710269308000001, "top": -12.669481916000001, "right": -45.709909984, "bottom": -12.66984124, "centroid_x": -45.71009, "centroid_y": -12.669662, "talhao": "PL LOTE 01" }, "geometry": { "type": "MultiPolygon", "coordinates": [ [ [ [ -45.710269308, -12.669481916 ], [ -45.709909984, -12.669481916 ], [ -45.709909984, -12.66984124 ], [ -45.710269308, -12.66984124 ], [ -45.710269308, -12.669481916 ] ] ] ] } },
{ "type": "Feature", "properties": { "id": 201760, "left": -45.710269308000001, "top": -12.66984124, "right": -45.709909984, "bottom": -12.670200564, "centroid_x": -45.71009, "centroid_y": -12.670021, "talhao": "PL LOTE 01" }, "geometry": { "type": "MultiPolygon", "coordinates": [ [ [ [ -45.710269308, -12.66984124 ], [ -45.709909984, -12.66984124 ], [ -45.709909984, -12.670200564 ], [ -45.710269308, -12.670200564 ], [ -45.710269308, -12.66984124 ] ] ] ] } },
{ "type": "Feature", "properties": { "id": 201761, "left": -45.710269308000001, "top": -12.670200564, "right": -45.709909984, "bottom": -12.670559888, "centroid_x": -45.71009, "centroid_y": -12.67038, "talhao": "PL LOTE 01" }, "geometry": { "type": "MultiPolygon", "coordinates": [ [ [ [ -45.710269308, -12.670200564 ], [ -45.709909984, -12.670200564 ], [ -45.709909984, -12.670559888 ], [ -45.710269308, -12.670559888 ], [ -45.710269308, -12.670200564 ] ] ] ] } },
{ "type": "Feature", "properties": { "id": 201762, "left": -45.710269308000001, "top": -12.670559888, "right": -45.709909984, "bottom": -12.670919212, "centroid_x": -45.71009, "centroid_y": -12.67074, "talhao": "PL LOTE 01" }, "geometry": { "type": "MultiPolygon", "coordinates": [ [ [ [ -45.710269308, -12.670559888 ], [ -45.709909984, -12.670559888 ], [ -45.709909984, -12.670919212 ], [ -45.710269308, -12.670919212 ], [ -45.710269308, -12.670559888 ] ] ] ] } },
{ "type": "Feature", "properties": { "id": 201763, "left": -45.710269308000001, "top": -12.670919212, "right": -45.709909984, "bottom": -12.671278536000001, "centroid_x": -45.71009, "centroid_y": -12.671099, "talhao": "PL LOTE 01" }, "geometry": { "type": "MultiPolygon", "coordinates": [ [ [ [ -45.710269308, -12.670919212 ], [ -45.709909984, -12.670919212 ], [ -45.709909984, -12.671278536 ], [ -45.710269308, -12.671278536 ], [ -45.710269308, -12.670919212 ] ] ] ] } },
{ "type": "Feature", "properties": { "id": 201764, "left": -45.710269308000001, "top": -12.671278536000001, "right": -45.709909984, "bottom": -12.67163786, "centroid_x": -45.71009, "centroid_y": -12.671458, "talhao": "PL LOTE 01" }, "geometry": { "type": "MultiPolygon", "coordinates": [ [ [ [ -45.710269308, -12.671278536 ], [ -45.709909984, -12.671278536 ], [ -45.709909984, -12.67163786 ], [ -45.710269308, -12.67163786 ], [ -45.710269308, -12.671278536 ] ] ] ] } },
{ "type": "Feature", "properties": { "id": 201765, "left": -45.710269308000001, "top": -12.67163786, "right": -45.709909984, "bottom": -12.671997184, "centroid_x": -45.71009, "centroid_y": -12.671818, "talhao": "PL LOTE 01" }, "geometry": { "type": "MultiPolygon", "coordinates": [ [ [ [ -45.710269308, -12.67163786 ], [ -45.709909984, -12.67163786 ], [ -45.709909984, -12.671997184 ], [ -45.710269308, -12.671997184 ], [ -45.710269308, -12.67163786 ] ] ] ] } },
{ "type": "Feature", "properties": { "id": 201766, "left": -45.710269308000001, "top": -12.671997184, "right": -45.709909984, "bottom": -12.672356508, "centroid_x": -45.71009, "centroid_y": -12.672177, "talhao": "PL LOTE 01" }, "geometry": { "type": "MultiPolygon", "coordinates": [ [ [ [ -45.710269308, -12.671997184 ], [ -45.709909984, -12.671997184 ], [ -45.709909984, -12.672356508 ], [ -45.710269308, -12.672356508 ], [ -45.710269308, -12.671997184 ] ] ] ] } },
{ "type": "Feature", "properties": { "id": 201767, "left": -45.710269308000001, "top": -12.672356508, "right": -45.709909984, "bottom": -12.672715832, "centroid_x": -45.71009, "centroid_y": -12.672536, "talhao": "PL LOTE 01" }, "geometry": { "type": "MultiPolygon", "coordinates": [ [ [ [ -45.710269308, -12.672356508 ], [ -45.709909984, -12.672356508 ], [ -45.709909984, -12.672715832 ], [ -45.710269308, -12.672715832 ], [ -45.710269308, -12.672356508 ] ] ] ] } },
{ "type": "Feature", "properties": { "id": 201768, "left": -45.710269308000001, "top": -12.672715832, "right": -45.709909984, "bottom": -12.673075156, "centroid_x": -45.71009, "centroid_y": -12.672895, "talhao": "PL LOTE 01" }, "geometry": { "type": "MultiPolygon", "coordinates": [ [ [ [ -45.710269308, -12.672715832 ], [ -45.709909984, -12.672715832 ], [ -45.709909984, -12.673075156 ], [ -45.710269308, -12.673075156 ], [ -45.710269308, -12.672715832 ] ] ] ] } },
{ "type": "Feature", "properties": { "id": 201769, "left": -45.710269308000001, "top": -12.673075156, "right": -45.709909984, "bottom": -12.67343448, "centroid_x": -45.71009, "centroid_y": -12.673255, "talhao": "PL LOTE 01" }, "geometry": { "type": "MultiPolygon", "coordinates": [ [ [ [ -45.710269308, -12.673075156 ], [ -45.709909984, -12.673075156 ], [ -45.709909984, -12.67343448 ], [ -45.710269308, -12.67343448 ], [ -45.710269308, -12.673075156 ] ] ] ] } },
{ "type": "Feature", "properties": { "id": 201770, "left": -45.710269308000001, "top": -12.67343448, "right": -45.709909984, "bottom": -12.673793804000001, "centroid_x": -45.71009, "centroid_y": -12.673614, "talhao": "PL LOTE 01" }, "geometry": { "type": "MultiPolygon", "coordinates": [ [ [ [ -45.710269308, -12.67343448 ], [ -45.709909984, -12.67343448 ], [ -45.709909984, -12.673793804 ], [ -45.710269308, -12.673793804 ], [ -45.710269308, -12.67343448 ] ] ] ] } },
{ "type": "Feature", "properties": { "id": 201771, "left": -45.710269308000001, "top": -12.673793804000001, "right": -45.709909984, "bottom": -12.674153128, "centroid_x": -45.71009, "centroid_y": -12.673973, "talhao": "PL LOTE 01" }, "geometry": { "type": "MultiPolygon", "coordinates": [ [ [ [ -45.710269308, -12.673793804 ], [ -45.709909984, -12.673793804 ], [ -45.709909984, -12.674153128 ], [ -45.710269308, -12.674153128 ], [ -45.710269308, -12.673793804 ] ] ] ] } },
{ "type": "Feature", "properties": { "id": 201772, "left": -45.710269308000001, "top": -12.674153128, "right": -45.709909984, "bottom": -12.674512452, "centroid_x": -45.71009, "centroid_y": -12.674333, "talhao": "PL LOTE 01" }, "geometry": { "type": "MultiPolygon", "coordinates": [ [ [ [ -45.710269308, -12.674153128 ], [ -45.709909984, -12.674153128 ], [ -45.709909984, -12.674512452 ], [ -45.710269308, -12.674512452 ], [ -45.710269308, -12.674153128 ] ] ] ] } },
{ "type": "Feature", "properties": { "id": 201773, "left": -45.710269308000001, "top": -12.674512452, "right": -45.709909984, "bottom": -12.674871776, "centroid_x": -45.71009, "centroid_y": -12.674692, "talhao": "PL LOTE 01" }, "geometry": { "type": "MultiPolygon", "coordinates": [ [ [ [ -45.710269308, -12.674512452 ], [ -45.709909984, -12.674512452 ], [ -45.709909984, -12.674871776 ], [ -45.710269308, -12.674871776 ], [ -45.710269308, -12.674512452 ] ] ] ] } },
{ "type": "Feature", "properties": { "id": 201774, "left": -45.710269308000001, "top": -12.674871776, "right": -45.709909984, "bottom": -12.6752311, "centroid_x": -45.71009, "centroid_y": -12.675051, "talhao": "PL LOTE 01" }, "geometry": { "type": "MultiPolygon", "coordinates": [ [ [ [ -45.710269308, -12.674871776 ], [ -45.709909984, -12.674871776 ], [ -45.709909984, -12.6752311 ], [ -45.710269308, -12.6752311 ], [ -45.710269308, -12.674871776 ] ] ] ] } },
{ "type": "Feature", "properties": { "id": 201775, "left": -45.710269308000001, "top": -12.6752311, "right": -45.709909984, "bottom": -12.675590424, "centroid_x": -45.71009, "centroid_y": -12.675411, "talhao": "PL LOTE 01" }, "geometry": { "type": "MultiPolygon", "coordinates": [ [ [ [ -45.710269308, -12.6752311 ], [ -45.709909984, -12.6752311 ], [ -45.709909984, -12.675590424 ], [ -45.710269308, -12.675590424 ], [ -45.710269308, -12.6752311 ] ] ] ] } },
{ "type": "Feature", "properties": { "id": 201776, "left": -45.710269308000001, "top": -12.675590424, "right": -45.709909984, "bottom": -12.675949748000001, "centroid_x": -45.71009, "centroid_y": -12.67577, "talhao": "PL LOTE 01" }, "geometry": { "type": "MultiPolygon", "coordinates": [ [ [ [ -45.710269308, -12.675590424 ], [ -45.709909984, -12.675590424 ], [ -45.709909984, -12.675949748 ], [ -45.710269308, -12.675949748 ], [ -45.710269308, -12.675590424 ] ] ] ] } },
{ "type": "Feature", "properties": { "id": 201777, "left": -45.710269308000001, "top": -12.675949748000001, "right": -45.709909984, "bottom": -12.676309072, "centroid_x": -45.71009, "centroid_y": -12.676129, "talhao": "PL LOTE 01" }, "geometry": { "type": "MultiPolygon", "coordinates": [ [ [ [ -45.710269308, -12.675949748 ], [ -45.709909984, -12.675949748 ], [ -45.709909984, -12.676309072 ], [ -45.710269308, -12.676309072 ], [ -45.710269308, -12.675949748 ] ] ] ] } },
{ "type": "Feature", "properties": { "id": 201778, "left": -45.710269308000001, "top": -12.676309072, "right": -45.709909984, "bottom": -12.676668395999998, "centroid_x": -45.71009, "centroid_y": -12.676489, "talhao": "PL LOTE 01" }, "geometry": { "type": "MultiPolygon", "coordinates": [ [ [ [ -45.710269308, -12.676309072 ], [ -45.709909984, -12.676309072 ], [ -45.709909984, -12.676668396 ], [ -45.710269308, -12.676668396 ], [ -45.710269308, -12.676309072 ] ] ] ] } },
{ "type": "Feature", "properties": { "id": 201779, "left": -45.710269308000001, "top": -12.676668396, "right": -45.709909984, "bottom": -12.67702772, "centroid_x": -45.71009, "centroid_y": -12.676848, "talhao": "PL LOTE 01" }, "geometry": { "type": "MultiPolygon", "coordinates": [ [ [ [ -45.710269308, -12.676668396 ], [ -45.709909984, -12.676668396 ], [ -45.709909984, -12.67702772 ], [ -45.710269308, -12.67702772 ], [ -45.710269308, -12.676668396 ] ] ] ] } },
{ "type": "Feature", "properties": { "id": 201780, "left": -45.710269308000001, "top": -12.67702772, "right": -45.709909984, "bottom": -12.677387044, "centroid_x": -45.71009, "centroid_y": -12.677207, "talhao": "PL LOTE 01" }, "geometry": { "type": "MultiPolygon", "coordinates": [ [ [ [ -45.710269308, -12.67702772 ], [ -45.709909984, -12.67702772 ], [ -45.709909984, -12.677387044 ], [ -45.710269308, -12.677387044 ], [ -45.710269308, -12.67702772 ] ] ] ] } },
{ "type": "Feature", "properties": { "id": 201781, "left": -45.710269308000001, "top": -12.677387044, "right": -45.709909984, "bottom": -12.677746368, "centroid_x": -45.71009, "centroid_y": -12.677567, "talhao": "PL LOTE 01" }, "geometry": { "type": "MultiPolygon", "coordinates": [ [ [ [ -45.710269308, -12.677387044 ], [ -45.709909984, -12.677387044 ], [ -45.709909984, -12.677746368 ], [ -45.710269308, -12.677746368 ], [ -45.710269308, -12.677387044 ] ] ] ] } },
{ "type": "Feature", "properties": { "id": 201782, "left": -45.710269308000001, "top": -12.677746368, "right": -45.709909984, "bottom": -12.678105692000001, "centroid_x": -45.71009, "centroid_y": -12.677926, "talhao": "PL LOTE 01" }, "geometry": { "type": "MultiPolygon", "coordinates": [ [ [ [ -45.710269308, -12.677746368 ], [ -45.709909984, -12.677746368 ], [ -45.709909984, -12.678105692 ], [ -45.710269308, -12.678105692 ], [ -45.710269308, -12.677746368 ] ] ] ] } },
{ "type": "Feature", "properties": { "id": 201783, "left": -45.710269308000001, "top": -12.678105692000001, "right": -45.709909984, "bottom": -12.678465016000001, "centroid_x": -45.71009, "centroid_y": -12.678285, "talhao": "PL LOTE 01" }, "geometry": { "type": "MultiPolygon", "coordinates": [ [ [ [ -45.710269308, -12.678105692 ], [ -45.709909984, -12.678105692 ], [ -45.709909984, -12.678465016 ], [ -45.710269308, -12.678465016 ], [ -45.710269308, -12.678105692 ] ] ] ] } },
{ "type": "Feature", "properties": { "id": 201784, "left": -45.710269308000001, "top": -12.678465016000001, "right": -45.709909984, "bottom": -12.67882434, "centroid_x": -45.71009, "centroid_y": -12.678645, "talhao": "PL LOTE 01" }, "geometry": { "type": "MultiPolygon", "coordinates": [ [ [ [ -45.710269308, -12.678465016 ], [ -45.709909984, -12.678465016 ], [ -45.709909984, -12.67882434 ], [ -45.710269308, -12.67882434 ], [ -45.710269308, -12.678465016 ] ] ] ] } },
{ "type": "Feature", "properties": { "id": 201785, "left": -45.710269308000001, "top": -12.67882434, "right": -45.709909984, "bottom": -12.679183664, "centroid_x": -45.71009, "centroid_y": -12.679004, "talhao": "PL LOTE 01" }, "geometry": { "type": "MultiPolygon", "coordinates": [ [ [ [ -45.710269308, -12.67882434 ], [ -45.709909984, -12.67882434 ], [ -45.709909984, -12.679183664 ], [ -45.710269308, -12.679183664 ], [ -45.710269308, -12.67882434 ] ] ] ] } },
{ "type": "Feature", "properties": { "id": 201786, "left": -45.710269308000001, "top": -12.679183664, "right": -45.709909984, "bottom": -12.679542988, "centroid_x": -45.71009, "centroid_y": -12.679363, "talhao": "PL LOTE 01" }, "geometry": { "type": "MultiPolygon", "coordinates": [ [ [ [ -45.710269308, -12.679183664 ], [ -45.709909984, -12.679183664 ], [ -45.709909984, -12.679542988 ], [ -45.710269308, -12.679542988 ], [ -45.710269308, -12.679183664 ] ] ] ] } },
{ "type": "Feature", "properties": { "id": 201787, "left": -45.710269308000001, "top": -12.679542988, "right": -45.709909984, "bottom": -12.679902312, "centroid_x": -45.71009, "centroid_y": -12.679723, "talhao": "PL LOTE 01" }, "geometry": { "type": "MultiPolygon", "coordinates": [ [ [ [ -45.710269308, -12.679542988 ], [ -45.709909984, -12.679542988 ], [ -45.709909984, -12.679902312 ], [ -45.710269308, -12.679902312 ], [ -45.710269308, -12.679542988 ] ] ] ] } },
{ "type": "Feature", "properties": { "id": 201788, "left": -45.710269308000001, "top": -12.679902312, "right": -45.709909984, "bottom": -12.680261636, "centroid_x": -45.71009, "centroid_y": -12.680082, "talhao": "PL LOTE 01" }, "geometry": { "type": "MultiPolygon", "coordinates": [ [ [ [ -45.710269308, -12.679902312 ], [ -45.709909984, -12.679902312 ], [ -45.709909984, -12.680261636 ], [ -45.710269308, -12.680261636 ], [ -45.710269308, -12.679902312 ] ] ] ] } },
{ "type": "Feature", "properties": { "id": 201789, "left": -45.710269308000001, "top": -12.680261636, "right": -45.709909984, "bottom": -12.68062096, "centroid_x": -45.71009, "centroid_y": -12.680441, "talhao": "PL LOTE 01" }, "geometry": { "type": "MultiPolygon", "coordinates": [ [ [ [ -45.710269308, -12.680261636 ], [ -45.709909984, -12.680261636 ], [ -45.709909984, -12.68062096 ], [ -45.710269308, -12.68062096 ], [ -45.710269308, -12.680261636 ] ] ] ] } },
{ "type": "Feature", "properties": { "id": 201790, "left": -45.710269308000001, "top": -12.68062096, "right": -45.709909984, "bottom": -12.680980284, "centroid_x": -45.71009, "centroid_y": -12.680801, "talhao": "PL LOTE 01" }, "geometry": { "type": "MultiPolygon", "coordinates": [ [ [ [ -45.710269308, -12.68062096 ], [ -45.709909984, -12.68062096 ], [ -45.709909984, -12.680980284 ], [ -45.710269308, -12.680980284 ], [ -45.710269308, -12.68062096 ] ] ] ] } },
{ "type": "Feature", "properties": { "id": 201791, "left": -45.710269308000001, "top": -12.680980284, "right": -45.709909984, "bottom": -12.681339608, "centroid_x": -45.71009, "centroid_y": -12.68116, "talhao": "PL LOTE 01" }, "geometry": { "type": "MultiPolygon", "coordinates": [ [ [ [ -45.710269308, -12.680980284 ], [ -45.709909984, -12.680980284 ], [ -45.709909984, -12.681339608 ], [ -45.710269308, -12.681339608 ], [ -45.710269308, -12.680980284 ] ] ] ] } },
{ "type": "Feature", "properties": { "id": 201792, "left": -45.710269308000001, "top": -12.681339608, "right": -45.709909984, "bottom": -12.681698932, "centroid_x": -45.71009, "centroid_y": -12.681519, "talhao": "PL LOTE 01" }, "geometry": { "type": "MultiPolygon", "coordinates": [ [ [ [ -45.710269308, -12.681339608 ], [ -45.709909984, -12.681339608 ], [ -45.709909984, -12.681698932 ], [ -45.710269308, -12.681698932 ], [ -45.710269308, -12.681339608 ] ] ] ] } },
{ "type": "Feature", "properties": { "id": 201793, "left": -45.710269308000001, "top": -12.681698932, "right": -45.709909984, "bottom": -12.682058256, "centroid_x": -45.71009, "centroid_y": -12.681879, "talhao": "PL LOTE 01" }, "geometry": { "type": "MultiPolygon", "coordinates": [ [ [ [ -45.710269308, -12.681698932 ], [ -45.709909984, -12.681698932 ], [ -45.709909984, -12.682058256 ], [ -45.710269308, -12.682058256 ], [ -45.710269308, -12.681698932 ] ] ] ] } },
{ "type": "Feature", "properties": { "id": 201794, "left": -45.710269308000001, "top": -12.682058256, "right": -45.709909984, "bottom": -12.68241758, "centroid_x": -45.71009, "centroid_y": -12.682238, "talhao": "PL LOTE 01" }, "geometry": { "type": "MultiPolygon", "coordinates": [ [ [ [ -45.710269308, -12.682058256 ], [ -45.709909984, -12.682058256 ], [ -45.709909984, -12.68241758 ], [ -45.710269308, -12.68241758 ], [ -45.710269308, -12.682058256 ] ] ] ] } },
{ "type": "Feature", "properties": { "id": 201795, "left": -45.710269308000001, "top": -12.68241758, "right": -45.709909984, "bottom": -12.682776904000001, "centroid_x": -45.71009, "centroid_y": -12.682597, "talhao": "PL LOTE 01" }, "geometry": { "type": "MultiPolygon", "coordinates": [ [ [ [ -45.710269308, -12.68241758 ], [ -45.709909984, -12.68241758 ], [ -45.709909984, -12.682776904 ], [ -45.710269308, -12.682776904 ], [ -45.710269308, -12.68241758 ] ] ] ] } },
{ "type": "Feature", "properties": { "id": 201796, "left": -45.710269308000001, "top": -12.682776904000001, "right": -45.709909984, "bottom": -12.683136228, "centroid_x": -45.71009, "centroid_y": -12.682957, "talhao": "PL LOTE 01" }, "geometry": { "type": "MultiPolygon", "coordinates": [ [ [ [ -45.710269308, -12.682776904 ], [ -45.709909984, -12.682776904 ], [ -45.709909984, -12.683136228 ], [ -45.710269308, -12.683136228 ], [ -45.710269308, -12.682776904 ] ] ] ] } },
{ "type": "Feature", "properties": { "id": 201797, "left": -45.710269308000001, "top": -12.683136228, "right": -45.709909984, "bottom": -12.683495551999998, "centroid_x": -45.710106, "centroid_y": -12.683292, "talhao": "PL LOTE 01" }, "geometry": { "type": "MultiPolygon", "coordinates": [ [ [ [ -45.710145, -12.683474 ], [ -45.710184979597628, -12.683495552 ], [ -45.710269308, -12.683495552 ], [ -45.710269308, -12.683136228 ], [ -45.709909984, -12.683136228 ], [ -45.709909984, -12.683349953960903 ], [ -45.710145, -12.683474 ] ] ] ] } },
{ "type": "Feature", "properties": { "id": 201798, "left": -45.710269308000001, "top": -12.683495552, "right": -45.709909984, "bottom": -12.683854876, "centroid_x": -45.710241, "centroid_y": -12.683511, "talhao": "PL LOTE 01" }, "geometry": { "type": "MultiPolygon", "coordinates": [ [ [ [ -45.710269308, -12.683541011330146 ], [ -45.710269308, -12.683495552 ], [ -45.710184979597628, -12.683495552 ], [ -45.710269308, -12.683541011330146 ] ] ] ] } },
{ "type": "Feature", "properties": { "id": 201808, "left": -45.709909984, "top": -12.66804462, "right": -45.70955066, "bottom": -12.668403944, "centroid_x": -45.70968, "centroid_y": -12.668294, "talhao": "PL LOTE 01" }, "geometry": { "type": "MultiPolygon", "coordinates": [ [ [ [ -45.70955066, -12.668074834731097 ], [ -45.70955066, -12.668403944 ], [ -45.709909984, -12.668403944 ], [ -45.709909984, -12.668376323468346 ], [ -45.70955066, -12.668074834731097 ] ] ] ] } },
{ "type": "Feature", "properties": { "id": 201809, "left": -45.709909984, "top": -12.668403944, "right": -45.70955066, "bottom": -12.668763268, "centroid_x": -45.70973, "centroid_y": -12.668584, "talhao": "PL LOTE 01" }, "geometry": { "type": "MultiPolygon", "coordinates": [ [ [ [ -45.709909984, -12.668403944 ], [ -45.70955066, -12.668403944 ], [ -45.70955066, -12.668763268 ], [ -45.709909984, -12.668763268 ], [ -45.709909984, -12.668403944 ] ] ] ] } },
{ "type": "Feature", "properties": { "id": 201810, "left": -45.709909984, "top": -12.668763268, "right": -45.70955066, "bottom": -12.669122592000001, "centroid_x": -45.70973, "centroid_y": -12.668943, "talhao": "PL LOTE 01" }, "geometry": { "type": "MultiPolygon", "coordinates": [ [ [ [ -45.709909984, -12.668763268 ], [ -45.70955066, -12.668763268 ], [ -45.70955066, -12.669122592 ], [ -45.709909984, -12.669122592 ], [ -45.709909984, -12.668763268 ] ] ] ] } },
{ "type": "Feature", "properties": { "id": 201811, "left": -45.709909984, "top": -12.669122592000001, "right": -45.70955066, "bottom": -12.669481916000001, "centroid_x": -45.70973, "centroid_y": -12.669302, "talhao": "PL LOTE 01" }, "geometry": { "type": "MultiPolygon", "coordinates": [ [ [ [ -45.709909984, -12.669122592 ], [ -45.70955066, -12.669122592 ], [ -45.70955066, -12.669481916 ], [ -45.709909984, -12.669481916 ], [ -45.709909984, -12.669122592 ] ] ] ] } },
{ "type": "Feature", "properties": { "id": 201812, "left": -45.709909984, "top": -12.669481916000001, "right": -45.70955066, "bottom": -12.66984124, "centroid_x": -45.70973, "centroid_y": -12.669662, "talhao": "PL LOTE 01" }, "geometry": { "type": "MultiPolygon", "coordinates": [ [ [ [ -45.709909984, -12.669481916 ], [ -45.70955066, -12.669481916 ], [ -45.70955066, -12.66984124 ], [ -45.709909984, -12.66984124 ], [ -45.709909984, -12.669481916 ] ] ] ] } },
{ "type": "Feature", "properties": { "id": 201813, "left": -45.709909984, "top": -12.66984124, "right": -45.70955066, "bottom": -12.670200564, "centroid_x": -45.70973, "centroid_y": -12.670021, "talhao": "PL LOTE 01" }, "geometry": { "type": "MultiPolygon", "coordinates": [ [ [ [ -45.709909984, -12.66984124 ], [ -45.70955066, -12.66984124 ], [ -45.70955066, -12.670200564 ], [ -45.709909984, -12.670200564 ], [ -45.709909984, -12.66984124 ] ] ] ] } },
{ "type": "Feature", "properties": { "id": 201814, "left": -45.709909984, "top": -12.670200564, "right": -45.70955066, "bottom": -12.670559888, "centroid_x": -45.70973, "centroid_y": -12.67038, "talhao": "PL LOTE 01" }, "geometry": { "type": "MultiPolygon", "coordinates": [ [ [ [ -45.709909984, -12.670200564 ], [ -45.70955066, -12.670200564 ], [ -45.70955066, -12.670559888 ], [ -45.709909984, -12.670559888 ], [ -45.709909984, -12.670200564 ] ] ] ] } },
{ "type": "Feature", "properties": { "id": 201815, "left": -45.709909984, "top": -12.670559888, "right": -45.70955066, "bottom": -12.670919212, "centroid_x": -45.70973, "centroid_y": -12.67074, "talhao": "PL LOTE 01" }, "geometry": { "type": "MultiPolygon", "coordinates": [ [ [ [ -45.709909984, -12.670559888 ], [ -45.70955066, -12.670559888 ], [ -45.70955066, -12.670919212 ], [ -45.709909984, -12.670919212 ], [ -45.709909984, -12.670559888 ] ] ] ] } },
{ "type": "Feature", "properties": { "id": 201816, "left": -45.709909984, "top": -12.670919212, "right": -45.70955066, "bottom": -12.671278536000001, "centroid_x": -45.70973, "centroid_y": -12.671099, "talhao": "PL LOTE 01" }, "geometry": { "type": "MultiPolygon", "coordinates": [ [ [ [ -45.709909984, -12.670919212 ], [ -45.70955066, -12.670919212 ], [ -45.70955066, -12.671278536 ], [ -45.709909984, -12.671278536 ], [ -45.709909984, -12.670919212 ] ] ] ] } },
{ "type": "Feature", "properties": { "id": 201817, "left": -45.709909984, "top": -12.671278536000001, "right": -45.70955066, "bottom": -12.67163786, "centroid_x": -45.70973, "centroid_y": -12.671458, "talhao": "PL LOTE 01" }, "geometry": { "type": "MultiPolygon", "coordinates": [ [ [ [ -45.709909984, -12.671278536 ], [ -45.70955066, -12.671278536 ], [ -45.70955066, -12.67163786 ], [ -45.709909984, -12.67163786 ], [ -45.709909984, -12.671278536 ] ] ] ] } },
{ "type": "Feature", "properties": { "id": 201818, "left": -45.709909984, "top": -12.67163786, "right": -45.70955066, "bottom": -12.671997184, "centroid_x": -45.70973, "centroid_y": -12.671818, "talhao": "PL LOTE 01" }, "geometry": { "type": "MultiPolygon", "coordinates": [ [ [ [ -45.709909984, -12.67163786 ], [ -45.70955066, -12.67163786 ], [ -45.70955066, -12.671997184 ], [ -45.709909984, -12.671997184 ], [ -45.709909984, -12.67163786 ] ] ] ] } },
{ "type": "Feature", "properties": { "id": 201819, "left": -45.709909984, "top": -12.671997184, "right": -45.70955066, "bottom": -12.672356508, "centroid_x": -45.70973, "centroid_y": -12.672177, "talhao": "PL LOTE 01" }, "geometry": { "type": "MultiPolygon", "coordinates": [ [ [ [ -45.709909984, -12.671997184 ], [ -45.70955066, -12.671997184 ], [ -45.70955066, -12.672356508 ], [ -45.709909984, -12.672356508 ], [ -45.709909984, -12.671997184 ] ] ] ] } },
{ "type": "Feature", "properties": { "id": 201820, "left": -45.709909984, "top": -12.672356508, "right": -45.70955066, "bottom": -12.672715832, "centroid_x": -45.70973, "centroid_y": -12.672536, "talhao": "PL LOTE 01" }, "geometry": { "type": "MultiPolygon", "coordinates": [ [ [ [ -45.709909984, -12.672356508 ], [ -45.70955066, -12.672356508 ], [ -45.70955066, -12.672715832 ], [ -45.709909984, -12.672715832 ], [ -45.709909984, -12.672356508 ] ] ] ] } },
{ "type": "Feature", "properties": { "id": 201821, "left": -45.709909984, "top": -12.672715832, "right": -45.70955066, "bottom": -12.673075156, "centroid_x": -45.70973, "centroid_y": -12.672895, "talhao": "PL LOTE 01" }, "geometry": { "type": "MultiPolygon", "coordinates": [ [ [ [ -45.709909984, -12.672715832 ], [ -45.70955066, -12.672715832 ], [ -45.70955066, -12.673075156 ], [ -45.709909984, -12.673075156 ], [ -45.709909984, -12.672715832 ] ] ] ] } },
{ "type": "Feature", "properties": { "id": 201822, "left": -45.709909984, "top": -12.673075156, "right": -45.70955066, "bottom": -12.67343448, "centroid_x": -45.70973, "centroid_y": -12.673255, "talhao": "PL LOTE 01" }, "geometry": { "type": "MultiPolygon", "coordinates": [ [ [ [ -45.709909984, -12.673075156 ], [ -45.70955066, -12.673075156 ], [ -45.70955066, -12.67343448 ], [ -45.709909984, -12.67343448 ], [ -45.709909984, -12.673075156 ] ] ] ] } },
{ "type": "Feature", "properties": { "id": 201823, "left": -45.709909984, "top": -12.67343448, "right": -45.70955066, "bottom": -12.673793804000001, "centroid_x": -45.70973, "centroid_y": -12.673614, "talhao": "PL LOTE 01" }, "geometry": { "type": "MultiPolygon", "coordinates": [ [ [ [ -45.709909984, -12.67343448 ], [ -45.70955066, -12.67343448 ], [ -45.70955066, -12.673793804 ], [ -45.709909984, -12.673793804 ], [ -45.709909984, -12.67343448 ] ] ] ] } },
{ "type": "Feature", "properties": { "id": 201824, "left": -45.709909984, "top": -12.673793804000001, "right": -45.70955066, "bottom": -12.674153128, "centroid_x": -45.70973, "centroid_y": -12.673973, "talhao": "PL LOTE 01" }, "geometry": { "type": "MultiPolygon", "coordinates": [ [ [ [ -45.709909984, -12.673793804 ], [ -45.70955066, -12.673793804 ], [ -45.70955066, -12.674153128 ], [ -45.709909984, -12.674153128 ], [ -45.709909984, -12.673793804 ] ] ] ] } },
{ "type": "Feature", "properties": { "id": 201825, "left": -45.709909984, "top": -12.674153128, "right": -45.70955066, "bottom": -12.674512452, "centroid_x": -45.70973, "centroid_y": -12.674333, "talhao": "PL LOTE 01" }, "geometry": { "type": "MultiPolygon", "coordinates": [ [ [ [ -45.709909984, -12.674153128 ], [ -45.70955066, -12.674153128 ], [ -45.70955066, -12.674512452 ], [ -45.709909984, -12.674512452 ], [ -45.709909984, -12.674153128 ] ] ] ] } },
{ "type": "Feature", "properties": { "id": 201826, "left": -45.709909984, "top": -12.674512452, "right": -45.70955066, "bottom": -12.674871776, "centroid_x": -45.70973, "centroid_y": -12.674692, "talhao": "PL LOTE 01" }, "geometry": { "type": "MultiPolygon", "coordinates": [ [ [ [ -45.709909984, -12.674512452 ], [ -45.70955066, -12.674512452 ], [ -45.70955066, -12.674871776 ], [ -45.709909984, -12.674871776 ], [ -45.709909984, -12.674512452 ] ] ] ] } },
{ "type": "Feature", "properties": { "id": 201827, "left": -45.709909984, "top": -12.674871776, "right": -45.70955066, "bottom": -12.6752311, "centroid_x": -45.70973, "centroid_y": -12.675051, "talhao": "PL LOTE 01" }, "geometry": { "type": "MultiPolygon", "coordinates": [ [ [ [ -45.709909984, -12.674871776 ], [ -45.70955066, -12.674871776 ], [ -45.70955066, -12.6752311 ], [ -45.709909984, -12.6752311 ], [ -45.709909984, -12.674871776 ] ] ] ] } },
{ "type": "Feature", "properties": { "id": 201828, "left": -45.709909984, "top": -12.6752311, "right": -45.70955066, "bottom": -12.675590424, "centroid_x": -45.70973, "centroid_y": -12.675411, "talhao": "PL LOTE 01" }, "geometry": { "type": "MultiPolygon", "coordinates": [ [ [ [ -45.709909984, -12.6752311 ], [ -45.70955066, -12.6752311 ], [ -45.70955066, -12.675590424 ], [ -45.709909984, -12.675590424 ], [ -45.709909984, -12.6752311 ] ] ] ] } },
{ "type": "Feature", "properties": { "id": 201829, "left": -45.709909984, "top": -12.675590424, "right": -45.70955066, "bottom": -12.675949748000001, "centroid_x": -45.70973, "centroid_y": -12.67577, "talhao": "PL LOTE 01" }, "geometry": { "type": "MultiPolygon", "coordinates": [ [ [ [ -45.709909984, -12.675590424 ], [ -45.70955066, -12.675590424 ], [ -45.70955066, -12.675949748 ], [ -45.709909984, -12.675949748 ], [ -45.709909984, -12.675590424 ] ] ] ] } },
{ "type": "Feature", "properties": { "id": 201830, "left": -45.709909984, "top": -12.675949748000001, "right": -45.70955066, "bottom": -12.676309072, "centroid_x": -45.70973, "centroid_y": -12.676129, "talhao": "PL LOTE 01" }, "geometry": { "type": "MultiPolygon", "coordinates": [ [ [ [ -45.709909984, -12.675949748 ], [ -45.70955066, -12.675949748 ], [ -45.70955066, -12.676309072 ], [ -45.709909984, -12.676309072 ], [ -45.709909984, -12.675949748 ] ] ] ] } },
{ "type": "Feature", "properties": { "id": 201831, "left": -45.709909984, "top": -12.676309072, "right": -45.70955066, "bottom": -12.676668395999998, "centroid_x": -45.70973, "centroid_y": -12.676489, "talhao": "PL LOTE 01" }, "geometry": { "type": "MultiPolygon", "coordinates": [ [ [ [ -45.709909984, -12.676309072 ], [ -45.70955066, -12.676309072 ], [ -45.70955066, -12.676668396 ], [ -45.709909984, -12.676668396 ], [ -45.709909984, -12.676309072 ] ] ] ] } },
{ "type": "Feature", "properties": { "id": 201832, "left": -45.709909984, "top": -12.676668396, "right": -45.70955066, "bottom": -12.67702772, "centroid_x": -45.70973, "centroid_y": -12.676848, "talhao": "PL LOTE 01" }, "geometry": { "type": "MultiPolygon", "coordinates": [ [ [ [ -45.709909984, -12.676668396 ], [ -45.70955066, -12.676668396 ], [ -45.70955066, -12.67702772 ], [ -45.709909984, -12.67702772 ], [ -45.709909984, -12.676668396 ] ] ] ] } },
{ "type": "Feature", "properties": { "id": 201833, "left": -45.709909984, "top": -12.67702772, "right": -45.70955066, "bottom": -12.677387044, "centroid_x": -45.70973, "centroid_y": -12.677207, "talhao": "PL LOTE 01" }, "geometry": { "type": "MultiPolygon", "coordinates": [ [ [ [ -45.709909984, -12.67702772 ], [ -45.70955066, -12.67702772 ], [ -45.70955066, -12.677387044 ], [ -45.709909984, -12.677387044 ], [ -45.709909984, -12.67702772 ] ] ] ] } },
{ "type": "Feature", "properties": { "id": 201834, "left": -45.709909984, "top": -12.677387044, "right": -45.70955066, "bottom": -12.677746368, "centroid_x": -45.70973, "centroid_y": -12.677567, "talhao": "PL LOTE 01" }, "geometry": { "type": "MultiPolygon", "coordinates": [ [ [ [ -45.709909984, -12.677387044 ], [ -45.70955066, -12.677387044 ], [ -45.70955066, -12.677746368 ], [ -45.709909984, -12.677746368 ], [ -45.709909984, -12.677387044 ] ] ] ] } },
{ "type": "Feature", "properties": { "id": 201835, "left": -45.709909984, "top": -12.677746368, "right": -45.70955066, "bottom": -12.678105692000001, "centroid_x": -45.70973, "centroid_y": -12.677926, "talhao": "PL LOTE 01" }, "geometry": { "type": "MultiPolygon", "coordinates": [ [ [ [ -45.709909984, -12.677746368 ], [ -45.70955066, -12.677746368 ], [ -45.70955066, -12.678105692 ], [ -45.709909984, -12.678105692 ], [ -45.709909984, -12.677746368 ] ] ] ] } },
{ "type": "Feature", "properties": { "id": 201836, "left": -45.709909984, "top": -12.678105692000001, "right": -45.70955066, "bottom": -12.678465016000001, "centroid_x": -45.70973, "centroid_y": -12.678285, "talhao": "PL LOTE 01" }, "geometry": { "type": "MultiPolygon", "coordinates": [ [ [ [ -45.709909984, -12.678105692 ], [ -45.70955066, -12.678105692 ], [ -45.70955066, -12.678465016 ], [ -45.709909984, -12.678465016 ], [ -45.709909984, -12.678105692 ] ] ] ] } },
{ "type": "Feature", "properties": { "id": 201837, "left": -45.709909984, "top": -12.678465016000001, "right": -45.70955066, "bottom": -12.67882434, "centroid_x": -45.70973, "centroid_y": -12.678645, "talhao": "PL LOTE 01" }, "geometry": { "type": "MultiPolygon", "coordinates": [ [ [ [ -45.709909984, -12.678465016 ], [ -45.70955066, -12.678465016 ], [ -45.70955066, -12.67882434 ], [ -45.709909984, -12.67882434 ], [ -45.709909984, -12.678465016 ] ] ] ] } },
{ "type": "Feature", "properties": { "id": 201838, "left": -45.709909984, "top": -12.67882434, "right": -45.70955066, "bottom": -12.679183664, "centroid_x": -45.70973, "centroid_y": -12.679004, "talhao": "PL LOTE 01" }, "geometry": { "type": "MultiPolygon", "coordinates": [ [ [ [ -45.709909984, -12.67882434 ], [ -45.70955066, -12.67882434 ], [ -45.70955066, -12.679183664 ], [ -45.709909984, -12.679183664 ], [ -45.709909984, -12.67882434 ] ] ] ] } },
{ "type": "Feature", "properties": { "id": 201839, "left": -45.709909984, "top": -12.679183664, "right": -45.70955066, "bottom": -12.679542988, "centroid_x": -45.70973, "centroid_y": -12.679363, "talhao": "PL LOTE 01" }, "geometry": { "type": "MultiPolygon", "coordinates": [ [ [ [ -45.709909984, -12.679183664 ], [ -45.70955066, -12.679183664 ], [ -45.70955066, -12.679542988 ], [ -45.709909984, -12.679542988 ], [ -45.709909984, -12.679183664 ] ] ] ] } },
{ "type": "Feature", "properties": { "id": 201840, "left": -45.709909984, "top": -12.679542988, "right": -45.70955066, "bottom": -12.679902312, "centroid_x": -45.70973, "centroid_y": -12.679723, "talhao": "PL LOTE 01" }, "geometry": { "type": "MultiPolygon", "coordinates": [ [ [ [ -45.709909984, -12.679542988 ], [ -45.70955066, -12.679542988 ], [ -45.70955066, -12.679902312 ], [ -45.709909984, -12.679902312 ], [ -45.709909984, -12.679542988 ] ] ] ] } },
{ "type": "Feature", "properties": { "id": 201841, "left": -45.709909984, "top": -12.679902312, "right": -45.70955066, "bottom": -12.680261636, "centroid_x": -45.70973, "centroid_y": -12.680082, "talhao": "PL LOTE 01" }, "geometry": { "type": "MultiPolygon", "coordinates": [ [ [ [ -45.709909984, -12.679902312 ], [ -45.70955066, -12.679902312 ], [ -45.70955066, -12.680261636 ], [ -45.709909984, -12.680261636 ], [ -45.709909984, -12.679902312 ] ] ] ] } },
{ "type": "Feature", "properties": { "id": 201842, "left": -45.709909984, "top": -12.680261636, "right": -45.70955066, "bottom": -12.68062096, "centroid_x": -45.70973, "centroid_y": -12.680441, "talhao": "PL LOTE 01" }, "geometry": { "type": "MultiPolygon", "coordinates": [ [ [ [ -45.709909984, -12.680261636 ], [ -45.70955066, -12.680261636 ], [ -45.70955066, -12.68062096 ], [ -45.709909984, -12.68062096 ], [ -45.709909984, -12.680261636 ] ] ] ] } },
{ "type": "Feature", "properties": { "id": 201843, "left": -45.709909984, "top": -12.68062096, "right": -45.70955066, "bottom": -12.680980284, "centroid_x": -45.70973, "centroid_y": -12.680801, "talhao": "PL LOTE 01" }, "geometry": { "type": "MultiPolygon", "coordinates": [ [ [ [ -45.709909984, -12.68062096 ], [ -45.70955066, -12.68062096 ], [ -45.70955066, -12.680980284 ], [ -45.709909984, -12.680980284 ], [ -45.709909984, -12.68062096 ] ] ] ] } },
{ "type": "Feature", "properties": { "id": 201844, "left": -45.709909984, "top": -12.680980284, "right": -45.70955066, "bottom": -12.681339608, "centroid_x": -45.70973, "centroid_y": -12.68116, "talhao": "PL LOTE 01" }, "geometry": { "type": "MultiPolygon", "coordinates": [ [ [ [ -45.709909984, -12.680980284 ], [ -45.70955066, -12.680980284 ], [ -45.70955066, -12.681339608 ], [ -45.709909984, -12.681339608 ], [ -45.709909984, -12.680980284 ] ] ] ] } },
{ "type": "Feature", "properties": { "id": 201845, "left": -45.709909984, "top": -12.681339608, "right": -45.70955066, "bottom": -12.681698932, "centroid_x": -45.70973, "centroid_y": -12.681519, "talhao": "PL LOTE 01" }, "geometry": { "type": "MultiPolygon", "coordinates": [ [ [ [ -45.709909984, -12.681339608 ], [ -45.70955066, -12.681339608 ], [ -45.70955066, -12.681698932 ], [ -45.709909984, -12.681698932 ], [ -45.709909984, -12.681339608 ] ] ] ] } },
{ "type": "Feature", "properties": { "id": 201846, "left": -45.709909984, "top": -12.681698932, "right": -45.70955066, "bottom": -12.682058256, "centroid_x": -45.70973, "centroid_y": -12.681879, "talhao": "PL LOTE 01" }, "geometry": { "type": "MultiPolygon", "coordinates": [ [ [ [ -45.709909984, -12.681698932 ], [ -45.70955066, -12.681698932 ], [ -45.70955066, -12.682058256 ], [ -45.709909984, -12.682058256 ], [ -45.709909984, -12.681698932 ] ] ] ] } },
{ "type": "Feature", "properties": { "id": 201847, "left": -45.709909984, "top": -12.682058256, "right": -45.70955066, "bottom": -12.68241758, "centroid_x": -45.70973, "centroid_y": -12.682238, "talhao": "PL LOTE 01" }, "geometry": { "type": "MultiPolygon", "coordinates": [ [ [ [ -45.709909984, -12.682058256 ], [ -45.70955066, -12.682058256 ], [ -45.70955066, -12.68241758 ], [ -45.709909984, -12.68241758 ], [ -45.709909984, -12.682058256 ] ] ] ] } },
{ "type": "Feature", "properties": { "id": 201848, "left": -45.709909984, "top": -12.68241758, "right": -45.70955066, "bottom": -12.682776904000001, "centroid_x": -45.70973, "centroid_y": -12.682597, "talhao": "PL LOTE 01" }, "geometry": { "type": "MultiPolygon", "coordinates": [ [ [ [ -45.709909984, -12.68241758 ], [ -45.70955066, -12.68241758 ], [ -45.70955066, -12.682776904 ], [ -45.709909984, -12.682776904 ], [ -45.709909984, -12.68241758 ] ] ] ] } },
{ "type": "Feature", "properties": { "id": 201849, "left": -45.709909984, "top": -12.682776904000001, "right": -45.70955066, "bottom": -12.683136228, "centroid_x": -45.70973, "centroid_y": -12.682957, "talhao": "PL LOTE 01" }, "geometry": { "type": "MultiPolygon", "coordinates": [ [ [ [ -45.709909984, -12.682776904 ], [ -45.70955066, -12.682776904 ], [ -45.70955066, -12.683136228 ], [ -45.709909984, -12.683136228 ], [ -45.709909984, -12.682776904 ] ] ] ] } },
{ "type": "Feature", "properties": { "id": 201850, "left": -45.709909984, "top": -12.683136228, "right": -45.70955066, "bottom": -12.683495551999998, "centroid_x": -45.709778, "centroid_y": -12.683208, "talhao": "PL LOTE 01" }, "geometry": { "type": "MultiPolygon", "coordinates": [ [ [ [ -45.709909984, -12.683349953960903 ], [ -45.709909984, -12.683136228 ], [ -45.70955066, -12.683136228 ], [ -45.70955066, -12.683160295729323 ], [ -45.709909984, -12.683349953960903 ] ] ] ] } },
{ "type": "Feature", "properties": { "id": 201860, "left": -45.70955066, "top": -12.667685296, "right": -45.709191335999996, "bottom": -12.66804462, "centroid_x": -45.709299, "centroid_y": -12.667954, "talhao": "PL LOTE 01" }, "geometry": { "type": "MultiPolygon", "coordinates": [ [ [ [ -45.709191336, -12.667773345993851 ], [ -45.709191336, -12.66804462 ], [ -45.709514649109053, -12.66804462 ], [ -45.709191336, -12.667773345993851 ] ] ] ] } },
{ "type": "Feature", "properties": { "id": 201861, "left": -45.70955066, "top": -12.66804462, "right": -45.709191335999996, "bottom": -12.668403944, "centroid_x": -45.70937, "centroid_y": -12.668225, "talhao": "PL LOTE 01" }, "geometry": { "type": "MultiPolygon", "coordinates": [ [ [ [ -45.709514649109053, -12.66804462 ], [ -45.709191336, -12.66804462 ], [ -45.709191336, -12.668403944 ], [ -45.70955066, -12.668403944 ], [ -45.70955066, -12.668074834731097 ], [ -45.709514649109053, -12.66804462 ] ] ] ] } },
{ "type": "Feature", "properties": { "id": 201862, "left": -45.70955066, "top": -12.668403944, "right": -45.709191335999996, "bottom": -12.668763268, "centroid_x": -45.709371, "centroid_y": -12.668584, "talhao": "PL LOTE 01" }, "geometry": { "type": "MultiPolygon", "coordinates": [ [ [ [ -45.70955066, -12.668403944 ], [ -45.709191336, -12.668403944 ], [ -45.709191336, -12.668763268 ], [ -45.70955066, -12.668763268 ], [ -45.70955066, -12.668403944 ] ] ] ] } },
{ "type": "Feature", "properties": { "id": 201863, "left": -45.70955066, "top": -12.668763268, "right": -45.709191335999996, "bottom": -12.669122592000001, "centroid_x": -45.709371, "centroid_y": -12.668943, "talhao": "PL LOTE 01" }, "geometry": { "type": "MultiPolygon", "coordinates": [ [ [ [ -45.70955066, -12.668763268 ], [ -45.709191336, -12.668763268 ], [ -45.709191336, -12.669122592 ], [ -45.70955066, -12.669122592 ], [ -45.70955066, -12.668763268 ] ] ] ] } },
{ "type": "Feature", "properties": { "id": 201864, "left": -45.70955066, "top": -12.669122592000001, "right": -45.709191335999996, "bottom": -12.669481916000001, "centroid_x": -45.709371, "centroid_y": -12.669302, "talhao": "PL LOTE 01" }, "geometry": { "type": "MultiPolygon", "coordinates": [ [ [ [ -45.70955066, -12.669122592 ], [ -45.709191336, -12.669122592 ], [ -45.709191336, -12.669481916 ], [ -45.70955066, -12.669481916 ], [ -45.70955066, -12.669122592 ] ] ] ] } },
{ "type": "Feature", "properties": { "id": 201865, "left": -45.70955066, "top": -12.669481916000001, "right": -45.709191335999996, "bottom": -12.66984124, "centroid_x": -45.709371, "centroid_y": -12.669662, "talhao": "PL LOTE 01" }, "geometry": { "type": "MultiPolygon", "coordinates": [ [ [ [ -45.70955066, -12.669481916 ], [ -45.709191336, -12.669481916 ], [ -45.709191336, -12.66984124 ], [ -45.70955066, -12.66984124 ], [ -45.70955066, -12.669481916 ] ] ] ] } },
{ "type": "Feature", "properties": { "id": 201866, "left": -45.70955066, "top": -12.66984124, "right": -45.709191335999996, "bottom": -12.670200564, "centroid_x": -45.709371, "centroid_y": -12.670021, "talhao": "PL LOTE 01" }, "geometry": { "type": "MultiPolygon", "coordinates": [ [ [ [ -45.70955066, -12.66984124 ], [ -45.709191336, -12.66984124 ], [ -45.709191336, -12.670200564 ], [ -45.70955066, -12.670200564 ], [ -45.70955066, -12.66984124 ] ] ] ] } },
{ "type": "Feature", "properties": { "id": 201867, "left": -45.70955066, "top": -12.670200564, "right": -45.709191335999996, "bottom": -12.670559888, "centroid_x": -45.709371, "centroid_y": -12.67038, "talhao": "PL LOTE 01" }, "geometry": { "type": "MultiPolygon", "coordinates": [ [ [ [ -45.70955066, -12.670200564 ], [ -45.709191336, -12.670200564 ], [ -45.709191336, -12.670559888 ], [ -45.70955066, -12.670559888 ], [ -45.70955066, -12.670200564 ] ] ] ] } },
{ "type": "Feature", "properties": { "id": 201868, "left": -45.70955066, "top": -12.670559888, "right": -45.709191335999996, "bottom": -12.670919212, "centroid_x": -45.709371, "centroid_y": -12.67074, "talhao": "PL LOTE 01" }, "geometry": { "type": "MultiPolygon", "coordinates": [ [ [ [ -45.70955066, -12.670559888 ], [ -45.709191336, -12.670559888 ], [ -45.709191336, -12.670919212 ], [ -45.70955066, -12.670919212 ], [ -45.70955066, -12.670559888 ] ] ] ] } },
{ "type": "Feature", "properties": { "id": 201869, "left": -45.70955066, "top": -12.670919212, "right": -45.709191335999996, "bottom": -12.671278536000001, "centroid_x": -45.709371, "centroid_y": -12.671099, "talhao": "PL LOTE 01" }, "geometry": { "type": "MultiPolygon", "coordinates": [ [ [ [ -45.70955066, -12.670919212 ], [ -45.709191336, -12.670919212 ], [ -45.709191336, -12.671278536 ], [ -45.70955066, -12.671278536 ], [ -45.70955066, -12.670919212 ] ] ] ] } },
{ "type": "Feature", "properties": { "id": 201870, "left": -45.70955066, "top": -12.671278536000001, "right": -45.709191335999996, "bottom": -12.67163786, "centroid_x": -45.709371, "centroid_y": -12.671458, "talhao": "PL LOTE 01" }, "geometry": { "type": "MultiPolygon", "coordinates": [ [ [ [ -45.70955066, -12.671278536 ], [ -45.709191336, -12.671278536 ], [ -45.709191336, -12.67163786 ], [ -45.70955066, -12.67163786 ], [ -45.70955066, -12.671278536 ] ] ] ] } },
{ "type": "Feature", "properties": { "id": 201871, "left": -45.70955066, "top": -12.67163786, "right": -45.709191335999996, "bottom": -12.671997184, "centroid_x": -45.709371, "centroid_y": -12.671818, "talhao": "PL LOTE 01" }, "geometry": { "type": "MultiPolygon", "coordinates": [ [ [ [ -45.70955066, -12.67163786 ], [ -45.709191336, -12.67163786 ], [ -45.709191336, -12.671997184 ], [ -45.70955066, -12.671997184 ], [ -45.70955066, -12.67163786 ] ] ] ] } },
{ "type": "Feature", "properties": { "id": 201872, "left": -45.70955066, "top": -12.671997184, "right": -45.709191335999996, "bottom": -12.672356508, "centroid_x": -45.709371, "centroid_y": -12.672177, "talhao": "PL LOTE 01" }, "geometry": { "type": "MultiPolygon", "coordinates": [ [ [ [ -45.70955066, -12.671997184 ], [ -45.709191336, -12.671997184 ], [ -45.709191336, -12.672356508 ], [ -45.70955066, -12.672356508 ], [ -45.70955066, -12.671997184 ] ] ] ] } },
{ "type": "Feature", "properties": { "id": 201873, "left": -45.70955066, "top": -12.672356508, "right": -45.709191335999996, "bottom": -12.672715832, "centroid_x": -45.709371, "centroid_y": -12.672536, "talhao": "PL LOTE 01" }, "geometry": { "type": "MultiPolygon", "coordinates": [ [ [ [ -45.70955066, -12.672356508 ], [ -45.709191336, -12.672356508 ], [ -45.709191336, -12.672715832 ], [ -45.70955066, -12.672715832 ], [ -45.70955066, -12.672356508 ] ] ] ] } },
{ "type": "Feature", "properties": { "id": 201874, "left": -45.70955066, "top": -12.672715832, "right": -45.709191335999996, "bottom": -12.673075156, "centroid_x": -45.709371, "centroid_y": -12.672895, "talhao": "PL LOTE 01" }, "geometry": { "type": "MultiPolygon", "coordinates": [ [ [ [ -45.70955066, -12.672715832 ], [ -45.709191336, -12.672715832 ], [ -45.709191336, -12.673075156 ], [ -45.70955066, -12.673075156 ], [ -45.70955066, -12.672715832 ] ] ] ] } },
{ "type": "Feature", "properties": { "id": 201875, "left": -45.70955066, "top": -12.673075156, "right": -45.709191335999996, "bottom": -12.67343448, "centroid_x": -45.709371, "centroid_y": -12.673255, "talhao": "PL LOTE 01" }, "geometry": { "type": "MultiPolygon", "coordinates": [ [ [ [ -45.70955066, -12.673075156 ], [ -45.709191336, -12.673075156 ], [ -45.709191336, -12.67343448 ], [ -45.70955066, -12.67343448 ], [ -45.70955066, -12.673075156 ] ] ] ] } },
{ "type": "Feature", "properties": { "id": 201876, "left": -45.70955066, "top": -12.67343448, "right": -45.709191335999996, "bottom": -12.673793804000001, "centroid_x": -45.709371, "centroid_y": -12.673614, "talhao": "PL LOTE 01" }, "geometry": { "type": "MultiPolygon", "coordinates": [ [ [ [ -45.70955066, -12.67343448 ], [ -45.709191336, -12.67343448 ], [ -45.709191336, -12.673793804 ], [ -45.70955066, -12.673793804 ], [ -45.70955066, -12.67343448 ] ] ] ] } },
{ "type": "Feature", "properties": { "id": 201877, "left": -45.70955066, "top": -12.673793804000001, "right": -45.709191335999996, "bottom": -12.674153128, "centroid_x": -45.709371, "centroid_y": -12.673973, "talhao": "PL LOTE 01" }, "geometry": { "type": "MultiPolygon", "coordinates": [ [ [ [ -45.70955066, -12.673793804 ], [ -45.709191336, -12.673793804 ], [ -45.709191336, -12.674153128 ], [ -45.70955066, -12.674153128 ], [ -45.70955066, -12.673793804 ] ] ] ] } },
{ "type": "Feature", "properties": { "id": 201878, "left": -45.70955066, "top": -12.674153128, "right": -45.709191335999996, "bottom": -12.674512452, "centroid_x": -45.709371, "centroid_y": -12.674333, "talhao": "PL LOTE 01" }, "geometry": { "type": "MultiPolygon", "coordinates": [ [ [ [ -45.70955066, -12.674153128 ], [ -45.709191336, -12.674153128 ], [ -45.709191336, -12.674512452 ], [ -45.70955066, -12.674512452 ], [ -45.70955066, -12.674153128 ] ] ] ] } },
{ "type": "Feature", "properties": { "id": 201879, "left": -45.70955066, "top": -12.674512452, "right": -45.709191335999996, "bottom": -12.674871776, "centroid_x": -45.709371, "centroid_y": -12.674692, "talhao": "PL LOTE 01" }, "geometry": { "type": "MultiPolygon", "coordinates": [ [ [ [ -45.70955066, -12.674512452 ], [ -45.709191336, -12.674512452 ], [ -45.709191336, -12.674871776 ], [ -45.70955066, -12.674871776 ], [ -45.70955066, -12.674512452 ] ] ] ] } },
{ "type": "Feature", "properties": { "id": 201880, "left": -45.70955066, "top": -12.674871776, "right": -45.709191335999996, "bottom": -12.6752311, "centroid_x": -45.709371, "centroid_y": -12.675051, "talhao": "PL LOTE 01" }, "geometry": { "type": "MultiPolygon", "coordinates": [ [ [ [ -45.70955066, -12.674871776 ], [ -45.709191336, -12.674871776 ], [ -45.709191336, -12.6752311 ], [ -45.70955066, -12.6752311 ], [ -45.70955066, -12.674871776 ] ] ] ] } },
{ "type": "Feature", "properties": { "id": 201881, "left": -45.70955066, "top": -12.6752311, "right": -45.709191335999996, "bottom": -12.675590424, "centroid_x": -45.709371, "centroid_y": -12.675411, "talhao": "PL LOTE 01" }, "geometry": { "type": "MultiPolygon", "coordinates": [ [ [ [ -45.70955066, -12.6752311 ], [ -45.709191336, -12.6752311 ], [ -45.709191336, -12.675590424 ], [ -45.70955066, -12.675590424 ], [ -45.70955066, -12.6752311 ] ] ] ] } },
{ "type": "Feature", "properties": { "id": 201882, "left": -45.70955066, "top": -12.675590424, "right": -45.709191335999996, "bottom": -12.675949748000001, "centroid_x": -45.709371, "centroid_y": -12.67577, "talhao": "PL LOTE 01" }, "geometry": { "type": "MultiPolygon", "coordinates": [ [ [ [ -45.70955066, -12.675590424 ], [ -45.709191336, -12.675590424 ], [ -45.709191336, -12.675949748 ], [ -45.70955066, -12.675949748 ], [ -45.70955066, -12.675590424 ] ] ] ] } },
{ "type": "Feature", "properties": { "id": 201883, "left": -45.70955066, "top": -12.675949748000001, "right": -45.709191335999996, "bottom": -12.676309072, "centroid_x": -45.709371, "centroid_y": -12.676129, "talhao": "PL LOTE 01" }, "geometry": { "type": "MultiPolygon", "coordinates": [ [ [ [ -45.70955066, -12.675949748 ], [ -45.709191336, -12.675949748 ], [ -45.709191336, -12.676309072 ], [ -45.70955066, -12.676309072 ], [ -45.70955066, -12.675949748 ] ] ] ] } },
{ "type": "Feature", "properties": { "id": 201884, "left": -45.70955066, "top": -12.676309072, "right": -45.709191335999996, "bottom": -12.676668395999998, "centroid_x": -45.709371, "centroid_y": -12.676489, "talhao": "PL LOTE 01" }, "geometry": { "type": "MultiPolygon", "coordinates": [ [ [ [ -45.70955066, -12.676309072 ], [ -45.709191336, -12.676309072 ], [ -45.709191336, -12.676668396 ], [ -45.70955066, -12.676668396 ], [ -45.70955066, -12.676309072 ] ] ] ] } },
{ "type": "Feature", "properties": { "id": 201885, "left": -45.70955066, "top": -12.676668396, "right": -45.709191335999996, "bottom": -12.67702772, "centroid_x": -45.709371, "centroid_y": -12.676848, "talhao": "PL LOTE 01" }, "geometry": { "type": "MultiPolygon", "coordinates": [ [ [ [ -45.70955066, -12.676668396 ], [ -45.709191336, -12.676668396 ], [ -45.709191336, -12.67702772 ], [ -45.70955066, -12.67702772 ], [ -45.70955066, -12.676668396 ] ] ] ] } },
{ "type": "Feature", "properties": { "id": 201886, "left": -45.70955066, "top": -12.67702772, "right": -45.709191335999996, "bottom": -12.677387044, "centroid_x": -45.709371, "centroid_y": -12.677207, "talhao": "PL LOTE 01" }, "geometry": { "type": "MultiPolygon", "coordinates": [ [ [ [ -45.70955066, -12.67702772 ], [ -45.709191336, -12.67702772 ], [ -45.709191336, -12.677387044 ], [ -45.70955066, -12.677387044 ], [ -45.70955066, -12.67702772 ] ] ] ] } },
{ "type": "Feature", "properties": { "id": 201887, "left": -45.70955066, "top": -12.677387044, "right": -45.709191335999996, "bottom": -12.677746368, "centroid_x": -45.709371, "centroid_y": -12.677567, "talhao": "PL LOTE 01" }, "geometry": { "type": "MultiPolygon", "coordinates": [ [ [ [ -45.70955066, -12.677387044 ], [ -45.709191336, -12.677387044 ], [ -45.709191336, -12.677746368 ], [ -45.70955066, -12.677746368 ], [ -45.70955066, -12.677387044 ] ] ] ] } },
{ "type": "Feature", "properties": { "id": 201888, "left": -45.70955066, "top": -12.677746368, "right": -45.709191335999996, "bottom": -12.678105692000001, "centroid_x": -45.709371, "centroid_y": -12.677926, "talhao": "PL LOTE 01" }, "geometry": { "type": "MultiPolygon", "coordinates": [ [ [ [ -45.70955066, -12.677746368 ], [ -45.709191336, -12.677746368 ], [ -45.709191336, -12.678105692 ], [ -45.70955066, -12.678105692 ], [ -45.70955066, -12.677746368 ] ] ] ] } },
{ "type": "Feature", "properties": { "id": 201889, "left": -45.70955066, "top": -12.678105692000001, "right": -45.709191335999996, "bottom": -12.678465016000001, "centroid_x": -45.709371, "centroid_y": -12.678285, "talhao": "PL LOTE 01" }, "geometry": { "type": "MultiPolygon", "coordinates": [ [ [ [ -45.70955066, -12.678105692 ], [ -45.709191336, -12.678105692 ], [ -45.709191336, -12.678465016 ], [ -45.70955066, -12.678465016 ], [ -45.70955066, -12.678105692 ] ] ] ] } },
{ "type": "Feature", "properties": { "id": 201890, "left": -45.70955066, "top": -12.678465016000001, "right": -45.709191335999996, "bottom": -12.67882434, "centroid_x": -45.709371, "centroid_y": -12.678645, "talhao": "PL LOTE 01" }, "geometry": { "type": "MultiPolygon", "coordinates": [ [ [ [ -45.70955066, -12.678465016 ], [ -45.709191336, -12.678465016 ], [ -45.709191336, -12.67882434 ], [ -45.70955066, -12.67882434 ], [ -45.70955066, -12.678465016 ] ] ] ] } },
{ "type": "Feature", "properties": { "id": 201891, "left": -45.70955066, "top": -12.67882434, "right": -45.709191335999996, "bottom": -12.679183664, "centroid_x": -45.709371, "centroid_y": -12.679004, "talhao": "PL LOTE 01" }, "geometry": { "type": "MultiPolygon", "coordinates": [ [ [ [ -45.70955066, -12.67882434 ], [ -45.709191336, -12.67882434 ], [ -45.709191336, -12.679183664 ], [ -45.70955066, -12.679183664 ], [ -45.70955066, -12.67882434 ] ] ] ] } },
{ "type": "Feature", "properties": { "id": 201892, "left": -45.70955066, "top": -12.679183664, "right": -45.709191335999996, "bottom": -12.679542988, "centroid_x": -45.709371, "centroid_y": -12.679363, "talhao": "PL LOTE 01" }, "geometry": { "type": "MultiPolygon", "coordinates": [ [ [ [ -45.70955066, -12.679183664 ], [ -45.709191336, -12.679183664 ], [ -45.709191336, -12.679542988 ], [ -45.70955066, -12.679542988 ], [ -45.70955066, -12.679183664 ] ] ] ] } },
{ "type": "Feature", "properties": { "id": 201893, "left": -45.70955066, "top": -12.679542988, "right": -45.709191335999996, "bottom": -12.679902312, "centroid_x": -45.709371, "centroid_y": -12.679723, "talhao": "PL LOTE 01" }, "geometry": { "type": "MultiPolygon", "coordinates": [ [ [ [ -45.70955066, -12.679542988 ], [ -45.709191336, -12.679542988 ], [ -45.709191336, -12.679902312 ], [ -45.70955066, -12.679902312 ], [ -45.70955066, -12.679542988 ] ] ] ] } },
{ "type": "Feature", "properties": { "id": 201894, "left": -45.70955066, "top": -12.679902312, "right": -45.709191335999996, "bottom": -12.680261636, "centroid_x": -45.709371, "centroid_y": -12.680082, "talhao": "PL LOTE 01" }, "geometry": { "type": "MultiPolygon", "coordinates": [ [ [ [ -45.70955066, -12.679902312 ], [ -45.709191336, -12.679902312 ], [ -45.709191336, -12.680261636 ], [ -45.70955066, -12.680261636 ], [ -45.70955066, -12.679902312 ] ] ] ] } },
{ "type": "Feature", "properties": { "id": 201895, "left": -45.70955066, "top": -12.680261636, "right": -45.709191335999996, "bottom": -12.68062096, "centroid_x": -45.709371, "centroid_y": -12.680441, "talhao": "PL LOTE 01" }, "geometry": { "type": "MultiPolygon", "coordinates": [ [ [ [ -45.70955066, -12.680261636 ], [ -45.709191336, -12.680261636 ], [ -45.709191336, -12.68062096 ], [ -45.70955066, -12.68062096 ], [ -45.70955066, -12.680261636 ] ] ] ] } },
{ "type": "Feature", "properties": { "id": 201896, "left": -45.70955066, "top": -12.68062096, "right": -45.709191335999996, "bottom": -12.680980284, "centroid_x": -45.709371, "centroid_y": -12.680801, "talhao": "PL LOTE 01" }, "geometry": { "type": "MultiPolygon", "coordinates": [ [ [ [ -45.70955066, -12.68062096 ], [ -45.709191336, -12.68062096 ], [ -45.709191336, -12.680980284 ], [ -45.70955066, -12.680980284 ], [ -45.70955066, -12.68062096 ] ] ] ] } },
{ "type": "Feature", "properties": { "id": 201897, "left": -45.70955066, "top": -12.680980284, "right": -45.709191335999996, "bottom": -12.681339608, "centroid_x": -45.709371, "centroid_y": -12.68116, "talhao": "PL LOTE 01" }, "geometry": { "type": "MultiPolygon", "coordinates": [ [ [ [ -45.70955066, -12.680980284 ], [ -45.709191336, -12.680980284 ], [ -45.709191336, -12.681339608 ], [ -45.70955066, -12.681339608 ], [ -45.70955066, -12.680980284 ] ] ] ] } },
{ "type": "Feature", "properties": { "id": 201898, "left": -45.70955066, "top": -12.681339608, "right": -45.709191335999996, "bottom": -12.681698932, "centroid_x": -45.709371, "centroid_y": -12.681519, "talhao": "PL LOTE 01" }, "geometry": { "type": "MultiPolygon", "coordinates": [ [ [ [ -45.70955066, -12.681339608 ], [ -45.709191336, -12.681339608 ], [ -45.709191336, -12.681698932 ], [ -45.70955066, -12.681698932 ], [ -45.70955066, -12.681339608 ] ] ] ] } },
{ "type": "Feature", "properties": { "id": 201899, "left": -45.70955066, "top": -12.681698932, "right": -45.709191335999996, "bottom": -12.682058256, "centroid_x": -45.709371, "centroid_y": -12.681879, "talhao": "PL LOTE 01" }, "geometry": { "type": "MultiPolygon", "coordinates": [ [ [ [ -45.70955066, -12.681698932 ], [ -45.709191336, -12.681698932 ], [ -45.709191336, -12.682058256 ], [ -45.70955066, -12.682058256 ], [ -45.70955066, -12.681698932 ] ] ] ] } },
{ "type": "Feature", "properties": { "id": 201900, "left": -45.70955066, "top": -12.682058256, "right": -45.709191335999996, "bottom": -12.68241758, "centroid_x": -45.709371, "centroid_y": -12.682238, "talhao": "PL LOTE 01" }, "geometry": { "type": "MultiPolygon", "coordinates": [ [ [ [ -45.70955066, -12.682058256 ], [ -45.709191336, -12.682058256 ], [ -45.709191336, -12.68241758 ], [ -45.70955066, -12.68241758 ], [ -45.70955066, -12.682058256 ] ] ] ] } },
{ "type": "Feature", "properties": { "id": 201901, "left": -45.70955066, "top": -12.68241758, "right": -45.709191335999996, "bottom": -12.682776904000001, "centroid_x": -45.709371, "centroid_y": -12.682597, "talhao": "PL LOTE 01" }, "geometry": { "type": "MultiPolygon", "coordinates": [ [ [ [ -45.70955066, -12.68241758 ], [ -45.709191336, -12.68241758 ], [ -45.709191336, -12.682776904 ], [ -45.70955066, -12.682776904 ], [ -45.70955066, -12.68241758 ] ] ] ] } },
{ "type": "Feature", "properties": { "id": 201902, "left": -45.70955066, "top": -12.682776904000001, "right": -45.709191335999996, "bottom": -12.683136228, "centroid_x": -45.709389, "centroid_y": -12.682926, "talhao": "PL LOTE 01" }, "geometry": { "type": "MultiPolygon", "coordinates": [ [ [ [ -45.70948, -12.683123 ], [ -45.709505061595436, -12.683136228 ], [ -45.70955066, -12.683136228 ], [ -45.70955066, -12.682776904 ], [ -45.709191336, -12.682776904 ], [ -45.709191336, -12.682973978512635 ], [ -45.70948, -12.683123 ] ] ] ] } },
{ "type": "Feature", "properties": { "id": 201903, "left": -45.70955066, "top": -12.683136228, "right": -45.709191335999996, "bottom": -12.683495551999998, "centroid_x": -45.709535, "centroid_y": -12.683144, "talhao": "PL LOTE 01" }, "geometry": { "type": "MultiPolygon", "coordinates": [ [ [ [ -45.70955066, -12.683160295729323 ], [ -45.70955066, -12.683136228 ], [ -45.709505061595436, -12.683136228 ], [ -45.70955066, -12.683160295729323 ] ] ] ] } },
{ "type": "Feature", "properties": { "id": 201912, "left": -45.709191336000004, "top": -12.667325972, "right": -45.708832012000002, "bottom": -12.667685295999998, "centroid_x": -45.708917, "centroid_y": -12.667614, "talhao": "PL LOTE 01" }, "geometry": { "type": "MultiPolygon", "coordinates": [ [ [ [ -45.708832012, -12.667471857256608 ], [ -45.708832012, -12.667685296 ], [ -45.709086395177728, -12.667685296 ], [ -45.708832012, -12.667471857256608 ] ] ] ] } },
{ "type": "Feature", "properties": { "id": 201913, "left": -45.709191336000004, "top": -12.667685296, "right": -45.708832012000002, "bottom": -12.66804462, "centroid_x": -45.709006, "centroid_y": -12.667871, "talhao": "PL LOTE 01" }, "geometry": { "type": "MultiPolygon", "coordinates": [ [ [ [ -45.709086395177735, -12.667685296 ], [ -45.708832012, -12.667685296 ], [ -45.708832012, -12.66804462 ], [ -45.709191336, -12.66804462 ], [ -45.709191336, -12.667773345993856 ], [ -45.709086395177735, -12.667685296 ] ] ] ] } },
{ "type": "Feature", "properties": { "id": 201914, "left": -45.709191336000004, "top": -12.66804462, "right": -45.708832012000002, "bottom": -12.668403944, "centroid_x": -45.709012, "centroid_y": -12.668224, "talhao": "PL LOTE 01" }, "geometry": { "type": "MultiPolygon", "coordinates": [ [ [ [ -45.709191336, -12.66804462 ], [ -45.708832012, -12.66804462 ], [ -45.708832012, -12.668403944 ], [ -45.709191336, -12.668403944 ], [ -45.709191336, -12.66804462 ] ] ] ] } },
{ "type": "Feature", "properties": { "id": 201915, "left": -45.709191336000004, "top": -12.668403944, "right": -45.708832012000002, "bottom": -12.668763268, "centroid_x": -45.709012, "centroid_y": -12.668584, "talhao": "PL LOTE 01" }, "geometry": { "type": "MultiPolygon", "coordinates": [ [ [ [ -45.709191336, -12.668403944 ], [ -45.708832012, -12.668403944 ], [ -45.708832012, -12.668763268 ], [ -45.709191336, -12.668763268 ], [ -45.709191336, -12.668403944 ] ] ] ] } },
{ "type": "Feature", "properties": { "id": 201916, "left": -45.709191336000004, "top": -12.668763268, "right": -45.708832012000002, "bottom": -12.669122592000001, "centroid_x": -45.709012, "centroid_y": -12.668943, "talhao": "PL LOTE 01" }, "geometry": { "type": "MultiPolygon", "coordinates": [ [ [ [ -45.709191336, -12.668763268 ], [ -45.708832012, -12.668763268 ], [ -45.708832012, -12.669122592 ], [ -45.709191336, -12.669122592 ], [ -45.709191336, -12.668763268 ] ] ] ] } },
{ "type": "Feature", "properties": { "id": 201917, "left": -45.709191336000004, "top": -12.669122592000001, "right": -45.708832012000002, "bottom": -12.669481916000001, "centroid_x": -45.709012, "centroid_y": -12.669302, "talhao": "PL LOTE 01" }, "geometry": { "type": "MultiPolygon", "coordinates": [ [ [ [ -45.709191336, -12.669122592 ], [ -45.708832012, -12.669122592 ], [ -45.708832012, -12.669481916 ], [ -45.709191336, -12.669481916 ], [ -45.709191336, -12.669122592 ] ] ] ] } },
{ "type": "Feature", "properties": { "id": 201918, "left": -45.709191336000004, "top": -12.669481916000001, "right": -45.708832012000002, "bottom": -12.66984124, "centroid_x": -45.709012, "centroid_y": -12.669662, "talhao": "PL LOTE 01" }, "geometry": { "type": "MultiPolygon", "coordinates": [ [ [ [ -45.709191336, -12.669481916 ], [ -45.708832012, -12.669481916 ], [ -45.708832012, -12.66984124 ], [ -45.709191336, -12.66984124 ], [ -45.709191336, -12.669481916 ] ] ] ] } },
{ "type": "Feature", "properties": { "id": 201919, "left": -45.709191336000004, "top": -12.66984124, "right": -45.708832012000002, "bottom": -12.670200564, "centroid_x": -45.709012, "centroid_y": -12.670021, "talhao": "PL LOTE 01" }, "geometry": { "type": "MultiPolygon", "coordinates": [ [ [ [ -45.709191336, -12.66984124 ], [ -45.708832012, -12.66984124 ], [ -45.708832012, -12.670200564 ], [ -45.709191336, -12.670200564 ], [ -45.709191336, -12.66984124 ] ] ] ] } },
{ "type": "Feature", "properties": { "id": 201920, "left": -45.709191336000004, "top": -12.670200564, "right": -45.708832012000002, "bottom": -12.670559888, "centroid_x": -45.709012, "centroid_y": -12.67038, "talhao": "PL LOTE 01" }, "geometry": { "type": "MultiPolygon", "coordinates": [ [ [ [ -45.709191336, -12.670200564 ], [ -45.708832012, -12.670200564 ], [ -45.708832012, -12.670559888 ], [ -45.709191336, -12.670559888 ], [ -45.709191336, -12.670200564 ] ] ] ] } },
{ "type": "Feature", "properties": { "id": 201921, "left": -45.709191336000004, "top": -12.670559888, "right": -45.708832012000002, "bottom": -12.670919212, "centroid_x": -45.709012, "centroid_y": -12.67074, "talhao": "PL LOTE 01" }, "geometry": { "type": "MultiPolygon", "coordinates": [ [ [ [ -45.709191336, -12.670559888 ], [ -45.708832012, -12.670559888 ], [ -45.708832012, -12.670919212 ], [ -45.709191336, -12.670919212 ], [ -45.709191336, -12.670559888 ] ] ] ] } },
{ "type": "Feature", "properties": { "id": 201922, "left": -45.709191336000004, "top": -12.670919212, "right": -45.708832012000002, "bottom": -12.671278536000001, "centroid_x": -45.709012, "centroid_y": -12.671099, "talhao": "PL LOTE 01" }, "geometry": { "type": "MultiPolygon", "coordinates": [ [ [ [ -45.709191336, -12.670919212 ], [ -45.708832012, -12.670919212 ], [ -45.708832012, -12.671278536 ], [ -45.709191336, -12.671278536 ], [ -45.709191336, -12.670919212 ] ] ] ] } },
{ "type": "Feature", "properties": { "id": 201923, "left": -45.709191336000004, "top": -12.671278536000001, "right": -45.708832012000002, "bottom": -12.67163786, "centroid_x": -45.709012, "centroid_y": -12.671458, "talhao": "PL LOTE 01" }, "geometry": { "type": "MultiPolygon", "coordinates": [ [ [ [ -45.709191336, -12.671278536 ], [ -45.708832012, -12.671278536 ], [ -45.708832012, -12.67163786 ], [ -45.709191336, -12.67163786 ], [ -45.709191336, -12.671278536 ] ] ] ] } },
{ "type": "Feature", "properties": { "id": 201924, "left": -45.709191336000004, "top": -12.67163786, "right": -45.708832012000002, "bottom": -12.671997184, "centroid_x": -45.709012, "centroid_y": -12.671818, "talhao": "PL LOTE 01" }, "geometry": { "type": "MultiPolygon", "coordinates": [ [ [ [ -45.709191336, -12.67163786 ], [ -45.708832012, -12.67163786 ], [ -45.708832012, -12.671997184 ], [ -45.709191336, -12.671997184 ], [ -45.709191336, -12.67163786 ] ] ] ] } },
{ "type": "Feature", "properties": { "id": 201925, "left": -45.709191336000004, "top": -12.671997184, "right": -45.708832012000002, "bottom": -12.672356508, "centroid_x": -45.709012, "centroid_y": -12.672177, "talhao": "PL LOTE 01" }, "geometry": { "type": "MultiPolygon", "coordinates": [ [ [ [ -45.709191336, -12.671997184 ], [ -45.708832012, -12.671997184 ], [ -45.708832012, -12.672356508 ], [ -45.709191336, -12.672356508 ], [ -45.709191336, -12.671997184 ] ] ] ] } },
{ "type": "Feature", "properties": { "id": 201926, "left": -45.709191336000004, "top": -12.672356508, "right": -45.708832012000002, "bottom": -12.672715832, "centroid_x": -45.709012, "centroid_y": -12.672536, "talhao": "PL LOTE 01" }, "geometry": { "type": "MultiPolygon", "coordinates": [ [ [ [ -45.709191336, -12.672356508 ], [ -45.708832012, -12.672356508 ], [ -45.708832012, -12.672715832 ], [ -45.709191336, -12.672715832 ], [ -45.709191336, -12.672356508 ] ] ] ] } },
{ "type": "Feature", "properties": { "id": 201927, "left": -45.709191336000004, "top": -12.672715832, "right": -45.708832012000002, "bottom": -12.673075156, "centroid_x": -45.709012, "centroid_y": -12.672895, "talhao": "PL LOTE 01" }, "geometry": { "type": "MultiPolygon", "coordinates": [ [ [ [ -45.709191336, -12.672715832 ], [ -45.708832012, -12.672715832 ], [ -45.708832012, -12.673075156 ], [ -45.709191336, -12.673075156 ], [ -45.709191336, -12.672715832 ] ] ] ] } },
{ "type": "Feature", "properties": { "id": 201928, "left": -45.709191336000004, "top": -12.673075156, "right": -45.708832012000002, "bottom": -12.67343448, "centroid_x": -45.709012, "centroid_y": -12.673255, "talhao": "PL LOTE 01" }, "geometry": { "type": "MultiPolygon", "coordinates": [ [ [ [ -45.709191336, -12.673075156 ], [ -45.708832012, -12.673075156 ], [ -45.708832012, -12.67343448 ], [ -45.709191336, -12.67343448 ], [ -45.709191336, -12.673075156 ] ] ] ] } },
{ "type": "Feature", "properties": { "id": 201929, "left": -45.709191336000004, "top": -12.67343448, "right": -45.708832012000002, "bottom": -12.673793804000001, "centroid_x": -45.709012, "centroid_y": -12.673614, "talhao": "PL LOTE 01" }, "geometry": { "type": "MultiPolygon", "coordinates": [ [ [ [ -45.709191336, -12.67343448 ], [ -45.708832012, -12.67343448 ], [ -45.708832012, -12.673793804 ], [ -45.709191336, -12.673793804 ], [ -45.709191336, -12.67343448 ] ] ] ] } },
{ "type": "Feature", "properties": { "id": 201930, "left": -45.709191336000004, "top": -12.673793804000001, "right": -45.708832012000002, "bottom": -12.674153128, "centroid_x": -45.709012, "centroid_y": -12.673973, "talhao": "PL LOTE 01" }, "geometry": { "type": "MultiPolygon", "coordinates": [ [ [ [ -45.709191336, -12.673793804 ], [ -45.708832012, -12.673793804 ], [ -45.708832012, -12.674153128 ], [ -45.709191336, -12.674153128 ], [ -45.709191336, -12.673793804 ] ] ] ] } },
{ "type": "Feature", "properties": { "id": 201931, "left": -45.709191336000004, "top": -12.674153128, "right": -45.708832012000002, "bottom": -12.674512452, "centroid_x": -45.709012, "centroid_y": -12.674333, "talhao": "PL LOTE 01" }, "geometry": { "type": "MultiPolygon", "coordinates": [ [ [ [ -45.709191336, -12.674153128 ], [ -45.708832012, -12.674153128 ], [ -45.708832012, -12.674512452 ], [ -45.709191336, -12.674512452 ], [ -45.709191336, -12.674153128 ] ] ] ] } },
{ "type": "Feature", "properties": { "id": 201932, "left": -45.709191336000004, "top": -12.674512452, "right": -45.708832012000002, "bottom": -12.674871776, "centroid_x": -45.709012, "centroid_y": -12.674692, "talhao": "PL LOTE 01" }, "geometry": { "type": "MultiPolygon", "coordinates": [ [ [ [ -45.709191336, -12.674512452 ], [ -45.708832012, -12.674512452 ], [ -45.708832012, -12.674871776 ], [ -45.709191336, -12.674871776 ], [ -45.709191336, -12.674512452 ] ] ] ] } },
{ "type": "Feature", "properties": { "id": 201933, "left": -45.709191336000004, "top": -12.674871776, "right": -45.708832012000002, "bottom": -12.6752311, "centroid_x": -45.709012, "centroid_y": -12.675051, "talhao": "PL LOTE 01" }, "geometry": { "type": "MultiPolygon", "coordinates": [ [ [ [ -45.709191336, -12.674871776 ], [ -45.708832012, -12.674871776 ], [ -45.708832012, -12.6752311 ], [ -45.709191336, -12.6752311 ], [ -45.709191336, -12.674871776 ] ] ] ] } },
{ "type": "Feature", "properties": { "id": 201934, "left": -45.709191336000004, "top": -12.6752311, "right": -45.708832012000002, "bottom": -12.675590424, "centroid_x": -45.709012, "centroid_y": -12.675411, "talhao": "PL LOTE 01" }, "geometry": { "type": "MultiPolygon", "coordinates": [ [ [ [ -45.709191336, -12.6752311 ], [ -45.708832012, -12.6752311 ], [ -45.708832012, -12.675590424 ], [ -45.709191336, -12.675590424 ], [ -45.709191336, -12.6752311 ] ] ] ] } },
{ "type": "Feature", "properties": { "id": 201935, "left": -45.709191336000004, "top": -12.675590424, "right": -45.708832012000002, "bottom": -12.675949748000001, "centroid_x": -45.709012, "centroid_y": -12.67577, "talhao": "PL LOTE 01" }, "geometry": { "type": "MultiPolygon", "coordinates": [ [ [ [ -45.709191336, -12.675590424 ], [ -45.708832012, -12.675590424 ], [ -45.708832012, -12.675949748 ], [ -45.709191336, -12.675949748 ], [ -45.709191336, -12.675590424 ] ] ] ] } },
{ "type": "Feature", "properties": { "id": 201936, "left": -45.709191336000004, "top": -12.675949748000001, "right": -45.708832012000002, "bottom": -12.676309072, "centroid_x": -45.709012, "centroid_y": -12.676129, "talhao": "PL LOTE 01" }, "geometry": { "type": "MultiPolygon", "coordinates": [ [ [ [ -45.709191336, -12.675949748 ], [ -45.708832012, -12.675949748 ], [ -45.708832012, -12.676309072 ], [ -45.709191336, -12.676309072 ], [ -45.709191336, -12.675949748 ] ] ] ] } },
{ "type": "Feature", "properties": { "id": 201937, "left": -45.709191336000004, "top": -12.676309072, "right": -45.708832012000002, "bottom": -12.676668395999998, "centroid_x": -45.709012, "centroid_y": -12.676489, "talhao": "PL LOTE 01" }, "geometry": { "type": "MultiPolygon", "coordinates": [ [ [ [ -45.709191336, -12.676309072 ], [ -45.708832012, -12.676309072 ], [ -45.708832012, -12.676668396 ], [ -45.709191336, -12.676668396 ], [ -45.709191336, -12.676309072 ] ] ] ] } },
{ "type": "Feature", "properties": { "id": 201938, "left": -45.709191336000004, "top": -12.676668396, "right": -45.708832012000002, "bottom": -12.67702772, "centroid_x": -45.709012, "centroid_y": -12.676848, "talhao": "PL LOTE 01" }, "geometry": { "type": "MultiPolygon", "coordinates": [ [ [ [ -45.709191336, -12.676668396 ], [ -45.708832012, -12.676668396 ], [ -45.708832012, -12.67702772 ], [ -45.709191336, -12.67702772 ], [ -45.709191336, -12.676668396 ] ] ] ] } },
{ "type": "Feature", "properties": { "id": 201939, "left": -45.709191336000004, "top": -12.67702772, "right": -45.708832012000002, "bottom": -12.677387044, "centroid_x": -45.709012, "centroid_y": -12.677207, "talhao": "PL LOTE 01" }, "geometry": { "type": "MultiPolygon", "coordinates": [ [ [ [ -45.709191336, -12.67702772 ], [ -45.708832012, -12.67702772 ], [ -45.708832012, -12.677387044 ], [ -45.709191336, -12.677387044 ], [ -45.709191336, -12.67702772 ] ] ] ] } },
{ "type": "Feature", "properties": { "id": 201940, "left": -45.709191336000004, "top": -12.677387044, "right": -45.708832012000002, "bottom": -12.677746368, "centroid_x": -45.709012, "centroid_y": -12.677567, "talhao": "PL LOTE 01" }, "geometry": { "type": "MultiPolygon", "coordinates": [ [ [ [ -45.709191336, -12.677387044 ], [ -45.708832012, -12.677387044 ], [ -45.708832012, -12.677746368 ], [ -45.709191336, -12.677746368 ], [ -45.709191336, -12.677387044 ] ] ] ] } },
{ "type": "Feature", "properties": { "id": 201941, "left": -45.709191336000004, "top": -12.677746368, "right": -45.708832012000002, "bottom": -12.678105692000001, "centroid_x": -45.709012, "centroid_y": -12.677926, "talhao": "PL LOTE 01" }, "geometry": { "type": "MultiPolygon", "coordinates": [ [ [ [ -45.709191336, -12.677746368 ], [ -45.708832012, -12.677746368 ], [ -45.708832012, -12.678105692 ], [ -45.709191336, -12.678105692 ], [ -45.709191336, -12.677746368 ] ] ] ] } },
{ "type": "Feature", "properties": { "id": 201942, "left": -45.709191336000004, "top": -12.678105692000001, "right": -45.708832012000002, "bottom": -12.678465016000001, "centroid_x": -45.709012, "centroid_y": -12.678285, "talhao": "PL LOTE 01" }, "geometry": { "type": "MultiPolygon", "coordinates": [ [ [ [ -45.709191336, -12.678105692 ], [ -45.708832012, -12.678105692 ], [ -45.708832012, -12.678465016 ], [ -45.709191336, -12.678465016 ], [ -45.709191336, -12.678105692 ] ] ] ] } },
{ "type": "Feature", "properties": { "id": 201943, "left": -45.709191336000004, "top": -12.678465016000001, "right": -45.708832012000002, "bottom": -12.67882434, "centroid_x": -45.709012, "centroid_y": -12.678645, "talhao": "PL LOTE 01" }, "geometry": { "type": "MultiPolygon", "coordinates": [ [ [ [ -45.709191336, -12.678465016 ], [ -45.708832012, -12.678465016 ], [ -45.708832012, -12.67882434 ], [ -45.709191336, -12.67882434 ], [ -45.709191336, -12.678465016 ] ] ] ] } },
{ "type": "Feature", "properties": { "id": 201944, "left": -45.709191336000004, "top": -12.67882434, "right": -45.708832012000002, "bottom": -12.679183664, "centroid_x": -45.709012, "centroid_y": -12.679004, "talhao": "PL LOTE 01" }, "geometry": { "type": "MultiPolygon", "coordinates": [ [ [ [ -45.709191336, -12.67882434 ], [ -45.708832012, -12.67882434 ], [ -45.708832012, -12.679183664 ], [ -45.709191336, -12.679183664 ], [ -45.709191336, -12.67882434 ] ] ] ] } },
{ "type": "Feature", "properties": { "id": 201945, "left": -45.709191336000004, "top": -12.679183664, "right": -45.708832012000002, "bottom": -12.679542988, "centroid_x": -45.709012, "centroid_y": -12.679363, "talhao": "PL LOTE 01" }, "geometry": { "type": "MultiPolygon", "coordinates": [ [ [ [ -45.709191336, -12.679183664 ], [ -45.708832012, -12.679183664 ], [ -45.708832012, -12.679542988 ], [ -45.709191336, -12.679542988 ], [ -45.709191336, -12.679183664 ] ] ] ] } },
{ "type": "Feature", "properties": { "id": 201946, "left": -45.709191336000004, "top": -12.679542988, "right": -45.708832012000002, "bottom": -12.679902312, "centroid_x": -45.709012, "centroid_y": -12.679723, "talhao": "PL LOTE 01" }, "geometry": { "type": "MultiPolygon", "coordinates": [ [ [ [ -45.709191336, -12.679542988 ], [ -45.708832012, -12.679542988 ], [ -45.708832012, -12.679902312 ], [ -45.709191336, -12.679902312 ], [ -45.709191336, -12.679542988 ] ] ] ] } },
{ "type": "Feature", "properties": { "id": 201947, "left": -45.709191336000004, "top": -12.679902312, "right": -45.708832012000002, "bottom": -12.680261636, "centroid_x": -45.709012, "centroid_y": -12.680082, "talhao": "PL LOTE 01" }, "geometry": { "type": "MultiPolygon", "coordinates": [ [ [ [ -45.709191336, -12.679902312 ], [ -45.708832012, -12.679902312 ], [ -45.708832012, -12.680261636 ], [ -45.709191336, -12.680261636 ], [ -45.709191336, -12.679902312 ] ] ] ] } },
{ "type": "Feature", "properties": { "id": 201948, "left": -45.709191336000004, "top": -12.680261636, "right": -45.708832012000002, "bottom": -12.68062096, "centroid_x": -45.709012, "centroid_y": -12.680441, "talhao": "PL LOTE 01" }, "geometry": { "type": "MultiPolygon", "coordinates": [ [ [ [ -45.709191336, -12.680261636 ], [ -45.708832012, -12.680261636 ], [ -45.708832012, -12.68062096 ], [ -45.709191336, -12.68062096 ], [ -45.709191336, -12.680261636 ] ] ] ] } },
{ "type": "Feature", "properties": { "id": 201949, "left": -45.709191336000004, "top": -12.68062096, "right": -45.708832012000002, "bottom": -12.680980284, "centroid_x": -45.709012, "centroid_y": -12.680801, "talhao": "PL LOTE 01" }, "geometry": { "type": "MultiPolygon", "coordinates": [ [ [ [ -45.709191336, -12.68062096 ], [ -45.708832012, -12.68062096 ], [ -45.708832012, -12.680980284 ], [ -45.709191336, -12.680980284 ], [ -45.709191336, -12.68062096 ] ] ] ] } },
{ "type": "Feature", "properties": { "id": 201950, "left": -45.709191336000004, "top": -12.680980284, "right": -45.708832012000002, "bottom": -12.681339608, "centroid_x": -45.709012, "centroid_y": -12.68116, "talhao": "PL LOTE 01" }, "geometry": { "type": "MultiPolygon", "coordinates": [ [ [ [ -45.709191336, -12.680980284 ], [ -45.708832012, -12.680980284 ], [ -45.708832012, -12.681339608 ], [ -45.709191336, -12.681339608 ], [ -45.709191336, -12.680980284 ] ] ] ] } },
{ "type": "Feature", "properties": { "id": 201951, "left": -45.709191336000004, "top": -12.681339608, "right": -45.708832012000002, "bottom": -12.681698932, "centroid_x": -45.709012, "centroid_y": -12.681519, "talhao": "PL LOTE 01" }, "geometry": { "type": "MultiPolygon", "coordinates": [ [ [ [ -45.709191336, -12.681339608 ], [ -45.708832012, -12.681339608 ], [ -45.708832012, -12.681698932 ], [ -45.709191336, -12.681698932 ], [ -45.709191336, -12.681339608 ] ] ] ] } },
{ "type": "Feature", "properties": { "id": 201952, "left": -45.709191336000004, "top": -12.681698932, "right": -45.708832012000002, "bottom": -12.682058256, "centroid_x": -45.709012, "centroid_y": -12.681879, "talhao": "PL LOTE 01" }, "geometry": { "type": "MultiPolygon", "coordinates": [ [ [ [ -45.709191336, -12.681698932 ], [ -45.708832012, -12.681698932 ], [ -45.708832012, -12.682058256 ], [ -45.709191336, -12.682058256 ], [ -45.709191336, -12.681698932 ] ] ] ] } },
{ "type": "Feature", "properties": { "id": 201953, "left": -45.709191336000004, "top": -12.682058256, "right": -45.708832012000002, "bottom": -12.68241758, "centroid_x": -45.709012, "centroid_y": -12.682238, "talhao": "PL LOTE 01" }, "geometry": { "type": "MultiPolygon", "coordinates": [ [ [ [ -45.709191336, -12.682058256 ], [ -45.708832012, -12.682058256 ], [ -45.708832012, -12.68241758 ], [ -45.709191336, -12.68241758 ], [ -45.709191336, -12.682058256 ] ] ] ] } },
{ "type": "Feature", "properties": { "id": 201954, "left": -45.709191336000004, "top": -12.68241758, "right": -45.708832012000002, "bottom": -12.682776904000001, "centroid_x": -45.709012, "centroid_y": -12.682597, "talhao": "PL LOTE 01" }, "geometry": { "type": "MultiPolygon", "coordinates": [ [ [ [ -45.709191336, -12.68241758 ], [ -45.708832012, -12.68241758 ], [ -45.708832012, -12.682776904 ], [ -45.709191336, -12.682776904 ], [ -45.709191336, -12.68241758 ] ] ] ] } },
{ "type": "Feature", "properties": { "id": 201955, "left": -45.709191336000004, "top": -12.682776904000001, "right": -45.708832012000002, "bottom": -12.683136228, "centroid_x": -45.709065, "centroid_y": -12.682843, "talhao": "PL LOTE 01" }, "geometry": { "type": "MultiPolygon", "coordinates": [ [ [ [ -45.709191336, -12.682973978512639 ], [ -45.709191336, -12.682776904 ], [ -45.708832012, -12.682776904 ], [ -45.708832012, -12.682788479119136 ], [ -45.709191336, -12.682973978512639 ] ] ] ] } },
{ "type": "Feature", "properties": { "id": 201964, "left": -45.708832012000002, "top": -12.666966648000001, "right": -45.708472688000001, "bottom": -12.667325972, "centroid_x": -45.708535, "centroid_y": -12.667274, "talhao": "PL LOTE 01" }, "geometry": { "type": "MultiPolygon", "coordinates": [ [ [ [ -45.708472688, -12.667170368519361 ], [ -45.708472688, -12.667325972 ], [ -45.708658141246403, -12.667325972 ], [ -45.708472688, -12.667170368519361 ] ] ] ] } },
{ "type": "Feature", "properties": { "id": 201965, "left": -45.708832012000002, "top": -12.667325972, "right": -45.708472688000001, "bottom": -12.667685295999998, "centroid_x": -45.708639, "centroid_y": -12.66752, "talhao": "PL LOTE 01" }, "geometry": { "type": "MultiPolygon", "coordinates": [ [ [ [ -45.708658141246403, -12.667325972 ], [ -45.708472688, -12.667325972 ], [ -45.708472688, -12.667685296 ], [ -45.708832012, -12.667685296 ], [ -45.708832012, -12.667471857256608 ], [ -45.708658141246403, -12.667325972 ] ] ] ] } },
{ "type": "Feature", "properties": { "id": 201966, "left": -45.708832012000002, "top": -12.667685296, "right": -45.708472688000001, "bottom": -12.66804462, "centroid_x": -45.708652, "centroid_y": -12.667865, "talhao": "PL LOTE 01" }, "geometry": { "type": "MultiPolygon", "coordinates": [ [ [ [ -45.708832012, -12.667685296 ], [ -45.708472688, -12.667685296 ], [ -45.708472688, -12.66804462 ], [ -45.708832012, -12.66804462 ], [ -45.708832012, -12.667685296 ] ] ] ] } },
{ "type": "Feature", "properties": { "id": 201967, "left": -45.708832012000002, "top": -12.66804462, "right": -45.708472688000001, "bottom": -12.668403944, "centroid_x": -45.708652, "centroid_y": -12.668224, "talhao": "PL LOTE 01" }, "geometry": { "type": "MultiPolygon", "coordinates": [ [ [ [ -45.708832012, -12.66804462 ], [ -45.708472688, -12.66804462 ], [ -45.708472688, -12.668403944 ], [ -45.708832012, -12.668403944 ], [ -45.708832012, -12.66804462 ] ] ] ] } },
{ "type": "Feature", "properties": { "id": 201968, "left": -45.708832012000002, "top": -12.668403944, "right": -45.708472688000001, "bottom": -12.668763268, "centroid_x": -45.708652, "centroid_y": -12.668584, "talhao": "PL LOTE 01" }, "geometry": { "type": "MultiPolygon", "coordinates": [ [ [ [ -45.708832012, -12.668403944 ], [ -45.708472688, -12.668403944 ], [ -45.708472688, -12.668763268 ], [ -45.708832012, -12.668763268 ], [ -45.708832012, -12.668403944 ] ] ] ] } },
{ "type": "Feature", "properties": { "id": 201969, "left": -45.708832012000002, "top": -12.668763268, "right": -45.708472688000001, "bottom": -12.669122592000001, "centroid_x": -45.708652, "centroid_y": -12.668943, "talhao": "PL LOTE 01" }, "geometry": { "type": "MultiPolygon", "coordinates": [ [ [ [ -45.708832012, -12.668763268 ], [ -45.708472688, -12.668763268 ], [ -45.708472688, -12.669122592 ], [ -45.708832012, -12.669122592 ], [ -45.708832012, -12.668763268 ] ] ] ] } },
{ "type": "Feature", "properties": { "id": 201970, "left": -45.708832012000002, "top": -12.669122592000001, "right": -45.708472688000001, "bottom": -12.669481916000001, "centroid_x": -45.708652, "centroid_y": -12.669302, "talhao": "PL LOTE 01" }, "geometry": { "type": "MultiPolygon", "coordinates": [ [ [ [ -45.708832012, -12.669122592 ], [ -45.708472688, -12.669122592 ], [ -45.708472688, -12.669481916 ], [ -45.708832012, -12.669481916 ], [ -45.708832012, -12.669122592 ] ] ] ] } },
{ "type": "Feature", "properties": { "id": 201971, "left": -45.708832012000002, "top": -12.669481916000001, "right": -45.708472688000001, "bottom": -12.66984124, "centroid_x": -45.708652, "centroid_y": -12.669662, "talhao": "PL LOTE 01" }, "geometry": { "type": "MultiPolygon", "coordinates": [ [ [ [ -45.708832012, -12.669481916 ], [ -45.708472688, -12.669481916 ], [ -45.708472688, -12.66984124 ], [ -45.708832012, -12.66984124 ], [ -45.708832012, -12.669481916 ] ] ] ] } },
{ "type": "Feature", "properties": { "id": 201972, "left": -45.708832012000002, "top": -12.66984124, "right": -45.708472688000001, "bottom": -12.670200564, "centroid_x": -45.708652, "centroid_y": -12.670021, "talhao": "PL LOTE 01" }, "geometry": { "type": "MultiPolygon", "coordinates": [ [ [ [ -45.708832012, -12.66984124 ], [ -45.708472688, -12.66984124 ], [ -45.708472688, -12.670200564 ], [ -45.708832012, -12.670200564 ], [ -45.708832012, -12.66984124 ] ] ] ] } },
{ "type": "Feature", "properties": { "id": 201973, "left": -45.708832012000002, "top": -12.670200564, "right": -45.708472688000001, "bottom": -12.670559888, "centroid_x": -45.708652, "centroid_y": -12.67038, "talhao": "PL LOTE 01" }, "geometry": { "type": "MultiPolygon", "coordinates": [ [ [ [ -45.708832012, -12.670200564 ], [ -45.708472688, -12.670200564 ], [ -45.708472688, -12.670559888 ], [ -45.708832012, -12.670559888 ], [ -45.708832012, -12.670200564 ] ] ] ] } },
{ "type": "Feature", "properties": { "id": 201974, "left": -45.708832012000002, "top": -12.670559888, "right": -45.708472688000001, "bottom": -12.670919212, "centroid_x": -45.708652, "centroid_y": -12.67074, "talhao": "PL LOTE 01" }, "geometry": { "type": "MultiPolygon", "coordinates": [ [ [ [ -45.708832012, -12.670559888 ], [ -45.708472688, -12.670559888 ], [ -45.708472688, -12.670919212 ], [ -45.708832012, -12.670919212 ], [ -45.708832012, -12.670559888 ] ] ] ] } },
{ "type": "Feature", "properties": { "id": 201975, "left": -45.708832012000002, "top": -12.670919212, "right": -45.708472688000001, "bottom": -12.671278536000001, "centroid_x": -45.708652, "centroid_y": -12.671099, "talhao": "PL LOTE 01" }, "geometry": { "type": "MultiPolygon", "coordinates": [ [ [ [ -45.708832012, -12.670919212 ], [ -45.708472688, -12.670919212 ], [ -45.708472688, -12.671278536 ], [ -45.708832012, -12.671278536 ], [ -45.708832012, -12.670919212 ] ] ] ] } },
{ "type": "Feature", "properties": { "id": 201976, "left": -45.708832012000002, "top": -12.671278536000001, "right": -45.708472688000001, "bottom": -12.67163786, "centroid_x": -45.708652, "centroid_y": -12.671458, "talhao": "PL LOTE 01" }, "geometry": { "type": "MultiPolygon", "coordinates": [ [ [ [ -45.708832012, -12.671278536 ], [ -45.708472688, -12.671278536 ], [ -45.708472688, -12.67163786 ], [ -45.708832012, -12.67163786 ], [ -45.708832012, -12.671278536 ] ] ] ] } },
{ "type": "Feature", "properties": { "id": 201977, "left": -45.708832012000002, "top": -12.67163786, "right": -45.708472688000001, "bottom": -12.671997184, "centroid_x": -45.708652, "centroid_y": -12.671818, "talhao": "PL LOTE 01" }, "geometry": { "type": "MultiPolygon", "coordinates": [ [ [ [ -45.708832012, -12.67163786 ], [ -45.708472688, -12.67163786 ], [ -45.708472688, -12.671997184 ], [ -45.708832012, -12.671997184 ], [ -45.708832012, -12.67163786 ] ] ] ] } },
{ "type": "Feature", "properties": { "id": 201978, "left": -45.708832012000002, "top": -12.671997184, "right": -45.708472688000001, "bottom": -12.672356508, "centroid_x": -45.708652, "centroid_y": -12.672177, "talhao": "PL LOTE 01" }, "geometry": { "type": "MultiPolygon", "coordinates": [ [ [ [ -45.708832012, -12.671997184 ], [ -45.708472688, -12.671997184 ], [ -45.708472688, -12.672356508 ], [ -45.708832012, -12.672356508 ], [ -45.708832012, -12.671997184 ] ] ] ] } },
{ "type": "Feature", "properties": { "id": 201979, "left": -45.708832012000002, "top": -12.672356508, "right": -45.708472688000001, "bottom": -12.672715832, "centroid_x": -45.708652, "centroid_y": -12.672536, "talhao": "PL LOTE 01" }, "geometry": { "type": "MultiPolygon", "coordinates": [ [ [ [ -45.708832012, -12.672356508 ], [ -45.708472688, -12.672356508 ], [ -45.708472688, -12.672715832 ], [ -45.708832012, -12.672715832 ], [ -45.708832012, -12.672356508 ] ] ] ] } },
{ "type": "Feature", "properties": { "id": 201980, "left": -45.708832012000002, "top": -12.672715832, "right": -45.708472688000001, "bottom": -12.673075156, "centroid_x": -45.708652, "centroid_y": -12.672895, "talhao": "PL LOTE 01" }, "geometry": { "type": "MultiPolygon", "coordinates": [ [ [ [ -45.708832012, -12.672715832 ], [ -45.708472688, -12.672715832 ], [ -45.708472688, -12.673075156 ], [ -45.708832012, -12.673075156 ], [ -45.708832012, -12.672715832 ] ] ] ] } },
{ "type": "Feature", "properties": { "id": 201981, "left": -45.708832012000002, "top": -12.673075156, "right": -45.708472688000001, "bottom": -12.67343448, "centroid_x": -45.708652, "centroid_y": -12.673255, "talhao": "PL LOTE 01" }, "geometry": { "type": "MultiPolygon", "coordinates": [ [ [ [ -45.708832012, -12.673075156 ], [ -45.708472688, -12.673075156 ], [ -45.708472688, -12.67343448 ], [ -45.708832012, -12.67343448 ], [ -45.708832012, -12.673075156 ] ] ] ] } },
{ "type": "Feature", "properties": { "id": 201982, "left": -45.708832012000002, "top": -12.67343448, "right": -45.708472688000001, "bottom": -12.673793804000001, "centroid_x": -45.708652, "centroid_y": -12.673614, "talhao": "PL LOTE 01" }, "geometry": { "type": "MultiPolygon", "coordinates": [ [ [ [ -45.708832012, -12.67343448 ], [ -45.708472688, -12.67343448 ], [ -45.708472688, -12.673793804 ], [ -45.708832012, -12.673793804 ], [ -45.708832012, -12.67343448 ] ] ] ] } },
{ "type": "Feature", "properties": { "id": 201983, "left": -45.708832012000002, "top": -12.673793804000001, "right": -45.708472688000001, "bottom": -12.674153128, "centroid_x": -45.708652, "centroid_y": -12.673973, "talhao": "PL LOTE 01" }, "geometry": { "type": "MultiPolygon", "coordinates": [ [ [ [ -45.708832012, -12.673793804 ], [ -45.708472688, -12.673793804 ], [ -45.708472688, -12.674153128 ], [ -45.708832012, -12.674153128 ], [ -45.708832012, -12.673793804 ] ] ] ] } },
{ "type": "Feature", "properties": { "id": 201984, "left": -45.708832012000002, "top": -12.674153128, "right": -45.708472688000001, "bottom": -12.674512452, "centroid_x": -45.708652, "centroid_y": -12.674333, "talhao": "PL LOTE 01" }, "geometry": { "type": "MultiPolygon", "coordinates": [ [ [ [ -45.708832012, -12.674153128 ], [ -45.708472688, -12.674153128 ], [ -45.708472688, -12.674512452 ], [ -45.708832012, -12.674512452 ], [ -45.708832012, -12.674153128 ] ] ] ] } },
{ "type": "Feature", "properties": { "id": 201985, "left": -45.708832012000002, "top": -12.674512452, "right": -45.708472688000001, "bottom": -12.674871776, "centroid_x": -45.708652, "centroid_y": -12.674692, "talhao": "PL LOTE 01" }, "geometry": { "type": "MultiPolygon", "coordinates": [ [ [ [ -45.708832012, -12.674512452 ], [ -45.708472688, -12.674512452 ], [ -45.708472688, -12.674871776 ], [ -45.708832012, -12.674871776 ], [ -45.708832012, -12.674512452 ] ] ] ] } },
{ "type": "Feature", "properties": { "id": 201986, "left": -45.708832012000002, "top": -12.674871776, "right": -45.708472688000001, "bottom": -12.6752311, "centroid_x": -45.708652, "centroid_y": -12.675051, "talhao": "PL LOTE 01" }, "geometry": { "type": "MultiPolygon", "coordinates": [ [ [ [ -45.708832012, -12.674871776 ], [ -45.708472688, -12.674871776 ], [ -45.708472688, -12.6752311 ], [ -45.708832012, -12.6752311 ], [ -45.708832012, -12.674871776 ] ] ] ] } },
{ "type": "Feature", "properties": { "id": 201987, "left": -45.708832012000002, "top": -12.6752311, "right": -45.708472688000001, "bottom": -12.675590424, "centroid_x": -45.708652, "centroid_y": -12.675411, "talhao": "PL LOTE 01" }, "geometry": { "type": "MultiPolygon", "coordinates": [ [ [ [ -45.708832012, -12.6752311 ], [ -45.708472688, -12.6752311 ], [ -45.708472688, -12.675590424 ], [ -45.708832012, -12.675590424 ], [ -45.708832012, -12.6752311 ] ] ] ] } },
{ "type": "Feature", "properties": { "id": 201988, "left": -45.708832012000002, "top": -12.675590424, "right": -45.708472688000001, "bottom": -12.675949748000001, "centroid_x": -45.708652, "centroid_y": -12.67577, "talhao": "PL LOTE 01" }, "geometry": { "type": "MultiPolygon", "coordinates": [ [ [ [ -45.708832012, -12.675590424 ], [ -45.708472688, -12.675590424 ], [ -45.708472688, -12.675949748 ], [ -45.708832012, -12.675949748 ], [ -45.708832012, -12.675590424 ] ] ] ] } },
{ "type": "Feature", "properties": { "id": 201989, "left": -45.708832012000002, "top": -12.675949748000001, "right": -45.708472688000001, "bottom": -12.676309072, "centroid_x": -45.708652, "centroid_y": -12.676129, "talhao": "PL LOTE 01" }, "geometry": { "type": "MultiPolygon", "coordinates": [ [ [ [ -45.708832012, -12.675949748 ], [ -45.708472688, -12.675949748 ], [ -45.708472688, -12.676309072 ], [ -45.708832012, -12.676309072 ], [ -45.708832012, -12.675949748 ] ] ] ] } },
{ "type": "Feature", "properties": { "id": 201990, "left": -45.708832012000002, "top": -12.676309072, "right": -45.708472688000001, "bottom": -12.676668395999998, "centroid_x": -45.708652, "centroid_y": -12.676489, "talhao": "PL LOTE 01" }, "geometry": { "type": "MultiPolygon", "coordinates": [ [ [ [ -45.708832012, -12.676309072 ], [ -45.708472688, -12.676309072 ], [ -45.708472688, -12.676668396 ], [ -45.708832012, -12.676668396 ], [ -45.708832012, -12.676309072 ] ] ] ] } },
{ "type": "Feature", "properties": { "id": 201991, "left": -45.708832012000002, "top": -12.676668396, "right": -45.708472688000001, "bottom": -12.67702772, "centroid_x": -45.708652, "centroid_y": -12.676848, "talhao": "PL LOTE 01" }, "geometry": { "type": "MultiPolygon", "coordinates": [ [ [ [ -45.708832012, -12.676668396 ], [ -45.708472688, -12.676668396 ], [ -45.708472688, -12.67702772 ], [ -45.708832012, -12.67702772 ], [ -45.708832012, -12.676668396 ] ] ] ] } },
{ "type": "Feature", "properties": { "id": 201992, "left": -45.708832012000002, "top": -12.67702772, "right": -45.708472688000001, "bottom": -12.677387044, "centroid_x": -45.708652, "centroid_y": -12.677207, "talhao": "PL LOTE 01" }, "geometry": { "type": "MultiPolygon", "coordinates": [ [ [ [ -45.708832012, -12.67702772 ], [ -45.708472688, -12.67702772 ], [ -45.708472688, -12.677387044 ], [ -45.708832012, -12.677387044 ], [ -45.708832012, -12.67702772 ] ] ] ] } },
{ "type": "Feature", "properties": { "id": 201993, "left": -45.708832012000002, "top": -12.677387044, "right": -45.708472688000001, "bottom": -12.677746368, "centroid_x": -45.708652, "centroid_y": -12.677567, "talhao": "PL LOTE 01" }, "geometry": { "type": "MultiPolygon", "coordinates": [ [ [ [ -45.708832012, -12.677387044 ], [ -45.708472688, -12.677387044 ], [ -45.708472688, -12.677746368 ], [ -45.708832012, -12.677746368 ], [ -45.708832012, -12.677387044 ] ] ] ] } },
{ "type": "Feature", "properties": { "id": 201994, "left": -45.708832012000002, "top": -12.677746368, "right": -45.708472688000001, "bottom": -12.678105692000001, "centroid_x": -45.708652, "centroid_y": -12.677926, "talhao": "PL LOTE 01" }, "geometry": { "type": "MultiPolygon", "coordinates": [ [ [ [ -45.708832012, -12.677746368 ], [ -45.708472688, -12.677746368 ], [ -45.708472688, -12.678105692 ], [ -45.708832012, -12.678105692 ], [ -45.708832012, -12.677746368 ] ] ] ] } },
{ "type": "Feature", "properties": { "id": 201995, "left": -45.708832012000002, "top": -12.678105692000001, "right": -45.708472688000001, "bottom": -12.678465016000001, "centroid_x": -45.708652, "centroid_y": -12.678285, "talhao": "PL LOTE 01" }, "geometry": { "type": "MultiPolygon", "coordinates": [ [ [ [ -45.708832012, -12.678105692 ], [ -45.708472688, -12.678105692 ], [ -45.708472688, -12.678465016 ], [ -45.708832012, -12.678465016 ], [ -45.708832012, -12.678105692 ] ] ] ] } },
{ "type": "Feature", "properties": { "id": 201996, "left": -45.708832012000002, "top": -12.678465016000001, "right": -45.708472688000001, "bottom": -12.67882434, "centroid_x": -45.708652, "centroid_y": -12.678645, "talhao": "PL LOTE 01" }, "geometry": { "type": "MultiPolygon", "coordinates": [ [ [ [ -45.708832012, -12.678465016 ], [ -45.708472688, -12.678465016 ], [ -45.708472688, -12.67882434 ], [ -45.708832012, -12.67882434 ], [ -45.708832012, -12.678465016 ] ] ] ] } },
{ "type": "Feature", "properties": { "id": 201997, "left": -45.708832012000002, "top": -12.67882434, "right": -45.708472688000001, "bottom": -12.679183664, "centroid_x": -45.708652, "centroid_y": -12.679004, "talhao": "PL LOTE 01" }, "geometry": { "type": "MultiPolygon", "coordinates": [ [ [ [ -45.708832012, -12.67882434 ], [ -45.708472688, -12.67882434 ], [ -45.708472688, -12.679183664 ], [ -45.708832012, -12.679183664 ], [ -45.708832012, -12.67882434 ] ] ] ] } },
{ "type": "Feature", "properties": { "id": 201998, "left": -45.708832012000002, "top": -12.679183664, "right": -45.708472688000001, "bottom": -12.679542988, "centroid_x": -45.708652, "centroid_y": -12.679363, "talhao": "PL LOTE 01" }, "geometry": { "type": "MultiPolygon", "coordinates": [ [ [ [ -45.708832012, -12.679183664 ], [ -45.708472688, -12.679183664 ], [ -45.708472688, -12.679542988 ], [ -45.708832012, -12.679542988 ], [ -45.708832012, -12.679183664 ] ] ] ] } },
{ "type": "Feature", "properties": { "id": 201999, "left": -45.708832012000002, "top": -12.679542988, "right": -45.708472688000001, "bottom": -12.679902312, "centroid_x": -45.708652, "centroid_y": -12.679723, "talhao": "PL LOTE 01" }, "geometry": { "type": "MultiPolygon", "coordinates": [ [ [ [ -45.708832012, -12.679542988 ], [ -45.708472688, -12.679542988 ], [ -45.708472688, -12.679902312 ], [ -45.708832012, -12.679902312 ], [ -45.708832012, -12.679542988 ] ] ] ] } },
{ "type": "Feature", "properties": { "id": 202000, "left": -45.708832012000002, "top": -12.679902312, "right": -45.708472688000001, "bottom": -12.680261636, "centroid_x": -45.708652, "centroid_y": -12.680082, "talhao": "PL LOTE 01" }, "geometry": { "type": "MultiPolygon", "coordinates": [ [ [ [ -45.708832012, -12.679902312 ], [ -45.708472688, -12.679902312 ], [ -45.708472688, -12.680261636 ], [ -45.708832012, -12.680261636 ], [ -45.708832012, -12.679902312 ] ] ] ] } },
{ "type": "Feature", "properties": { "id": 202001, "left": -45.708832012000002, "top": -12.680261636, "right": -45.708472688000001, "bottom": -12.68062096, "centroid_x": -45.708652, "centroid_y": -12.680441, "talhao": "PL LOTE 01" }, "geometry": { "type": "MultiPolygon", "coordinates": [ [ [ [ -45.708832012, -12.680261636 ], [ -45.708472688, -12.680261636 ], [ -45.708472688, -12.68062096 ], [ -45.708832012, -12.68062096 ], [ -45.708832012, -12.680261636 ] ] ] ] } },
{ "type": "Feature", "properties": { "id": 202002, "left": -45.708832012000002, "top": -12.68062096, "right": -45.708472688000001, "bottom": -12.680980284, "centroid_x": -45.708652, "centroid_y": -12.680801, "talhao": "PL LOTE 01" }, "geometry": { "type": "MultiPolygon", "coordinates": [ [ [ [ -45.708832012, -12.68062096 ], [ -45.708472688, -12.68062096 ], [ -45.708472688, -12.680980284 ], [ -45.708832012, -12.680980284 ], [ -45.708832012, -12.68062096 ] ] ] ] } },
{ "type": "Feature", "properties": { "id": 202003, "left": -45.708832012000002, "top": -12.680980284, "right": -45.708472688000001, "bottom": -12.681339608, "centroid_x": -45.708652, "centroid_y": -12.68116, "talhao": "PL LOTE 01" }, "geometry": { "type": "MultiPolygon", "coordinates": [ [ [ [ -45.708832012, -12.680980284 ], [ -45.708472688, -12.680980284 ], [ -45.708472688, -12.681339608 ], [ -45.708832012, -12.681339608 ], [ -45.708832012, -12.680980284 ] ] ] ] } },
{ "type": "Feature", "properties": { "id": 202004, "left": -45.708832012000002, "top": -12.681339608, "right": -45.708472688000001, "bottom": -12.681698932, "centroid_x": -45.708652, "centroid_y": -12.681519, "talhao": "PL LOTE 01" }, "geometry": { "type": "MultiPolygon", "coordinates": [ [ [ [ -45.708832012, -12.681339608 ], [ -45.708472688, -12.681339608 ], [ -45.708472688, -12.681698932 ], [ -45.708832012, -12.681698932 ], [ -45.708832012, -12.681339608 ] ] ] ] } },
{ "type": "Feature", "properties": { "id": 202005, "left": -45.708832012000002, "top": -12.681698932, "right": -45.708472688000001, "bottom": -12.682058256, "centroid_x": -45.708652, "centroid_y": -12.681879, "talhao": "PL LOTE 01" }, "geometry": { "type": "MultiPolygon", "coordinates": [ [ [ [ -45.708832012, -12.681698932 ], [ -45.708472688, -12.681698932 ], [ -45.708472688, -12.682058256 ], [ -45.708832012, -12.682058256 ], [ -45.708832012, -12.681698932 ] ] ] ] } },
{ "type": "Feature", "properties": { "id": 202006, "left": -45.708832012000002, "top": -12.682058256, "right": -45.708472688000001, "bottom": -12.68241758, "centroid_x": -45.708652, "centroid_y": -12.682238, "talhao": "PL LOTE 01" }, "geometry": { "type": "MultiPolygon", "coordinates": [ [ [ [ -45.708832012, -12.682058256 ], [ -45.708472688, -12.682058256 ], [ -45.708472688, -12.68241758 ], [ -45.708832012, -12.68241758 ], [ -45.708832012, -12.682058256 ] ] ] ] } },
{ "type": "Feature", "properties": { "id": 202007, "left": -45.708832012000002, "top": -12.68241758, "right": -45.708472688000001, "bottom": -12.682776904000001, "centroid_x": -45.708672, "centroid_y": -12.682562, "talhao": "PL LOTE 01" }, "geometry": { "type": "MultiPolygon", "coordinates": [ [ [ [ -45.70880959026573, -12.682776904 ], [ -45.708832012, -12.682776904 ], [ -45.708832012, -12.68241758 ], [ -45.708472688, -12.68241758 ], [ -45.708472688, -12.682602979725633 ], [ -45.70880959026573, -12.682776904 ] ] ] ] } },
{ "type": "Feature", "properties": { "id": 202008, "left": -45.708832012000002, "top": -12.682776904000001, "right": -45.708472688000001, "bottom": -12.683136228, "centroid_x": -45.708825, "centroid_y": -12.682781, "talhao": "PL LOTE 01" }, "geometry": { "type": "MultiPolygon", "coordinates": [ [ [ [ -45.708832012, -12.682788479119136 ], [ -45.708832012, -12.682776904 ], [ -45.70880959026573, -12.682776904 ], [ -45.708832012, -12.682788479119136 ] ] ] ] } },
{ "type": "Feature", "properties": { "id": 202016, "left": -45.708472688000001, "top": -12.666607324, "right": -45.708113364, "bottom": -12.666966648000001, "centroid_x": -45.708152, "centroid_y": -12.666935, "talhao": "PL LOTE 01" }, "geometry": { "type": "MultiPolygon", "coordinates": [ [ [ [ -45.708113364, -12.666871335204361 ], [ -45.708113364, -12.666966648 ], [ -45.708228051855734, -12.666966648 ], [ -45.708113364, -12.666871335204361 ] ] ] ] } },
{ "type": "Feature", "properties": { "id": 202017, "left": -45.708472688000001, "top": -12.666966648000001, "right": -45.708113364, "bottom": -12.667325972, "centroid_x": -45.70827, "centroid_y": -12.667173, "talhao": "PL LOTE 01" }, "geometry": { "type": "MultiPolygon", "coordinates": [ [ [ [ -45.708421, -12.667127 ], [ -45.708228051855734, -12.666966648 ], [ -45.708113364, -12.666966648 ], [ -45.708113364, -12.667325972 ], [ -45.708472688, -12.667325972 ], [ -45.708472688, -12.667170368519361 ], [ -45.708421, -12.667127 ] ] ] ] } },
{ "type": "Feature", "properties": { "id": 202018, "left": -45.708472688000001, "top": -12.667325972, "right": -45.708113364, "bottom": -12.667685295999998, "centroid_x": -45.708293, "centroid_y": -12.667506, "talhao": "PL LOTE 01" }, "geometry": { "type": "MultiPolygon", "coordinates": [ [ [ [ -45.708472688, -12.667325972 ], [ -45.708113364, -12.667325972 ], [ -45.708113364, -12.667685296 ], [ -45.708472688, -12.667685296 ], [ -45.708472688, -12.667325972 ] ] ] ] } },
{ "type": "Feature", "properties": { "id": 202019, "left": -45.708472688000001, "top": -12.667685296, "right": -45.708113364, "bottom": -12.66804462, "centroid_x": -45.708293, "centroid_y": -12.667865, "talhao": "PL LOTE 01" }, "geometry": { "type": "MultiPolygon", "coordinates": [ [ [ [ -45.708472688, -12.667685296 ], [ -45.708113364, -12.667685296 ], [ -45.708113364, -12.66804462 ], [ -45.708472688, -12.66804462 ], [ -45.708472688, -12.667685296 ] ] ] ] } },
{ "type": "Feature", "properties": { "id": 202020, "left": -45.708472688000001, "top": -12.66804462, "right": -45.708113364, "bottom": -12.668403944, "centroid_x": -45.708293, "centroid_y": -12.668224, "talhao": "PL LOTE 01" }, "geometry": { "type": "MultiPolygon", "coordinates": [ [ [ [ -45.708472688, -12.66804462 ], [ -45.708113364, -12.66804462 ], [ -45.708113364, -12.668403944 ], [ -45.708472688, -12.668403944 ], [ -45.708472688, -12.66804462 ] ] ] ] } },
{ "type": "Feature", "properties": { "id": 202021, "left": -45.708472688000001, "top": -12.668403944, "right": -45.708113364, "bottom": -12.668763268, "centroid_x": -45.708293, "centroid_y": -12.668584, "talhao": "PL LOTE 01" }, "geometry": { "type": "MultiPolygon", "coordinates": [ [ [ [ -45.708472688, -12.668403944 ], [ -45.708113364, -12.668403944 ], [ -45.708113364, -12.668763268 ], [ -45.708472688, -12.668763268 ], [ -45.708472688, -12.668403944 ] ] ] ] } },
{ "type": "Feature", "properties": { "id": 202022, "left": -45.708472688000001, "top": -12.668763268, "right": -45.708113364, "bottom": -12.669122592000001, "centroid_x": -45.708293, "centroid_y": -12.668943, "talhao": "PL LOTE 01" }, "geometry": { "type": "MultiPolygon", "coordinates": [ [ [ [ -45.708472688, -12.668763268 ], [ -45.708113364, -12.668763268 ], [ -45.708113364, -12.669122592 ], [ -45.708472688, -12.669122592 ], [ -45.708472688, -12.668763268 ] ] ] ] } },
{ "type": "Feature", "properties": { "id": 202023, "left": -45.708472688000001, "top": -12.669122592000001, "right": -45.708113364, "bottom": -12.669481916000001, "centroid_x": -45.708293, "centroid_y": -12.669302, "talhao": "PL LOTE 01" }, "geometry": { "type": "MultiPolygon", "coordinates": [ [ [ [ -45.708472688, -12.669122592 ], [ -45.708113364, -12.669122592 ], [ -45.708113364, -12.669481916 ], [ -45.708472688, -12.669481916 ], [ -45.708472688, -12.669122592 ] ] ] ] } },
{ "type": "Feature", "properties": { "id": 202024, "left": -45.708472688000001, "top": -12.669481916000001, "right": -45.708113364, "bottom": -12.66984124, "centroid_x": -45.708293, "centroid_y": -12.669662, "talhao": "PL LOTE 01" }, "geometry": { "type": "MultiPolygon", "coordinates": [ [ [ [ -45.708472688, -12.669481916 ], [ -45.708113364, -12.669481916 ], [ -45.708113364, -12.66984124 ], [ -45.708472688, -12.66984124 ], [ -45.708472688, -12.669481916 ] ] ] ] } },
{ "type": "Feature", "properties": { "id": 202025, "left": -45.708472688000001, "top": -12.66984124, "right": -45.708113364, "bottom": -12.670200564, "centroid_x": -45.708293, "centroid_y": -12.670021, "talhao": "PL LOTE 01" }, "geometry": { "type": "MultiPolygon", "coordinates": [ [ [ [ -45.708472688, -12.66984124 ], [ -45.708113364, -12.66984124 ], [ -45.708113364, -12.670200564 ], [ -45.708472688, -12.670200564 ], [ -45.708472688, -12.66984124 ] ] ] ] } },
{ "type": "Feature", "properties": { "id": 202026, "left": -45.708472688000001, "top": -12.670200564, "right": -45.708113364, "bottom": -12.670559888, "centroid_x": -45.708293, "centroid_y": -12.67038, "talhao": "PL LOTE 01" }, "geometry": { "type": "MultiPolygon", "coordinates": [ [ [ [ -45.708472688, -12.670200564 ], [ -45.708113364, -12.670200564 ], [ -45.708113364, -12.670559888 ], [ -45.708472688, -12.670559888 ], [ -45.708472688, -12.670200564 ] ] ] ] } },
{ "type": "Feature", "properties": { "id": 202027, "left": -45.708472688000001, "top": -12.670559888, "right": -45.708113364, "bottom": -12.670919212, "centroid_x": -45.708293, "centroid_y": -12.67074, "talhao": "PL LOTE 01" }, "geometry": { "type": "MultiPolygon", "coordinates": [ [ [ [ -45.708472688, -12.670559888 ], [ -45.708113364, -12.670559888 ], [ -45.708113364, -12.670919212 ], [ -45.708472688, -12.670919212 ], [ -45.708472688, -12.670559888 ] ] ] ] } },
{ "type": "Feature", "properties": { "id": 202028, "left": -45.708472688000001, "top": -12.670919212, "right": -45.708113364, "bottom": -12.671278536000001, "centroid_x": -45.708293, "centroid_y": -12.671099, "talhao": "PL LOTE 01" }, "geometry": { "type": "MultiPolygon", "coordinates": [ [ [ [ -45.708472688, -12.670919212 ], [ -45.708113364, -12.670919212 ], [ -45.708113364, -12.671278536 ], [ -45.708472688, -12.671278536 ], [ -45.708472688, -12.670919212 ] ] ] ] } },
{ "type": "Feature", "properties": { "id": 202029, "left": -45.708472688000001, "top": -12.671278536000001, "right": -45.708113364, "bottom": -12.67163786, "centroid_x": -45.708293, "centroid_y": -12.671458, "talhao": "PL LOTE 01" }, "geometry": { "type": "MultiPolygon", "coordinates": [ [ [ [ -45.708472688, -12.671278536 ], [ -45.708113364, -12.671278536 ], [ -45.708113364, -12.67163786 ], [ -45.708472688, -12.67163786 ], [ -45.708472688, -12.671278536 ] ] ] ] } },
{ "type": "Feature", "properties": { "id": 202030, "left": -45.708472688000001, "top": -12.67163786, "right": -45.708113364, "bottom": -12.671997184, "centroid_x": -45.708293, "centroid_y": -12.671818, "talhao": "PL LOTE 01" }, "geometry": { "type": "MultiPolygon", "coordinates": [ [ [ [ -45.708472688, -12.67163786 ], [ -45.708113364, -12.67163786 ], [ -45.708113364, -12.671997184 ], [ -45.708472688, -12.671997184 ], [ -45.708472688, -12.67163786 ] ] ] ] } },
{ "type": "Feature", "properties": { "id": 202031, "left": -45.708472688000001, "top": -12.671997184, "right": -45.708113364, "bottom": -12.672356508, "centroid_x": -45.708293, "centroid_y": -12.672177, "talhao": "PL LOTE 01" }, "geometry": { "type": "MultiPolygon", "coordinates": [ [ [ [ -45.708472688, -12.671997184 ], [ -45.708113364, -12.671997184 ], [ -45.708113364, -12.672356508 ], [ -45.708472688, -12.672356508 ], [ -45.708472688, -12.671997184 ] ] ] ] } },
{ "type": "Feature", "properties": { "id": 202032, "left": -45.708472688000001, "top": -12.672356508, "right": -45.708113364, "bottom": -12.672715832, "centroid_x": -45.708293, "centroid_y": -12.672536, "talhao": "PL LOTE 01" }, "geometry": { "type": "MultiPolygon", "coordinates": [ [ [ [ -45.708472688, -12.672356508 ], [ -45.708113364, -12.672356508 ], [ -45.708113364, -12.672715832 ], [ -45.708472688, -12.672715832 ], [ -45.708472688, -12.672356508 ] ] ] ] } },
{ "type": "Feature", "properties": { "id": 202033, "left": -45.708472688000001, "top": -12.672715832, "right": -45.708113364, "bottom": -12.673075156, "centroid_x": -45.708293, "centroid_y": -12.672895, "talhao": "PL LOTE 01" }, "geometry": { "type": "MultiPolygon", "coordinates": [ [ [ [ -45.708472688, -12.672715832 ], [ -45.708113364, -12.672715832 ], [ -45.708113364, -12.673075156 ], [ -45.708472688, -12.673075156 ], [ -45.708472688, -12.672715832 ] ] ] ] } },
{ "type": "Feature", "properties": { "id": 202034, "left": -45.708472688000001, "top": -12.673075156, "right": -45.708113364, "bottom": -12.67343448, "centroid_x": -45.708293, "centroid_y": -12.673255, "talhao": "PL LOTE 01" }, "geometry": { "type": "MultiPolygon", "coordinates": [ [ [ [ -45.708472688, -12.673075156 ], [ -45.708113364, -12.673075156 ], [ -45.708113364, -12.67343448 ], [ -45.708472688, -12.67343448 ], [ -45.708472688, -12.673075156 ] ] ] ] } },
{ "type": "Feature", "properties": { "id": 202035, "left": -45.708472688000001, "top": -12.67343448, "right": -45.708113364, "bottom": -12.673793804000001, "centroid_x": -45.708293, "centroid_y": -12.673614, "talhao": "PL LOTE 01" }, "geometry": { "type": "MultiPolygon", "coordinates": [ [ [ [ -45.708472688, -12.67343448 ], [ -45.708113364, -12.67343448 ], [ -45.708113364, -12.673793804 ], [ -45.708472688, -12.673793804 ], [ -45.708472688, -12.67343448 ] ] ] ] } },
{ "type": "Feature", "properties": { "id": 202036, "left": -45.708472688000001, "top": -12.673793804000001, "right": -45.708113364, "bottom": -12.674153128, "centroid_x": -45.708293, "centroid_y": -12.673973, "talhao": "PL LOTE 01" }, "geometry": { "type": "MultiPolygon", "coordinates": [ [ [ [ -45.708472688, -12.673793804 ], [ -45.708113364, -12.673793804 ], [ -45.708113364, -12.674153128 ], [ -45.708472688, -12.674153128 ], [ -45.708472688, -12.673793804 ] ] ] ] } },
{ "type": "Feature", "properties": { "id": 202037, "left": -45.708472688000001, "top": -12.674153128, "right": -45.708113364, "bottom": -12.674512452, "centroid_x": -45.708293, "centroid_y": -12.674333, "talhao": "PL LOTE 01" }, "geometry": { "type": "MultiPolygon", "coordinates": [ [ [ [ -45.708472688, -12.674153128 ], [ -45.708113364, -12.674153128 ], [ -45.708113364, -12.674512452 ], [ -45.708472688, -12.674512452 ], [ -45.708472688, -12.674153128 ] ] ] ] } },
{ "type": "Feature", "properties": { "id": 202038, "left": -45.708472688000001, "top": -12.674512452, "right": -45.708113364, "bottom": -12.674871776, "centroid_x": -45.708293, "centroid_y": -12.674692, "talhao": "PL LOTE 01" }, "geometry": { "type": "MultiPolygon", "coordinates": [ [ [ [ -45.708472688, -12.674512452 ], [ -45.708113364, -12.674512452 ], [ -45.708113364, -12.674871776 ], [ -45.708472688, -12.674871776 ], [ -45.708472688, -12.674512452 ] ] ] ] } },
{ "type": "Feature", "properties": { "id": 202039, "left": -45.708472688000001, "top": -12.674871776, "right": -45.708113364, "bottom": -12.6752311, "centroid_x": -45.708293, "centroid_y": -12.675051, "talhao": "PL LOTE 01" }, "geometry": { "type": "MultiPolygon", "coordinates": [ [ [ [ -45.708472688, -12.674871776 ], [ -45.708113364, -12.674871776 ], [ -45.708113364, -12.6752311 ], [ -45.708472688, -12.6752311 ], [ -45.708472688, -12.674871776 ] ] ] ] } },
{ "type": "Feature", "properties": { "id": 202040, "left": -45.708472688000001, "top": -12.6752311, "right": -45.708113364, "bottom": -12.675590424, "centroid_x": -45.708293, "centroid_y": -12.675411, "talhao": "PL LOTE 01" }, "geometry": { "type": "MultiPolygon", "coordinates": [ [ [ [ -45.708472688, -12.6752311 ], [ -45.708113364, -12.6752311 ], [ -45.708113364, -12.675590424 ], [ -45.708472688, -12.675590424 ], [ -45.708472688, -12.6752311 ] ] ] ] } },
{ "type": "Feature", "properties": { "id": 202041, "left": -45.708472688000001, "top": -12.675590424, "right": -45.708113364, "bottom": -12.675949748000001, "centroid_x": -45.708293, "centroid_y": -12.67577, "talhao": "PL LOTE 01" }, "geometry": { "type": "MultiPolygon", "coordinates": [ [ [ [ -45.708472688, -12.675590424 ], [ -45.708113364, -12.675590424 ], [ -45.708113364, -12.675949748 ], [ -45.708472688, -12.675949748 ], [ -45.708472688, -12.675590424 ] ] ] ] } },
{ "type": "Feature", "properties": { "id": 202042, "left": -45.708472688000001, "top": -12.675949748000001, "right": -45.708113364, "bottom": -12.676309072, "centroid_x": -45.708293, "centroid_y": -12.676129, "talhao": "PL LOTE 01" }, "geometry": { "type": "MultiPolygon", "coordinates": [ [ [ [ -45.708472688, -12.675949748 ], [ -45.708113364, -12.675949748 ], [ -45.708113364, -12.676309072 ], [ -45.708472688, -12.676309072 ], [ -45.708472688, -12.675949748 ] ] ] ] } },
{ "type": "Feature", "properties": { "id": 202043, "left": -45.708472688000001, "top": -12.676309072, "right": -45.708113364, "bottom": -12.676668395999998, "centroid_x": -45.708293, "centroid_y": -12.676489, "talhao": "PL LOTE 01" }, "geometry": { "type": "MultiPolygon", "coordinates": [ [ [ [ -45.708472688, -12.676309072 ], [ -45.708113364, -12.676309072 ], [ -45.708113364, -12.676668396 ], [ -45.708472688, -12.676668396 ], [ -45.708472688, -12.676309072 ] ] ] ] } },
{ "type": "Feature", "properties": { "id": 202044, "left": -45.708472688000001, "top": -12.676668396, "right": -45.708113364, "bottom": -12.67702772, "centroid_x": -45.708293, "centroid_y": -12.676848, "talhao": "PL LOTE 01" }, "geometry": { "type": "MultiPolygon", "coordinates": [ [ [ [ -45.708472688, -12.676668396 ], [ -45.708113364, -12.676668396 ], [ -45.708113364, -12.67702772 ], [ -45.708472688, -12.67702772 ], [ -45.708472688, -12.676668396 ] ] ] ] } },
{ "type": "Feature", "properties": { "id": 202045, "left": -45.708472688000001, "top": -12.67702772, "right": -45.708113364, "bottom": -12.677387044, "centroid_x": -45.708293, "centroid_y": -12.677207, "talhao": "PL LOTE 01" }, "geometry": { "type": "MultiPolygon", "coordinates": [ [ [ [ -45.708472688, -12.67702772 ], [ -45.708113364, -12.67702772 ], [ -45.708113364, -12.677387044 ], [ -45.708472688, -12.677387044 ], [ -45.708472688, -12.67702772 ] ] ] ] } },
{ "type": "Feature", "properties": { "id": 202046, "left": -45.708472688000001, "top": -12.677387044, "right": -45.708113364, "bottom": -12.677746368, "centroid_x": -45.708293, "centroid_y": -12.677567, "talhao": "PL LOTE 01" }, "geometry": { "type": "MultiPolygon", "coordinates": [ [ [ [ -45.708472688, -12.677387044 ], [ -45.708113364, -12.677387044 ], [ -45.708113364, -12.677746368 ], [ -45.708472688, -12.677746368 ], [ -45.708472688, -12.677387044 ] ] ] ] } },
{ "type": "Feature", "properties": { "id": 202047, "left": -45.708472688000001, "top": -12.677746368, "right": -45.708113364, "bottom": -12.678105692000001, "centroid_x": -45.708293, "centroid_y": -12.677926, "talhao": "PL LOTE 01" }, "geometry": { "type": "MultiPolygon", "coordinates": [ [ [ [ -45.708472688, -12.677746368 ], [ -45.708113364, -12.677746368 ], [ -45.708113364, -12.678105692 ], [ -45.708472688, -12.678105692 ], [ -45.708472688, -12.677746368 ] ] ] ] } },
{ "type": "Feature", "properties": { "id": 202048, "left": -45.708472688000001, "top": -12.678105692000001, "right": -45.708113364, "bottom": -12.678465016000001, "centroid_x": -45.708293, "centroid_y": -12.678285, "talhao": "PL LOTE 01" }, "geometry": { "type": "MultiPolygon", "coordinates": [ [ [ [ -45.708472688, -12.678105692 ], [ -45.708113364, -12.678105692 ], [ -45.708113364, -12.678465016 ], [ -45.708472688, -12.678465016 ], [ -45.708472688, -12.678105692 ] ] ] ] } },
{ "type": "Feature", "properties": { "id": 202049, "left": -45.708472688000001, "top": -12.678465016000001, "right": -45.708113364, "bottom": -12.67882434, "centroid_x": -45.708293, "centroid_y": -12.678645, "talhao": "PL LOTE 01" }, "geometry": { "type": "MultiPolygon", "coordinates": [ [ [ [ -45.708472688, -12.678465016 ], [ -45.708113364, -12.678465016 ], [ -45.708113364, -12.67882434 ], [ -45.708472688, -12.67882434 ], [ -45.708472688, -12.678465016 ] ] ] ] } },
{ "type": "Feature", "properties": { "id": 202050, "left": -45.708472688000001, "top": -12.67882434, "right": -45.708113364, "bottom": -12.679183664, "centroid_x": -45.708293, "centroid_y": -12.679004, "talhao": "PL LOTE 01" }, "geometry": { "type": "MultiPolygon", "coordinates": [ [ [ [ -45.708472688, -12.67882434 ], [ -45.708113364, -12.67882434 ], [ -45.708113364, -12.679183664 ], [ -45.708472688, -12.679183664 ], [ -45.708472688, -12.67882434 ] ] ] ] } },
{ "type": "Feature", "properties": { "id": 202051, "left": -45.708472688000001, "top": -12.679183664, "right": -45.708113364, "bottom": -12.679542988, "centroid_x": -45.708293, "centroid_y": -12.679363, "talhao": "PL LOTE 01" }, "geometry": { "type": "MultiPolygon", "coordinates": [ [ [ [ -45.708472688, -12.679183664 ], [ -45.708113364, -12.679183664 ], [ -45.708113364, -12.679542988 ], [ -45.708472688, -12.679542988 ], [ -45.708472688, -12.679183664 ] ] ] ] } },
{ "type": "Feature", "properties": { "id": 202052, "left": -45.708472688000001, "top": -12.679542988, "right": -45.708113364, "bottom": -12.679902312, "centroid_x": -45.708293, "centroid_y": -12.679723, "talhao": "PL LOTE 01" }, "geometry": { "type": "MultiPolygon", "coordinates": [ [ [ [ -45.708472688, -12.679542988 ], [ -45.708113364, -12.679542988 ], [ -45.708113364, -12.679902312 ], [ -45.708472688, -12.679902312 ], [ -45.708472688, -12.679542988 ] ] ] ] } },
{ "type": "Feature", "properties": { "id": 202053, "left": -45.708472688000001, "top": -12.679902312, "right": -45.708113364, "bottom": -12.680261636, "centroid_x": -45.708293, "centroid_y": -12.680082, "talhao": "PL LOTE 01" }, "geometry": { "type": "MultiPolygon", "coordinates": [ [ [ [ -45.708472688, -12.679902312 ], [ -45.708113364, -12.679902312 ], [ -45.708113364, -12.680261636 ], [ -45.708472688, -12.680261636 ], [ -45.708472688, -12.679902312 ] ] ] ] } },
{ "type": "Feature", "properties": { "id": 202054, "left": -45.708472688000001, "top": -12.680261636, "right": -45.708113364, "bottom": -12.68062096, "centroid_x": -45.708293, "centroid_y": -12.680441, "talhao": "PL LOTE 01" }, "geometry": { "type": "MultiPolygon", "coordinates": [ [ [ [ -45.708472688, -12.680261636 ], [ -45.708113364, -12.680261636 ], [ -45.708113364, -12.68062096 ], [ -45.708472688, -12.68062096 ], [ -45.708472688, -12.680261636 ] ] ] ] } },
{ "type": "Feature", "properties": { "id": 202055, "left": -45.708472688000001, "top": -12.68062096, "right": -45.708113364, "bottom": -12.680980284, "centroid_x": -45.708293, "centroid_y": -12.680801, "talhao": "PL LOTE 01" }, "geometry": { "type": "MultiPolygon", "coordinates": [ [ [ [ -45.708472688, -12.68062096 ], [ -45.708113364, -12.68062096 ], [ -45.708113364, -12.680980284 ], [ -45.708472688, -12.680980284 ], [ -45.708472688, -12.68062096 ] ] ] ] } },
{ "type": "Feature", "properties": { "id": 202056, "left": -45.708472688000001, "top": -12.680980284, "right": -45.708113364, "bottom": -12.681339608, "centroid_x": -45.708293, "centroid_y": -12.68116, "talhao": "PL LOTE 01" }, "geometry": { "type": "MultiPolygon", "coordinates": [ [ [ [ -45.708472688, -12.680980284 ], [ -45.708113364, -12.680980284 ], [ -45.708113364, -12.681339608 ], [ -45.708472688, -12.681339608 ], [ -45.708472688, -12.680980284 ] ] ] ] } },
{ "type": "Feature", "properties": { "id": 202057, "left": -45.708472688000001, "top": -12.681339608, "right": -45.708113364, "bottom": -12.681698932, "centroid_x": -45.708293, "centroid_y": -12.681519, "talhao": "PL LOTE 01" }, "geometry": { "type": "MultiPolygon", "coordinates": [ [ [ [ -45.708472688, -12.681339608 ], [ -45.708113364, -12.681339608 ], [ -45.708113364, -12.681698932 ], [ -45.708472688, -12.681698932 ], [ -45.708472688, -12.681339608 ] ] ] ] } },
{ "type": "Feature", "properties": { "id": 202058, "left": -45.708472688000001, "top": -12.681698932, "right": -45.708113364, "bottom": -12.682058256, "centroid_x": -45.708293, "centroid_y": -12.681879, "talhao": "PL LOTE 01" }, "geometry": { "type": "MultiPolygon", "coordinates": [ [ [ [ -45.708472688, -12.681698932 ], [ -45.708113364, -12.681698932 ], [ -45.708113364, -12.682058256 ], [ -45.708472688, -12.682058256 ], [ -45.708472688, -12.681698932 ] ] ] ] } },
{ "type": "Feature", "properties": { "id": 202059, "left": -45.708472688000001, "top": -12.682058256, "right": -45.708113364, "bottom": -12.68241758, "centroid_x": -45.708293, "centroid_y": -12.682238, "talhao": "PL LOTE 01" }, "geometry": { "type": "MultiPolygon", "coordinates": [ [ [ [ -45.708472688, -12.682058256 ], [ -45.708113364, -12.682058256 ], [ -45.708113364, -12.68241758 ], [ -45.708472688, -12.68241758 ], [ -45.708472688, -12.682058256 ] ] ] ] } },
{ "type": "Feature", "properties": { "id": 202060, "left": -45.708472688000001, "top": -12.68241758, "right": -45.708113364, "bottom": -12.682776904000001, "centroid_x": -45.708341, "centroid_y": -12.682478, "talhao": "PL LOTE 01" }, "geometry": { "type": "MultiPolygon", "coordinates": [ [ [ [ -45.70829, -12.682513 ], [ -45.708372, -12.682551 ], [ -45.708472688, -12.682602979725633 ], [ -45.708472688, -12.68241758 ], [ -45.708113364, -12.68241758 ], [ -45.708113364, -12.682442166274113 ], [ -45.70829, -12.682513 ] ] ] ] } },
{ "type": "Feature", "properties": { "id": 202069, "left": -45.708113364, "top": -12.666607324, "right": -45.70775404, "bottom": -12.666966648000001, "centroid_x": -45.707915, "centroid_y": -12.666863, "talhao": "PL LOTE 01" }, "geometry": { "type": "MultiPolygon", "coordinates": [ [ [ [ -45.708054, -12.666822 ], [ -45.707976, -12.666764 ], [ -45.707925, -12.666735 ], [ -45.707906, -12.666729 ], [ -45.707878, -12.666725 ], [ -45.70784, -12.666729 ], [ -45.707764, -12.666758 ], [ -45.70775404, -12.666762678181819 ], [ -45.70775404, -12.666966648 ], [ -45.708113364, -12.666966648 ], [ -45.708113364, -12.666871335204361 ], [ -45.708054, -12.666822 ] ] ] ] } },
{ "type": "Feature", "properties": { "id": 202070, "left": -45.708113364, "top": -12.666966648000001, "right": -45.70775404, "bottom": -12.667325972, "centroid_x": -45.707934, "centroid_y": -12.667146, "talhao": "PL LOTE 01" }, "geometry": { "type": "MultiPolygon", "coordinates": [ [ [ [ -45.708113364, -12.666966648 ], [ -45.70775404, -12.666966648 ], [ -45.70775404, -12.667325972 ], [ -45.708113364, -12.667325972 ], [ -45.708113364, -12.666966648 ] ] ] ] } },
{ "type": "Feature", "properties": { "id": 202071, "left": -45.708113364, "top": -12.667325972, "right": -45.70775404, "bottom": -12.667685295999998, "centroid_x": -45.707934, "centroid_y": -12.667506, "talhao": "PL LOTE 01" }, "geometry": { "type": "MultiPolygon", "coordinates": [ [ [ [ -45.708113364, -12.667325972 ], [ -45.70775404, -12.667325972 ], [ -45.70775404, -12.667685296 ], [ -45.708113364, -12.667685296 ], [ -45.708113364, -12.667325972 ] ] ] ] } },
{ "type": "Feature", "properties": { "id": 202072, "left": -45.708113364, "top": -12.667685296, "right": -45.70775404, "bottom": -12.66804462, "centroid_x": -45.707934, "centroid_y": -12.667865, "talhao": "PL LOTE 01" }, "geometry": { "type": "MultiPolygon", "coordinates": [ [ [ [ -45.708113364, -12.667685296 ], [ -45.70775404, -12.667685296 ], [ -45.70775404, -12.66804462 ], [ -45.708113364, -12.66804462 ], [ -45.708113364, -12.667685296 ] ] ] ] } },
{ "type": "Feature", "properties": { "id": 202073, "left": -45.708113364, "top": -12.66804462, "right": -45.70775404, "bottom": -12.668403944, "centroid_x": -45.707934, "centroid_y": -12.668224, "talhao": "PL LOTE 01" }, "geometry": { "type": "MultiPolygon", "coordinates": [ [ [ [ -45.708113364, -12.66804462 ], [ -45.70775404, -12.66804462 ], [ -45.70775404, -12.668403944 ], [ -45.708113364, -12.668403944 ], [ -45.708113364, -12.66804462 ] ] ] ] } },
{ "type": "Feature", "properties": { "id": 202074, "left": -45.708113364, "top": -12.668403944, "right": -45.70775404, "bottom": -12.668763268, "centroid_x": -45.707934, "centroid_y": -12.668584, "talhao": "PL LOTE 01" }, "geometry": { "type": "MultiPolygon", "coordinates": [ [ [ [ -45.708113364, -12.668403944 ], [ -45.70775404, -12.668403944 ], [ -45.70775404, -12.668763268 ], [ -45.708113364, -12.668763268 ], [ -45.708113364, -12.668403944 ] ] ] ] } },
{ "type": "Feature", "properties": { "id": 202075, "left": -45.708113364, "top": -12.668763268, "right": -45.70775404, "bottom": -12.669122592000001, "centroid_x": -45.707934, "centroid_y": -12.668943, "talhao": "PL LOTE 01" }, "geometry": { "type": "MultiPolygon", "coordinates": [ [ [ [ -45.708113364, -12.668763268 ], [ -45.70775404, -12.668763268 ], [ -45.70775404, -12.669122592 ], [ -45.708113364, -12.669122592 ], [ -45.708113364, -12.668763268 ] ] ] ] } },
{ "type": "Feature", "properties": { "id": 202076, "left": -45.708113364, "top": -12.669122592000001, "right": -45.70775404, "bottom": -12.669481916000001, "centroid_x": -45.707934, "centroid_y": -12.669302, "talhao": "PL LOTE 01" }, "geometry": { "type": "MultiPolygon", "coordinates": [ [ [ [ -45.708113364, -12.669122592 ], [ -45.70775404, -12.669122592 ], [ -45.70775404, -12.669481916 ], [ -45.708113364, -12.669481916 ], [ -45.708113364, -12.669122592 ] ] ] ] } },
{ "type": "Feature", "properties": { "id": 202077, "left": -45.708113364, "top": -12.669481916000001, "right": -45.70775404, "bottom": -12.66984124, "centroid_x": -45.707934, "centroid_y": -12.669662, "talhao": "PL LOTE 01" }, "geometry": { "type": "MultiPolygon", "coordinates": [ [ [ [ -45.708113364, -12.669481916 ], [ -45.70775404, -12.669481916 ], [ -45.70775404, -12.66984124 ], [ -45.708113364, -12.66984124 ], [ -45.708113364, -12.669481916 ] ] ] ] } },
{ "type": "Feature", "properties": { "id": 202078, "left": -45.708113364, "top": -12.66984124, "right": -45.70775404, "bottom": -12.670200564, "centroid_x": -45.707934, "centroid_y": -12.670021, "talhao": "PL LOTE 01" }, "geometry": { "type": "MultiPolygon", "coordinates": [ [ [ [ -45.708113364, -12.66984124 ], [ -45.70775404, -12.66984124 ], [ -45.70775404, -12.670200564 ], [ -45.708113364, -12.670200564 ], [ -45.708113364, -12.66984124 ] ] ] ] } },
{ "type": "Feature", "properties": { "id": 202079, "left": -45.708113364, "top": -12.670200564, "right": -45.70775404, "bottom": -12.670559888, "centroid_x": -45.707934, "centroid_y": -12.67038, "talhao": "PL LOTE 01" }, "geometry": { "type": "MultiPolygon", "coordinates": [ [ [ [ -45.708113364, -12.670200564 ], [ -45.70775404, -12.670200564 ], [ -45.70775404, -12.670559888 ], [ -45.708113364, -12.670559888 ], [ -45.708113364, -12.670200564 ] ] ] ] } },
{ "type": "Feature", "properties": { "id": 202080, "left": -45.708113364, "top": -12.670559888, "right": -45.70775404, "bottom": -12.670919212, "centroid_x": -45.707934, "centroid_y": -12.67074, "talhao": "PL LOTE 01" }, "geometry": { "type": "MultiPolygon", "coordinates": [ [ [ [ -45.708113364, -12.670559888 ], [ -45.70775404, -12.670559888 ], [ -45.70775404, -12.670919212 ], [ -45.708113364, -12.670919212 ], [ -45.708113364, -12.670559888 ] ] ] ] } },
{ "type": "Feature", "properties": { "id": 202081, "left": -45.708113364, "top": -12.670919212, "right": -45.70775404, "bottom": -12.671278536000001, "centroid_x": -45.707934, "centroid_y": -12.671099, "talhao": "PL LOTE 01" }, "geometry": { "type": "MultiPolygon", "coordinates": [ [ [ [ -45.708113364, -12.670919212 ], [ -45.70775404, -12.670919212 ], [ -45.70775404, -12.671278536 ], [ -45.708113364, -12.671278536 ], [ -45.708113364, -12.670919212 ] ] ] ] } },
{ "type": "Feature", "properties": { "id": 202082, "left": -45.708113364, "top": -12.671278536000001, "right": -45.70775404, "bottom": -12.67163786, "centroid_x": -45.707934, "centroid_y": -12.671458, "talhao": "PL LOTE 01" }, "geometry": { "type": "MultiPolygon", "coordinates": [ [ [ [ -45.708113364, -12.671278536 ], [ -45.70775404, -12.671278536 ], [ -45.70775404, -12.67163786 ], [ -45.708113364, -12.67163786 ], [ -45.708113364, -12.671278536 ] ] ] ] } },
{ "type": "Feature", "properties": { "id": 202083, "left": -45.708113364, "top": -12.67163786, "right": -45.70775404, "bottom": -12.671997184, "centroid_x": -45.707934, "centroid_y": -12.671818, "talhao": "PL LOTE 01" }, "geometry": { "type": "MultiPolygon", "coordinates": [ [ [ [ -45.708113364, -12.67163786 ], [ -45.70775404, -12.67163786 ], [ -45.70775404, -12.671997184 ], [ -45.708113364, -12.671997184 ], [ -45.708113364, -12.67163786 ] ] ] ] } },
{ "type": "Feature", "properties": { "id": 202084, "left": -45.708113364, "top": -12.671997184, "right": -45.70775404, "bottom": -12.672356508, "centroid_x": -45.707934, "centroid_y": -12.672177, "talhao": "PL LOTE 01" }, "geometry": { "type": "MultiPolygon", "coordinates": [ [ [ [ -45.708113364, -12.671997184 ], [ -45.70775404, -12.671997184 ], [ -45.70775404, -12.672356508 ], [ -45.708113364, -12.672356508 ], [ -45.708113364, -12.671997184 ] ] ] ] } },
{ "type": "Feature", "properties": { "id": 202085, "left": -45.708113364, "top": -12.672356508, "right": -45.70775404, "bottom": -12.672715832, "centroid_x": -45.707934, "centroid_y": -12.672536, "talhao": "PL LOTE 01" }, "geometry": { "type": "MultiPolygon", "coordinates": [ [ [ [ -45.708113364, -12.672356508 ], [ -45.70775404, -12.672356508 ], [ -45.70775404, -12.672715832 ], [ -45.708113364, -12.672715832 ], [ -45.708113364, -12.672356508 ] ] ] ] } },
{ "type": "Feature", "properties": { "id": 202086, "left": -45.708113364, "top": -12.672715832, "right": -45.70775404, "bottom": -12.673075156, "centroid_x": -45.707934, "centroid_y": -12.672895, "talhao": "PL LOTE 01" }, "geometry": { "type": "MultiPolygon", "coordinates": [ [ [ [ -45.708113364, -12.672715832 ], [ -45.70775404, -12.672715832 ], [ -45.70775404, -12.673075156 ], [ -45.708113364, -12.673075156 ], [ -45.708113364, -12.672715832 ] ] ] ] } },
{ "type": "Feature", "properties": { "id": 202087, "left": -45.708113364, "top": -12.673075156, "right": -45.70775404, "bottom": -12.67343448, "centroid_x": -45.707934, "centroid_y": -12.673255, "talhao": "PL LOTE 01" }, "geometry": { "type": "MultiPolygon", "coordinates": [ [ [ [ -45.708113364, -12.673075156 ], [ -45.70775404, -12.673075156 ], [ -45.70775404, -12.67343448 ], [ -45.708113364, -12.67343448 ], [ -45.708113364, -12.673075156 ] ] ] ] } },
{ "type": "Feature", "properties": { "id": 202088, "left": -45.708113364, "top": -12.67343448, "right": -45.70775404, "bottom": -12.673793804000001, "centroid_x": -45.707934, "centroid_y": -12.673614, "talhao": "PL LOTE 01" }, "geometry": { "type": "MultiPolygon", "coordinates": [ [ [ [ -45.708113364, -12.67343448 ], [ -45.70775404, -12.67343448 ], [ -45.70775404, -12.673793804 ], [ -45.708113364, -12.673793804 ], [ -45.708113364, -12.67343448 ] ] ] ] } },
{ "type": "Feature", "properties": { "id": 202089, "left": -45.708113364, "top": -12.673793804000001, "right": -45.70775404, "bottom": -12.674153128, "centroid_x": -45.707934, "centroid_y": -12.673973, "talhao": "PL LOTE 01" }, "geometry": { "type": "MultiPolygon", "coordinates": [ [ [ [ -45.708113364, -12.673793804 ], [ -45.70775404, -12.673793804 ], [ -45.70775404, -12.674153128 ], [ -45.708113364, -12.674153128 ], [ -45.708113364, -12.673793804 ] ] ] ] } },
{ "type": "Feature", "properties": { "id": 202090, "left": -45.708113364, "top": -12.674153128, "right": -45.70775404, "bottom": -12.674512452, "centroid_x": -45.707934, "centroid_y": -12.674333, "talhao": "PL LOTE 01" }, "geometry": { "type": "MultiPolygon", "coordinates": [ [ [ [ -45.708113364, -12.674153128 ], [ -45.70775404, -12.674153128 ], [ -45.70775404, -12.674512452 ], [ -45.708113364, -12.674512452 ], [ -45.708113364, -12.674153128 ] ] ] ] } },
{ "type": "Feature", "properties": { "id": 202091, "left": -45.708113364, "top": -12.674512452, "right": -45.70775404, "bottom": -12.674871776, "centroid_x": -45.707934, "centroid_y": -12.674692, "talhao": "PL LOTE 01" }, "geometry": { "type": "MultiPolygon", "coordinates": [ [ [ [ -45.708113364, -12.674512452 ], [ -45.70775404, -12.674512452 ], [ -45.70775404, -12.674871776 ], [ -45.708113364, -12.674871776 ], [ -45.708113364, -12.674512452 ] ] ] ] } },
{ "type": "Feature", "properties": { "id": 202092, "left": -45.708113364, "top": -12.674871776, "right": -45.70775404, "bottom": -12.6752311, "centroid_x": -45.707934, "centroid_y": -12.675051, "talhao": "PL LOTE 01" }, "geometry": { "type": "MultiPolygon", "coordinates": [ [ [ [ -45.708113364, -12.674871776 ], [ -45.70775404, -12.674871776 ], [ -45.70775404, -12.6752311 ], [ -45.708113364, -12.6752311 ], [ -45.708113364, -12.674871776 ] ] ] ] } },
{ "type": "Feature", "properties": { "id": 202093, "left": -45.708113364, "top": -12.6752311, "right": -45.70775404, "bottom": -12.675590424, "centroid_x": -45.707934, "centroid_y": -12.675411, "talhao": "PL LOTE 01" }, "geometry": { "type": "MultiPolygon", "coordinates": [ [ [ [ -45.708113364, -12.6752311 ], [ -45.70775404, -12.6752311 ], [ -45.70775404, -12.675590424 ], [ -45.708113364, -12.675590424 ], [ -45.708113364, -12.6752311 ] ] ] ] } },
{ "type": "Feature", "properties": { "id": 202094, "left": -45.708113364, "top": -12.675590424, "right": -45.70775404, "bottom": -12.675949748000001, "centroid_x": -45.707934, "centroid_y": -12.67577, "talhao": "PL LOTE 01" }, "geometry": { "type": "MultiPolygon", "coordinates": [ [ [ [ -45.708113364, -12.675590424 ], [ -45.70775404, -12.675590424 ], [ -45.70775404, -12.675949748 ], [ -45.708113364, -12.675949748 ], [ -45.708113364, -12.675590424 ] ] ] ] } },
{ "type": "Feature", "properties": { "id": 202095, "left": -45.708113364, "top": -12.675949748000001, "right": -45.70775404, "bottom": -12.676309072, "centroid_x": -45.707934, "centroid_y": -12.676129, "talhao": "PL LOTE 01" }, "geometry": { "type": "MultiPolygon", "coordinates": [ [ [ [ -45.708113364, -12.675949748 ], [ -45.70775404, -12.675949748 ], [ -45.70775404, -12.676309072 ], [ -45.708113364, -12.676309072 ], [ -45.708113364, -12.675949748 ] ] ] ] } },
{ "type": "Feature", "properties": { "id": 202096, "left": -45.708113364, "top": -12.676309072, "right": -45.70775404, "bottom": -12.676668395999998, "centroid_x": -45.707934, "centroid_y": -12.676489, "talhao": "PL LOTE 01" }, "geometry": { "type": "MultiPolygon", "coordinates": [ [ [ [ -45.708113364, -12.676309072 ], [ -45.70775404, -12.676309072 ], [ -45.70775404, -12.676668396 ], [ -45.708113364, -12.676668396 ], [ -45.708113364, -12.676309072 ] ] ] ] } },
{ "type": "Feature", "properties": { "id": 202097, "left": -45.708113364, "top": -12.676668396, "right": -45.70775404, "bottom": -12.67702772, "centroid_x": -45.707934, "centroid_y": -12.676848, "talhao": "PL LOTE 01" }, "geometry": { "type": "MultiPolygon", "coordinates": [ [ [ [ -45.708113364, -12.676668396 ], [ -45.70775404, -12.676668396 ], [ -45.70775404, -12.67702772 ], [ -45.708113364, -12.67702772 ], [ -45.708113364, -12.676668396 ] ] ] ] } },
{ "type": "Feature", "properties": { "id": 202098, "left": -45.708113364, "top": -12.67702772, "right": -45.70775404, "bottom": -12.677387044, "centroid_x": -45.707934, "centroid_y": -12.677207, "talhao": "PL LOTE 01" }, "geometry": { "type": "MultiPolygon", "coordinates": [ [ [ [ -45.708113364, -12.67702772 ], [ -45.70775404, -12.67702772 ], [ -45.70775404, -12.677387044 ], [ -45.708113364, -12.677387044 ], [ -45.708113364, -12.67702772 ] ] ] ] } },
{ "type": "Feature", "properties": { "id": 202099, "left": -45.708113364, "top": -12.677387044, "right": -45.70775404, "bottom": -12.677746368, "centroid_x": -45.707934, "centroid_y": -12.677567, "talhao": "PL LOTE 01" }, "geometry": { "type": "MultiPolygon", "coordinates": [ [ [ [ -45.708113364, -12.677387044 ], [ -45.70775404, -12.677387044 ], [ -45.70775404, -12.677746368 ], [ -45.708113364, -12.677746368 ], [ -45.708113364, -12.677387044 ] ] ] ] } },
{ "type": "Feature", "properties": { "id": 202100, "left": -45.708113364, "top": -12.677746368, "right": -45.70775404, "bottom": -12.678105692000001, "centroid_x": -45.707934, "centroid_y": -12.677926, "talhao": "PL LOTE 01" }, "geometry": { "type": "MultiPolygon", "coordinates": [ [ [ [ -45.708113364, -12.677746368 ], [ -45.70775404, -12.677746368 ], [ -45.70775404, -12.678105692 ], [ -45.708113364, -12.678105692 ], [ -45.708113364, -12.677746368 ] ] ] ] } },
{ "type": "Feature", "properties": { "id": 202101, "left": -45.708113364, "top": -12.678105692000001, "right": -45.70775404, "bottom": -12.678465016000001, "centroid_x": -45.707934, "centroid_y": -12.678285, "talhao": "PL LOTE 01" }, "geometry": { "type": "MultiPolygon", "coordinates": [ [ [ [ -45.708113364, -12.678105692 ], [ -45.70775404, -12.678105692 ], [ -45.70775404, -12.678465016 ], [ -45.708113364, -12.678465016 ], [ -45.708113364, -12.678105692 ] ] ] ] } },
{ "type": "Feature", "properties": { "id": 202102, "left": -45.708113364, "top": -12.678465016000001, "right": -45.70775404, "bottom": -12.67882434, "centroid_x": -45.707934, "centroid_y": -12.678645, "talhao": "PL LOTE 01" }, "geometry": { "type": "MultiPolygon", "coordinates": [ [ [ [ -45.708113364, -12.678465016 ], [ -45.70775404, -12.678465016 ], [ -45.70775404, -12.67882434 ], [ -45.708113364, -12.67882434 ], [ -45.708113364, -12.678465016 ] ] ] ] } },
{ "type": "Feature", "properties": { "id": 202103, "left": -45.708113364, "top": -12.67882434, "right": -45.70775404, "bottom": -12.679183664, "centroid_x": -45.707934, "centroid_y": -12.679004, "talhao": "PL LOTE 01" }, "geometry": { "type": "MultiPolygon", "coordinates": [ [ [ [ -45.708113364, -12.67882434 ], [ -45.70775404, -12.67882434 ], [ -45.70775404, -12.679183664 ], [ -45.708113364, -12.679183664 ], [ -45.708113364, -12.67882434 ] ] ] ] } },
{ "type": "Feature", "properties": { "id": 202104, "left": -45.708113364, "top": -12.679183664, "right": -45.70775404, "bottom": -12.679542988, "centroid_x": -45.707934, "centroid_y": -12.679363, "talhao": "PL LOTE 01" }, "geometry": { "type": "MultiPolygon", "coordinates": [ [ [ [ -45.708113364, -12.679183664 ], [ -45.70775404, -12.679183664 ], [ -45.70775404, -12.679542988 ], [ -45.708113364, -12.679542988 ], [ -45.708113364, -12.679183664 ] ] ] ] } },
{ "type": "Feature", "properties": { "id": 202105, "left": -45.708113364, "top": -12.679542988, "right": -45.70775404, "bottom": -12.679902312, "centroid_x": -45.707934, "centroid_y": -12.679723, "talhao": "PL LOTE 01" }, "geometry": { "type": "MultiPolygon", "coordinates": [ [ [ [ -45.708113364, -12.679542988 ], [ -45.70775404, -12.679542988 ], [ -45.70775404, -12.679902312 ], [ -45.708113364, -12.679902312 ], [ -45.708113364, -12.679542988 ] ] ] ] } },
{ "type": "Feature", "properties": { "id": 202106, "left": -45.708113364, "top": -12.679902312, "right": -45.70775404, "bottom": -12.680261636, "centroid_x": -45.707934, "centroid_y": -12.680082, "talhao": "PL LOTE 01" }, "geometry": { "type": "MultiPolygon", "coordinates": [ [ [ [ -45.708113364, -12.679902312 ], [ -45.70775404, -12.679902312 ], [ -45.70775404, -12.680261636 ], [ -45.708113364, -12.680261636 ], [ -45.708113364, -12.679902312 ] ] ] ] } },
{ "type": "Feature", "properties": { "id": 202107, "left": -45.708113364, "top": -12.680261636, "right": -45.70775404, "bottom": -12.68062096, "centroid_x": -45.707934, "centroid_y": -12.680441, "talhao": "PL LOTE 01" }, "geometry": { "type": "MultiPolygon", "coordinates": [ [ [ [ -45.708113364, -12.680261636 ], [ -45.70775404, -12.680261636 ], [ -45.70775404, -12.68062096 ], [ -45.708113364, -12.68062096 ], [ -45.708113364, -12.680261636 ] ] ] ] } },
{ "type": "Feature", "properties": { "id": 202108, "left": -45.708113364, "top": -12.68062096, "right": -45.70775404, "bottom": -12.680980284, "centroid_x": -45.707934, "centroid_y": -12.680801, "talhao": "PL LOTE 01" }, "geometry": { "type": "MultiPolygon", "coordinates": [ [ [ [ -45.708113364, -12.68062096 ], [ -45.70775404, -12.68062096 ], [ -45.70775404, -12.680980284 ], [ -45.708113364, -12.680980284 ], [ -45.708113364, -12.68062096 ] ] ] ] } },
{ "type": "Feature", "properties": { "id": 202109, "left": -45.708113364, "top": -12.680980284, "right": -45.70775404, "bottom": -12.681339608, "centroid_x": -45.707934, "centroid_y": -12.68116, "talhao": "PL LOTE 01" }, "geometry": { "type": "MultiPolygon", "coordinates": [ [ [ [ -45.708113364, -12.680980284 ], [ -45.70775404, -12.680980284 ], [ -45.70775404, -12.681339608 ], [ -45.708113364, -12.681339608 ], [ -45.708113364, -12.680980284 ] ] ] ] } },
{ "type": "Feature", "properties": { "id": 202110, "left": -45.708113364, "top": -12.681339608, "right": -45.70775404, "bottom": -12.681698932, "centroid_x": -45.707934, "centroid_y": -12.681519, "talhao": "PL LOTE 01" }, "geometry": { "type": "MultiPolygon", "coordinates": [ [ [ [ -45.708113364, -12.681339608 ], [ -45.70775404, -12.681339608 ], [ -45.70775404, -12.681698932 ], [ -45.708113364, -12.681698932 ], [ -45.708113364, -12.681339608 ] ] ] ] } },
{ "type": "Feature", "properties": { "id": 202111, "left": -45.708113364, "top": -12.681698932, "right": -45.70775404, "bottom": -12.682058256, "centroid_x": -45.707934, "centroid_y": -12.681879, "talhao": "PL LOTE 01" }, "geometry": { "type": "MultiPolygon", "coordinates": [ [ [ [ -45.708113364, -12.681698932 ], [ -45.70775404, -12.681698932 ], [ -45.70775404, -12.682058256 ], [ -45.708113364, -12.682058256 ], [ -45.708113364, -12.681698932 ] ] ] ] } },
{ "type": "Feature", "properties": { "id": 202112, "left": -45.708113364, "top": -12.682058256, "right": -45.70775404, "bottom": -12.68241758, "centroid_x": -45.707943, "centroid_y": -12.682222, "talhao": "PL LOTE 01" }, "geometry": { "type": "MultiPolygon", "coordinates": [ [ [ [ -45.7080401033557, -12.68241758 ], [ -45.708113364, -12.68241758 ], [ -45.708113364, -12.682058256 ], [ -45.70775404, -12.682058256 ], [ -45.70775404, -12.682328781166667 ], [ -45.7080401033557, -12.68241758 ] ] ] ] } },
{ "type": "Feature", "properties": { "id": 202113, "left": -45.708113364, "top": -12.68241758, "right": -45.70775404, "bottom": -12.682776904000001, "centroid_x": -45.708089, "centroid_y": -12.682425, "talhao": "PL LOTE 01" }, "geometry": { "type": "MultiPolygon", "coordinates": [ [ [ [ -45.708093, -12.682434 ], [ -45.708113364, -12.682442166274113 ], [ -45.708113364, -12.68241758 ], [ -45.7080401033557, -12.68241758 ], [ -45.708093, -12.682434 ] ] ] ] } },
{ "type": "Feature", "properties": { "id": 202122, "left": -45.70775404, "top": -12.666607324, "right": -45.707394715999996, "bottom": -12.666966648000001, "centroid_x": -45.707611, "centroid_y": -12.666897, "talhao": "PL LOTE 01" }, "geometry": { "type": "MultiPolygon", "coordinates": [ [ [ [ -45.707632, -12.66682 ], [ -45.707452, -12.666894 ], [ -45.707394716, -12.666915458175897 ], [ -45.707394716, -12.666966648 ], [ -45.70775404, -12.666966648 ], [ -45.70775404, -12.666762678181819 ], [ -45.707632, -12.66682 ] ] ] ] } },
{ "type": "Feature", "properties": { "id": 202123, "left": -45.70775404, "top": -12.666966648000001, "right": -45.707394715999996, "bottom": -12.667325972, "centroid_x": -45.707574, "centroid_y": -12.667146, "talhao": "PL LOTE 01" }, "geometry": { "type": "MultiPolygon", "coordinates": [ [ [ [ -45.70775404, -12.666966648 ], [ -45.707394716, -12.666966648 ], [ -45.707394716, -12.667325972 ], [ -45.70775404, -12.667325972 ], [ -45.70775404, -12.666966648 ] ] ] ] } },
{ "type": "Feature", "properties": { "id": 202124, "left": -45.70775404, "top": -12.667325972, "right": -45.707394715999996, "bottom": -12.667685295999998, "centroid_x": -45.707574, "centroid_y": -12.667506, "talhao": "PL LOTE 01" }, "geometry": { "type": "MultiPolygon", "coordinates": [ [ [ [ -45.70775404, -12.667325972 ], [ -45.707394716, -12.667325972 ], [ -45.707394716, -12.667685296 ], [ -45.70775404, -12.667685296 ], [ -45.70775404, -12.667325972 ] ] ] ] } },
{ "type": "Feature", "properties": { "id": 202125, "left": -45.70775404, "top": -12.667685296, "right": -45.707394715999996, "bottom": -12.66804462, "centroid_x": -45.707574, "centroid_y": -12.667865, "talhao": "PL LOTE 01" }, "geometry": { "type": "MultiPolygon", "coordinates": [ [ [ [ -45.70775404, -12.667685296 ], [ -45.707394716, -12.667685296 ], [ -45.707394716, -12.66804462 ], [ -45.70775404, -12.66804462 ], [ -45.70775404, -12.667685296 ] ] ] ] } },
{ "type": "Feature", "properties": { "id": 202126, "left": -45.70775404, "top": -12.66804462, "right": -45.707394715999996, "bottom": -12.668403944, "centroid_x": -45.707574, "centroid_y": -12.668224, "talhao": "PL LOTE 01" }, "geometry": { "type": "MultiPolygon", "coordinates": [ [ [ [ -45.70775404, -12.66804462 ], [ -45.707394716, -12.66804462 ], [ -45.707394716, -12.668403944 ], [ -45.70775404, -12.668403944 ], [ -45.70775404, -12.66804462 ] ] ] ] } },
{ "type": "Feature", "properties": { "id": 202127, "left": -45.70775404, "top": -12.668403944, "right": -45.707394715999996, "bottom": -12.668763268, "centroid_x": -45.707574, "centroid_y": -12.668584, "talhao": "PL LOTE 01" }, "geometry": { "type": "MultiPolygon", "coordinates": [ [ [ [ -45.70775404, -12.668403944 ], [ -45.707394716, -12.668403944 ], [ -45.707394716, -12.668763268 ], [ -45.70775404, -12.668763268 ], [ -45.70775404, -12.668403944 ] ] ] ] } },
{ "type": "Feature", "properties": { "id": 202128, "left": -45.70775404, "top": -12.668763268, "right": -45.707394715999996, "bottom": -12.669122592000001, "centroid_x": -45.707574, "centroid_y": -12.668943, "talhao": "PL LOTE 01" }, "geometry": { "type": "MultiPolygon", "coordinates": [ [ [ [ -45.70775404, -12.668763268 ], [ -45.707394716, -12.668763268 ], [ -45.707394716, -12.669122592 ], [ -45.70775404, -12.669122592 ], [ -45.70775404, -12.668763268 ] ] ] ] } },
{ "type": "Feature", "properties": { "id": 202129, "left": -45.70775404, "top": -12.669122592000001, "right": -45.707394715999996, "bottom": -12.669481916000001, "centroid_x": -45.707574, "centroid_y": -12.669302, "talhao": "PL LOTE 01" }, "geometry": { "type": "MultiPolygon", "coordinates": [ [ [ [ -45.70775404, -12.669122592 ], [ -45.707394716, -12.669122592 ], [ -45.707394716, -12.669481916 ], [ -45.70775404, -12.669481916 ], [ -45.70775404, -12.669122592 ] ] ] ] } },
{ "type": "Feature", "properties": { "id": 202130, "left": -45.70775404, "top": -12.669481916000001, "right": -45.707394715999996, "bottom": -12.66984124, "centroid_x": -45.707574, "centroid_y": -12.669662, "talhao": "PL LOTE 01" }, "geometry": { "type": "MultiPolygon", "coordinates": [ [ [ [ -45.70775404, -12.669481916 ], [ -45.707394716, -12.669481916 ], [ -45.707394716, -12.66984124 ], [ -45.70775404, -12.66984124 ], [ -45.70775404, -12.669481916 ] ] ] ] } },
{ "type": "Feature", "properties": { "id": 202131, "left": -45.70775404, "top": -12.66984124, "right": -45.707394715999996, "bottom": -12.670200564, "centroid_x": -45.707574, "centroid_y": -12.670021, "talhao": "PL LOTE 01" }, "geometry": { "type": "MultiPolygon", "coordinates": [ [ [ [ -45.70775404, -12.66984124 ], [ -45.707394716, -12.66984124 ], [ -45.707394716, -12.670200564 ], [ -45.70775404, -12.670200564 ], [ -45.70775404, -12.66984124 ] ] ] ] } },
{ "type": "Feature", "properties": { "id": 202132, "left": -45.70775404, "top": -12.670200564, "right": -45.707394715999996, "bottom": -12.670559888, "centroid_x": -45.707574, "centroid_y": -12.67038, "talhao": "PL LOTE 01" }, "geometry": { "type": "MultiPolygon", "coordinates": [ [ [ [ -45.70775404, -12.670200564 ], [ -45.707394716, -12.670200564 ], [ -45.707394716, -12.670559888 ], [ -45.70775404, -12.670559888 ], [ -45.70775404, -12.670200564 ] ] ] ] } },
{ "type": "Feature", "properties": { "id": 202133, "left": -45.70775404, "top": -12.670559888, "right": -45.707394715999996, "bottom": -12.670919212, "centroid_x": -45.707574, "centroid_y": -12.67074, "talhao": "PL LOTE 01" }, "geometry": { "type": "MultiPolygon", "coordinates": [ [ [ [ -45.70775404, -12.670559888 ], [ -45.707394716, -12.670559888 ], [ -45.707394716, -12.670919212 ], [ -45.70775404, -12.670919212 ], [ -45.70775404, -12.670559888 ] ] ] ] } },
{ "type": "Feature", "properties": { "id": 202134, "left": -45.70775404, "top": -12.670919212, "right": -45.707394715999996, "bottom": -12.671278536000001, "centroid_x": -45.707574, "centroid_y": -12.671099, "talhao": "PL LOTE 01" }, "geometry": { "type": "MultiPolygon", "coordinates": [ [ [ [ -45.70775404, -12.670919212 ], [ -45.707394716, -12.670919212 ], [ -45.707394716, -12.671278536 ], [ -45.70775404, -12.671278536 ], [ -45.70775404, -12.670919212 ] ] ] ] } },
{ "type": "Feature", "properties": { "id": 202135, "left": -45.70775404, "top": -12.671278536000001, "right": -45.707394715999996, "bottom": -12.67163786, "centroid_x": -45.707574, "centroid_y": -12.671458, "talhao": "PL LOTE 01" }, "geometry": { "type": "MultiPolygon", "coordinates": [ [ [ [ -45.70775404, -12.671278536 ], [ -45.707394716, -12.671278536 ], [ -45.707394716, -12.67163786 ], [ -45.70775404, -12.67163786 ], [ -45.70775404, -12.671278536 ] ] ] ] } },
{ "type": "Feature", "properties": { "id": 202136, "left": -45.70775404, "top": -12.67163786, "right": -45.707394715999996, "bottom": -12.671997184, "centroid_x": -45.707574, "centroid_y": -12.671818, "talhao": "PL LOTE 01" }, "geometry": { "type": "MultiPolygon", "coordinates": [ [ [ [ -45.70775404, -12.67163786 ], [ -45.707394716, -12.67163786 ], [ -45.707394716, -12.671997184 ], [ -45.70775404, -12.671997184 ], [ -45.70775404, -12.67163786 ] ] ] ] } },
{ "type": "Feature", "properties": { "id": 202137, "left": -45.70775404, "top": -12.671997184, "right": -45.707394715999996, "bottom": -12.672356508, "centroid_x": -45.707574, "centroid_y": -12.672177, "talhao": "PL LOTE 01" }, "geometry": { "type": "MultiPolygon", "coordinates": [ [ [ [ -45.70775404, -12.671997184 ], [ -45.707394716, -12.671997184 ], [ -45.707394716, -12.672356508 ], [ -45.70775404, -12.672356508 ], [ -45.70775404, -12.671997184 ] ] ] ] } },
{ "type": "Feature", "properties": { "id": 202138, "left": -45.70775404, "top": -12.672356508, "right": -45.707394715999996, "bottom": -12.672715832, "centroid_x": -45.707574, "centroid_y": -12.672536, "talhao": "PL LOTE 01" }, "geometry": { "type": "MultiPolygon", "coordinates": [ [ [ [ -45.70775404, -12.672356508 ], [ -45.707394716, -12.672356508 ], [ -45.707394716, -12.672715832 ], [ -45.70775404, -12.672715832 ], [ -45.70775404, -12.672356508 ] ] ] ] } },
{ "type": "Feature", "properties": { "id": 202139, "left": -45.70775404, "top": -12.672715832, "right": -45.707394715999996, "bottom": -12.673075156, "centroid_x": -45.707574, "centroid_y": -12.672895, "talhao": "PL LOTE 01" }, "geometry": { "type": "MultiPolygon", "coordinates": [ [ [ [ -45.70775404, -12.672715832 ], [ -45.707394716, -12.672715832 ], [ -45.707394716, -12.673075156 ], [ -45.70775404, -12.673075156 ], [ -45.70775404, -12.672715832 ] ] ] ] } },
{ "type": "Feature", "properties": { "id": 202140, "left": -45.70775404, "top": -12.673075156, "right": -45.707394715999996, "bottom": -12.67343448, "centroid_x": -45.707574, "centroid_y": -12.673255, "talhao": "PL LOTE 01" }, "geometry": { "type": "MultiPolygon", "coordinates": [ [ [ [ -45.70775404, -12.673075156 ], [ -45.707394716, -12.673075156 ], [ -45.707394716, -12.67343448 ], [ -45.70775404, -12.67343448 ], [ -45.70775404, -12.673075156 ] ] ] ] } },
{ "type": "Feature", "properties": { "id": 202141, "left": -45.70775404, "top": -12.67343448, "right": -45.707394715999996, "bottom": -12.673793804000001, "centroid_x": -45.707574, "centroid_y": -12.673614, "talhao": "PL LOTE 01" }, "geometry": { "type": "MultiPolygon", "coordinates": [ [ [ [ -45.70775404, -12.67343448 ], [ -45.707394716, -12.67343448 ], [ -45.707394716, -12.673793804 ], [ -45.70775404, -12.673793804 ], [ -45.70775404, -12.67343448 ] ] ] ] } },
{ "type": "Feature", "properties": { "id": 202142, "left": -45.70775404, "top": -12.673793804000001, "right": -45.707394715999996, "bottom": -12.674153128, "centroid_x": -45.707574, "centroid_y": -12.673973, "talhao": "PL LOTE 01" }, "geometry": { "type": "MultiPolygon", "coordinates": [ [ [ [ -45.70775404, -12.673793804 ], [ -45.707394716, -12.673793804 ], [ -45.707394716, -12.674153128 ], [ -45.70775404, -12.674153128 ], [ -45.70775404, -12.673793804 ] ] ] ] } },
{ "type": "Feature", "properties": { "id": 202143, "left": -45.70775404, "top": -12.674153128, "right": -45.707394715999996, "bottom": -12.674512452, "centroid_x": -45.707574, "centroid_y": -12.674333, "talhao": "PL LOTE 01" }, "geometry": { "type": "MultiPolygon", "coordinates": [ [ [ [ -45.70775404, -12.674153128 ], [ -45.707394716, -12.674153128 ], [ -45.707394716, -12.674512452 ], [ -45.70775404, -12.674512452 ], [ -45.70775404, -12.674153128 ] ] ] ] } },
{ "type": "Feature", "properties": { "id": 202144, "left": -45.70775404, "top": -12.674512452, "right": -45.707394715999996, "bottom": -12.674871776, "centroid_x": -45.707574, "centroid_y": -12.674692, "talhao": "PL LOTE 01" }, "geometry": { "type": "MultiPolygon", "coordinates": [ [ [ [ -45.70775404, -12.674512452 ], [ -45.707394716, -12.674512452 ], [ -45.707394716, -12.674871776 ], [ -45.70775404, -12.674871776 ], [ -45.70775404, -12.674512452 ] ] ] ] } },
{ "type": "Feature", "properties": { "id": 202145, "left": -45.70775404, "top": -12.674871776, "right": -45.707394715999996, "bottom": -12.6752311, "centroid_x": -45.707574, "centroid_y": -12.675051, "talhao": "PL LOTE 01" }, "geometry": { "type": "MultiPolygon", "coordinates": [ [ [ [ -45.70775404, -12.674871776 ], [ -45.707394716, -12.674871776 ], [ -45.707394716, -12.6752311 ], [ -45.70775404, -12.6752311 ], [ -45.70775404, -12.674871776 ] ] ] ] } },
{ "type": "Feature", "properties": { "id": 202146, "left": -45.70775404, "top": -12.6752311, "right": -45.707394715999996, "bottom": -12.675590424, "centroid_x": -45.707574, "centroid_y": -12.675411, "talhao": "PL LOTE 01" }, "geometry": { "type": "MultiPolygon", "coordinates": [ [ [ [ -45.70775404, -12.6752311 ], [ -45.707394716, -12.6752311 ], [ -45.707394716, -12.675590424 ], [ -45.70775404, -12.675590424 ], [ -45.70775404, -12.6752311 ] ] ] ] } },
{ "type": "Feature", "properties": { "id": 202147, "left": -45.70775404, "top": -12.675590424, "right": -45.707394715999996, "bottom": -12.675949748000001, "centroid_x": -45.707574, "centroid_y": -12.67577, "talhao": "PL LOTE 01" }, "geometry": { "type": "MultiPolygon", "coordinates": [ [ [ [ -45.70775404, -12.675590424 ], [ -45.707394716, -12.675590424 ], [ -45.707394716, -12.675949748 ], [ -45.70775404, -12.675949748 ], [ -45.70775404, -12.675590424 ] ] ] ] } },
{ "type": "Feature", "properties": { "id": 202148, "left": -45.70775404, "top": -12.675949748000001, "right": -45.707394715999996, "bottom": -12.676309072, "centroid_x": -45.707574, "centroid_y": -12.676129, "talhao": "PL LOTE 01" }, "geometry": { "type": "MultiPolygon", "coordinates": [ [ [ [ -45.70775404, -12.675949748 ], [ -45.707394716, -12.675949748 ], [ -45.707394716, -12.676309072 ], [ -45.70775404, -12.676309072 ], [ -45.70775404, -12.675949748 ] ] ] ] } },
{ "type": "Feature", "properties": { "id": 202149, "left": -45.70775404, "top": -12.676309072, "right": -45.707394715999996, "bottom": -12.676668395999998, "centroid_x": -45.707574, "centroid_y": -12.676489, "talhao": "PL LOTE 01" }, "geometry": { "type": "MultiPolygon", "coordinates": [ [ [ [ -45.70775404, -12.676309072 ], [ -45.707394716, -12.676309072 ], [ -45.707394716, -12.676668396 ], [ -45.70775404, -12.676668396 ], [ -45.70775404, -12.676309072 ] ] ] ] } },
{ "type": "Feature", "properties": { "id": 202150, "left": -45.70775404, "top": -12.676668396, "right": -45.707394715999996, "bottom": -12.67702772, "centroid_x": -45.707574, "centroid_y": -12.676848, "talhao": "PL LOTE 01" }, "geometry": { "type": "MultiPolygon", "coordinates": [ [ [ [ -45.70775404, -12.676668396 ], [ -45.707394716, -12.676668396 ], [ -45.707394716, -12.67702772 ], [ -45.70775404, -12.67702772 ], [ -45.70775404, -12.676668396 ] ] ] ] } },
{ "type": "Feature", "properties": { "id": 202151, "left": -45.70775404, "top": -12.67702772, "right": -45.707394715999996, "bottom": -12.677387044, "centroid_x": -45.707574, "centroid_y": -12.677207, "talhao": "PL LOTE 01" }, "geometry": { "type": "MultiPolygon", "coordinates": [ [ [ [ -45.70775404, -12.67702772 ], [ -45.707394716, -12.67702772 ], [ -45.707394716, -12.677387044 ], [ -45.70775404, -12.677387044 ], [ -45.70775404, -12.67702772 ] ] ] ] } },
{ "type": "Feature", "properties": { "id": 202152, "left": -45.70775404, "top": -12.677387044, "right": -45.707394715999996, "bottom": -12.677746368, "centroid_x": -45.707574, "centroid_y": -12.677567, "talhao": "PL LOTE 01" }, "geometry": { "type": "MultiPolygon", "coordinates": [ [ [ [ -45.70775404, -12.677387044 ], [ -45.707394716, -12.677387044 ], [ -45.707394716, -12.677746368 ], [ -45.70775404, -12.677746368 ], [ -45.70775404, -12.677387044 ] ] ] ] } },
{ "type": "Feature", "properties": { "id": 202153, "left": -45.70775404, "top": -12.677746368, "right": -45.707394715999996, "bottom": -12.678105692000001, "centroid_x": -45.707574, "centroid_y": -12.677926, "talhao": "PL LOTE 01" }, "geometry": { "type": "MultiPolygon", "coordinates": [ [ [ [ -45.70775404, -12.677746368 ], [ -45.707394716, -12.677746368 ], [ -45.707394716, -12.678105692 ], [ -45.70775404, -12.678105692 ], [ -45.70775404, -12.677746368 ] ] ] ] } },
{ "type": "Feature", "properties": { "id": 202154, "left": -45.70775404, "top": -12.678105692000001, "right": -45.707394715999996, "bottom": -12.678465016000001, "centroid_x": -45.707574, "centroid_y": -12.678285, "talhao": "PL LOTE 01" }, "geometry": { "type": "MultiPolygon", "coordinates": [ [ [ [ -45.70775404, -12.678105692 ], [ -45.707394716, -12.678105692 ], [ -45.707394716, -12.678465016 ], [ -45.70775404, -12.678465016 ], [ -45.70775404, -12.678105692 ] ] ] ] } },
{ "type": "Feature", "properties": { "id": 202155, "left": -45.70775404, "top": -12.678465016000001, "right": -45.707394715999996, "bottom": -12.67882434, "centroid_x": -45.707574, "centroid_y": -12.678645, "talhao": "PL LOTE 01" }, "geometry": { "type": "MultiPolygon", "coordinates": [ [ [ [ -45.70775404, -12.678465016 ], [ -45.707394716, -12.678465016 ], [ -45.707394716, -12.67882434 ], [ -45.70775404, -12.67882434 ], [ -45.70775404, -12.678465016 ] ] ] ] } },
{ "type": "Feature", "properties": { "id": 202156, "left": -45.70775404, "top": -12.67882434, "right": -45.707394715999996, "bottom": -12.679183664, "centroid_x": -45.707574, "centroid_y": -12.679004, "talhao": "PL LOTE 01" }, "geometry": { "type": "MultiPolygon", "coordinates": [ [ [ [ -45.70775404, -12.67882434 ], [ -45.707394716, -12.67882434 ], [ -45.707394716, -12.679183664 ], [ -45.70775404, -12.679183664 ], [ -45.70775404, -12.67882434 ] ] ] ] } },
{ "type": "Feature", "properties": { "id": 202157, "left": -45.70775404, "top": -12.679183664, "right": -45.707394715999996, "bottom": -12.679542988, "centroid_x": -45.707574, "centroid_y": -12.679363, "talhao": "PL LOTE 01" }, "geometry": { "type": "MultiPolygon", "coordinates": [ [ [ [ -45.70775404, -12.679183664 ], [ -45.707394716, -12.679183664 ], [ -45.707394716, -12.679542988 ], [ -45.70775404, -12.679542988 ], [ -45.70775404, -12.679183664 ] ] ] ] } },
{ "type": "Feature", "properties": { "id": 202158, "left": -45.70775404, "top": -12.679542988, "right": -45.707394715999996, "bottom": -12.679902312, "centroid_x": -45.707574, "centroid_y": -12.679723, "talhao": "PL LOTE 01" }, "geometry": { "type": "MultiPolygon", "coordinates": [ [ [ [ -45.70775404, -12.679542988 ], [ -45.707394716, -12.679542988 ], [ -45.707394716, -12.679902312 ], [ -45.70775404, -12.679902312 ], [ -45.70775404, -12.679542988 ] ] ] ] } },
{ "type": "Feature", "properties": { "id": 202159, "left": -45.70775404, "top": -12.679902312, "right": -45.707394715999996, "bottom": -12.680261636, "centroid_x": -45.707574, "centroid_y": -12.680082, "talhao": "PL LOTE 01" }, "geometry": { "type": "MultiPolygon", "coordinates": [ [ [ [ -45.70775404, -12.679902312 ], [ -45.707394716, -12.679902312 ], [ -45.707394716, -12.680261636 ], [ -45.70775404, -12.680261636 ], [ -45.70775404, -12.679902312 ] ] ] ] } },
{ "type": "Feature", "properties": { "id": 202160, "left": -45.70775404, "top": -12.680261636, "right": -45.707394715999996, "bottom": -12.68062096, "centroid_x": -45.707574, "centroid_y": -12.680441, "talhao": "PL LOTE 01" }, "geometry": { "type": "MultiPolygon", "coordinates": [ [ [ [ -45.70775404, -12.680261636 ], [ -45.707394716, -12.680261636 ], [ -45.707394716, -12.68062096 ], [ -45.70775404, -12.68062096 ], [ -45.70775404, -12.680261636 ] ] ] ] } },
{ "type": "Feature", "properties": { "id": 202161, "left": -45.70775404, "top": -12.68062096, "right": -45.707394715999996, "bottom": -12.680980284, "centroid_x": -45.707574, "centroid_y": -12.680801, "talhao": "PL LOTE 01" }, "geometry": { "type": "MultiPolygon", "coordinates": [ [ [ [ -45.70775404, -12.68062096 ], [ -45.707394716, -12.68062096 ], [ -45.707394716, -12.680980284 ], [ -45.70775404, -12.680980284 ], [ -45.70775404, -12.68062096 ] ] ] ] } },
{ "type": "Feature", "properties": { "id": 202162, "left": -45.70775404, "top": -12.680980284, "right": -45.707394715999996, "bottom": -12.681339608, "centroid_x": -45.707574, "centroid_y": -12.68116, "talhao": "PL LOTE 01" }, "geometry": { "type": "MultiPolygon", "coordinates": [ [ [ [ -45.70775404, -12.680980284 ], [ -45.707394716, -12.680980284 ], [ -45.707394716, -12.681339608 ], [ -45.70775404, -12.681339608 ], [ -45.70775404, -12.680980284 ] ] ] ] } },
{ "type": "Feature", "properties": { "id": 202163, "left": -45.70775404, "top": -12.681339608, "right": -45.707394715999996, "bottom": -12.681698932, "centroid_x": -45.707574, "centroid_y": -12.681519, "talhao": "PL LOTE 01" }, "geometry": { "type": "MultiPolygon", "coordinates": [ [ [ [ -45.70775404, -12.681339608 ], [ -45.707394716, -12.681339608 ], [ -45.707394716, -12.681698932 ], [ -45.70775404, -12.681698932 ], [ -45.70775404, -12.681339608 ] ] ] ] } },
{ "type": "Feature", "properties": { "id": 202164, "left": -45.70775404, "top": -12.681698932, "right": -45.707394715999996, "bottom": -12.682058256, "centroid_x": -45.707574, "centroid_y": -12.681879, "talhao": "PL LOTE 01" }, "geometry": { "type": "MultiPolygon", "coordinates": [ [ [ [ -45.70775404, -12.681698932 ], [ -45.707394716, -12.681698932 ], [ -45.707394716, -12.682058256 ], [ -45.70775404, -12.682058256 ], [ -45.70775404, -12.681698932 ] ] ] ] } },
{ "type": "Feature", "properties": { "id": 202165, "left": -45.70775404, "top": -12.682058256, "right": -45.707394715999996, "bottom": -12.68241758, "centroid_x": -45.70759, "centroid_y": -12.682168, "talhao": "PL LOTE 01" }, "geometry": { "type": "MultiPolygon", "coordinates": [ [ [ [ -45.70775404, -12.682328781166667 ], [ -45.70775404, -12.682058256 ], [ -45.707394716, -12.682058256 ], [ -45.707394716, -12.682217241008333 ], [ -45.70775404, -12.682328781166667 ] ] ] ] } },
{ "type": "Feature", "properties": { "id": 202175, "left": -45.707394716000003, "top": -12.666607324, "right": -45.707035392000002, "bottom": -12.666966648000001, "centroid_x": -45.707349, "centroid_y": -12.66695, "talhao": "PL LOTE 01" }, "geometry": { "type": "MultiPolygon", "coordinates": [ [ [ [ -45.707258061426089, -12.666966648 ], [ -45.707394716, -12.666966648 ], [ -45.707394716, -12.666915458175895 ], [ -45.707258061426089, -12.666966648 ] ] ] ] } },
{ "type": "Feature", "properties": { "id": 202176, "left": -45.707394716000003, "top": -12.666966648000001, "right": -45.707035392000002, "bottom": -12.667325972, "centroid_x": -45.707223, "centroid_y": -12.667158, "talhao": "PL LOTE 01" }, "geometry": { "type": "MultiPolygon", "coordinates": [ [ [ [ -45.707145, -12.667009 ], [ -45.707035392, -12.667044724088887 ], [ -45.707035392, -12.667325972 ], [ -45.707394716, -12.667325972 ], [ -45.707394716, -12.666966648 ], [ -45.707258061426089, -12.666966648 ], [ -45.707145, -12.667009 ] ] ] ] } },
{ "type": "Feature", "properties": { "id": 202177, "left": -45.707394716000003, "top": -12.667325972, "right": -45.707035392000002, "bottom": -12.667685295999998, "centroid_x": -45.707215, "centroid_y": -12.667506, "talhao": "PL LOTE 01" }, "geometry": { "type": "MultiPolygon", "coordinates": [ [ [ [ -45.707394716, -12.667325972 ], [ -45.707035392, -12.667325972 ], [ -45.707035392, -12.667685296 ], [ -45.707394716, -12.667685296 ], [ -45.707394716, -12.667325972 ] ] ] ] } },
{ "type": "Feature", "properties": { "id": 202178, "left": -45.707394716000003, "top": -12.667685296, "right": -45.707035392000002, "bottom": -12.66804462, "centroid_x": -45.707215, "centroid_y": -12.667865, "talhao": "PL LOTE 01" }, "geometry": { "type": "MultiPolygon", "coordinates": [ [ [ [ -45.707394716, -12.667685296 ], [ -45.707035392, -12.667685296 ], [ -45.707035392, -12.66804462 ], [ -45.707394716, -12.66804462 ], [ -45.707394716, -12.667685296 ] ] ] ] } },
{ "type": "Feature", "properties": { "id": 202179, "left": -45.707394716000003, "top": -12.66804462, "right": -45.707035392000002, "bottom": -12.668403944, "centroid_x": -45.707215, "centroid_y": -12.668224, "talhao": "PL LOTE 01" }, "geometry": { "type": "MultiPolygon", "coordinates": [ [ [ [ -45.707394716, -12.66804462 ], [ -45.707035392, -12.66804462 ], [ -45.707035392, -12.668403944 ], [ -45.707394716, -12.668403944 ], [ -45.707394716, -12.66804462 ] ] ] ] } },
{ "type": "Feature", "properties": { "id": 202180, "left": -45.707394716000003, "top": -12.668403944, "right": -45.707035392000002, "bottom": -12.668763268, "centroid_x": -45.707215, "centroid_y": -12.668584, "talhao": "PL LOTE 01" }, "geometry": { "type": "MultiPolygon", "coordinates": [ [ [ [ -45.707394716, -12.668403944 ], [ -45.707035392, -12.668403944 ], [ -45.707035392, -12.668763268 ], [ -45.707394716, -12.668763268 ], [ -45.707394716, -12.668403944 ] ] ] ] } },
{ "type": "Feature", "properties": { "id": 202181, "left": -45.707394716000003, "top": -12.668763268, "right": -45.707035392000002, "bottom": -12.669122592000001, "centroid_x": -45.707215, "centroid_y": -12.668943, "talhao": "PL LOTE 01" }, "geometry": { "type": "MultiPolygon", "coordinates": [ [ [ [ -45.707394716, -12.668763268 ], [ -45.707035392, -12.668763268 ], [ -45.707035392, -12.669122592 ], [ -45.707394716, -12.669122592 ], [ -45.707394716, -12.668763268 ] ] ] ] } },
{ "type": "Feature", "properties": { "id": 202182, "left": -45.707394716000003, "top": -12.669122592000001, "right": -45.707035392000002, "bottom": -12.669481916000001, "centroid_x": -45.707215, "centroid_y": -12.669302, "talhao": "PL LOTE 01" }, "geometry": { "type": "MultiPolygon", "coordinates": [ [ [ [ -45.707394716, -12.669122592 ], [ -45.707035392, -12.669122592 ], [ -45.707035392, -12.669481916 ], [ -45.707394716, -12.669481916 ], [ -45.707394716, -12.669122592 ] ] ] ] } },
{ "type": "Feature", "properties": { "id": 202183, "left": -45.707394716000003, "top": -12.669481916000001, "right": -45.707035392000002, "bottom": -12.66984124, "centroid_x": -45.707215, "centroid_y": -12.669662, "talhao": "PL LOTE 01" }, "geometry": { "type": "MultiPolygon", "coordinates": [ [ [ [ -45.707394716, -12.669481916 ], [ -45.707035392, -12.669481916 ], [ -45.707035392, -12.66984124 ], [ -45.707394716, -12.66984124 ], [ -45.707394716, -12.669481916 ] ] ] ] } },
{ "type": "Feature", "properties": { "id": 202184, "left": -45.707394716000003, "top": -12.66984124, "right": -45.707035392000002, "bottom": -12.670200564, "centroid_x": -45.707215, "centroid_y": -12.670021, "talhao": "PL LOTE 01" }, "geometry": { "type": "MultiPolygon", "coordinates": [ [ [ [ -45.707394716, -12.66984124 ], [ -45.707035392, -12.66984124 ], [ -45.707035392, -12.670200564 ], [ -45.707394716, -12.670200564 ], [ -45.707394716, -12.66984124 ] ] ] ] } },
{ "type": "Feature", "properties": { "id": 202185, "left": -45.707394716000003, "top": -12.670200564, "right": -45.707035392000002, "bottom": -12.670559888, "centroid_x": -45.707215, "centroid_y": -12.67038, "talhao": "PL LOTE 01" }, "geometry": { "type": "MultiPolygon", "coordinates": [ [ [ [ -45.707394716, -12.670200564 ], [ -45.707035392, -12.670200564 ], [ -45.707035392, -12.670559888 ], [ -45.707394716, -12.670559888 ], [ -45.707394716, -12.670200564 ] ] ] ] } },
{ "type": "Feature", "properties": { "id": 202186, "left": -45.707394716000003, "top": -12.670559888, "right": -45.707035392000002, "bottom": -12.670919212, "centroid_x": -45.707215, "centroid_y": -12.67074, "talhao": "PL LOTE 01" }, "geometry": { "type": "MultiPolygon", "coordinates": [ [ [ [ -45.707394716, -12.670559888 ], [ -45.707035392, -12.670559888 ], [ -45.707035392, -12.670919212 ], [ -45.707394716, -12.670919212 ], [ -45.707394716, -12.670559888 ] ] ] ] } },
{ "type": "Feature", "properties": { "id": 202187, "left": -45.707394716000003, "top": -12.670919212, "right": -45.707035392000002, "bottom": -12.671278536000001, "centroid_x": -45.707215, "centroid_y": -12.671099, "talhao": "PL LOTE 01" }, "geometry": { "type": "MultiPolygon", "coordinates": [ [ [ [ -45.707394716, -12.670919212 ], [ -45.707035392, -12.670919212 ], [ -45.707035392, -12.671278536 ], [ -45.707394716, -12.671278536 ], [ -45.707394716, -12.670919212 ] ] ] ] } },
{ "type": "Feature", "properties": { "id": 202188, "left": -45.707394716000003, "top": -12.671278536000001, "right": -45.707035392000002, "bottom": -12.67163786, "centroid_x": -45.707215, "centroid_y": -12.671458, "talhao": "PL LOTE 01" }, "geometry": { "type": "MultiPolygon", "coordinates": [ [ [ [ -45.707394716, -12.671278536 ], [ -45.707035392, -12.671278536 ], [ -45.707035392, -12.67163786 ], [ -45.707394716, -12.67163786 ], [ -45.707394716, -12.671278536 ] ] ] ] } },
{ "type": "Feature", "properties": { "id": 202189, "left": -45.707394716000003, "top": -12.67163786, "right": -45.707035392000002, "bottom": -12.671997184, "centroid_x": -45.707215, "centroid_y": -12.671818, "talhao": "PL LOTE 01" }, "geometry": { "type": "MultiPolygon", "coordinates": [ [ [ [ -45.707394716, -12.67163786 ], [ -45.707035392, -12.67163786 ], [ -45.707035392, -12.671997184 ], [ -45.707394716, -12.671997184 ], [ -45.707394716, -12.67163786 ] ] ] ] } },
{ "type": "Feature", "properties": { "id": 202190, "left": -45.707394716000003, "top": -12.671997184, "right": -45.707035392000002, "bottom": -12.672356508, "centroid_x": -45.707215, "centroid_y": -12.672177, "talhao": "PL LOTE 01" }, "geometry": { "type": "MultiPolygon", "coordinates": [ [ [ [ -45.707394716, -12.671997184 ], [ -45.707035392, -12.671997184 ], [ -45.707035392, -12.672356508 ], [ -45.707394716, -12.672356508 ], [ -45.707394716, -12.671997184 ] ] ] ] } },
{ "type": "Feature", "properties": { "id": 202191, "left": -45.707394716000003, "top": -12.672356508, "right": -45.707035392000002, "bottom": -12.672715832, "centroid_x": -45.707215, "centroid_y": -12.672536, "talhao": "PL LOTE 01" }, "geometry": { "type": "MultiPolygon", "coordinates": [ [ [ [ -45.707394716, -12.672356508 ], [ -45.707035392, -12.672356508 ], [ -45.707035392, -12.672715832 ], [ -45.707394716, -12.672715832 ], [ -45.707394716, -12.672356508 ] ] ] ] } },
{ "type": "Feature", "properties": { "id": 202192, "left": -45.707394716000003, "top": -12.672715832, "right": -45.707035392000002, "bottom": -12.673075156, "centroid_x": -45.707215, "centroid_y": -12.672895, "talhao": "PL LOTE 01" }, "geometry": { "type": "MultiPolygon", "coordinates": [ [ [ [ -45.707394716, -12.672715832 ], [ -45.707035392, -12.672715832 ], [ -45.707035392, -12.673075156 ], [ -45.707394716, -12.673075156 ], [ -45.707394716, -12.672715832 ] ] ] ] } },
{ "type": "Feature", "properties": { "id": 202193, "left": -45.707394716000003, "top": -12.673075156, "right": -45.707035392000002, "bottom": -12.67343448, "centroid_x": -45.707215, "centroid_y": -12.673255, "talhao": "PL LOTE 01" }, "geometry": { "type": "MultiPolygon", "coordinates": [ [ [ [ -45.707394716, -12.673075156 ], [ -45.707035392, -12.673075156 ], [ -45.707035392, -12.67343448 ], [ -45.707394716, -12.67343448 ], [ -45.707394716, -12.673075156 ] ] ] ] } },
{ "type": "Feature", "properties": { "id": 202194, "left": -45.707394716000003, "top": -12.67343448, "right": -45.707035392000002, "bottom": -12.673793804000001, "centroid_x": -45.707215, "centroid_y": -12.673614, "talhao": "PL LOTE 01" }, "geometry": { "type": "MultiPolygon", "coordinates": [ [ [ [ -45.707394716, -12.67343448 ], [ -45.707035392, -12.67343448 ], [ -45.707035392, -12.673793804 ], [ -45.707394716, -12.673793804 ], [ -45.707394716, -12.67343448 ] ] ] ] } },
{ "type": "Feature", "properties": { "id": 202195, "left": -45.707394716000003, "top": -12.673793804000001, "right": -45.707035392000002, "bottom": -12.674153128, "centroid_x": -45.707215, "centroid_y": -12.673973, "talhao": "PL LOTE 01" }, "geometry": { "type": "MultiPolygon", "coordinates": [ [ [ [ -45.707394716, -12.673793804 ], [ -45.707035392, -12.673793804 ], [ -45.707035392, -12.674153128 ], [ -45.707394716, -12.674153128 ], [ -45.707394716, -12.673793804 ] ] ] ] } },
{ "type": "Feature", "properties": { "id": 202196, "left": -45.707394716000003, "top": -12.674153128, "right": -45.707035392000002, "bottom": -12.674512452, "centroid_x": -45.707215, "centroid_y": -12.674333, "talhao": "PL LOTE 01" }, "geometry": { "type": "MultiPolygon", "coordinates": [ [ [ [ -45.707394716, -12.674153128 ], [ -45.707035392, -12.674153128 ], [ -45.707035392, -12.674512452 ], [ -45.707394716, -12.674512452 ], [ -45.707394716, -12.674153128 ] ] ] ] } },
{ "type": "Feature", "properties": { "id": 202197, "left": -45.707394716000003, "top": -12.674512452, "right": -45.707035392000002, "bottom": -12.674871776, "centroid_x": -45.707215, "centroid_y": -12.674692, "talhao": "PL LOTE 01" }, "geometry": { "type": "MultiPolygon", "coordinates": [ [ [ [ -45.707394716, -12.674512452 ], [ -45.707035392, -12.674512452 ], [ -45.707035392, -12.674871776 ], [ -45.707394716, -12.674871776 ], [ -45.707394716, -12.674512452 ] ] ] ] } },
{ "type": "Feature", "properties": { "id": 202198, "left": -45.707394716000003, "top": -12.674871776, "right": -45.707035392000002, "bottom": -12.6752311, "centroid_x": -45.707215, "centroid_y": -12.675051, "talhao": "PL LOTE 01" }, "geometry": { "type": "MultiPolygon", "coordinates": [ [ [ [ -45.707394716, -12.674871776 ], [ -45.707035392, -12.674871776 ], [ -45.707035392, -12.6752311 ], [ -45.707394716, -12.6752311 ], [ -45.707394716, -12.674871776 ] ] ] ] } },
{ "type": "Feature", "properties": { "id": 202199, "left": -45.707394716000003, "top": -12.6752311, "right": -45.707035392000002, "bottom": -12.675590424, "centroid_x": -45.707215, "centroid_y": -12.675411, "talhao": "PL LOTE 01" }, "geometry": { "type": "MultiPolygon", "coordinates": [ [ [ [ -45.707394716, -12.6752311 ], [ -45.707035392, -12.6752311 ], [ -45.707035392, -12.675590424 ], [ -45.707394716, -12.675590424 ], [ -45.707394716, -12.6752311 ] ] ] ] } },
{ "type": "Feature", "properties": { "id": 202200, "left": -45.707394716000003, "top": -12.675590424, "right": -45.707035392000002, "bottom": -12.675949748000001, "centroid_x": -45.707215, "centroid_y": -12.67577, "talhao": "PL LOTE 01" }, "geometry": { "type": "MultiPolygon", "coordinates": [ [ [ [ -45.707394716, -12.675590424 ], [ -45.707035392, -12.675590424 ], [ -45.707035392, -12.675949748 ], [ -45.707394716, -12.675949748 ], [ -45.707394716, -12.675590424 ] ] ] ] } },
{ "type": "Feature", "properties": { "id": 202201, "left": -45.707394716000003, "top": -12.675949748000001, "right": -45.707035392000002, "bottom": -12.676309072, "centroid_x": -45.707215, "centroid_y": -12.676129, "talhao": "PL LOTE 01" }, "geometry": { "type": "MultiPolygon", "coordinates": [ [ [ [ -45.707394716, -12.675949748 ], [ -45.707035392, -12.675949748 ], [ -45.707035392, -12.676309072 ], [ -45.707394716, -12.676309072 ], [ -45.707394716, -12.675949748 ] ] ] ] } },
{ "type": "Feature", "properties": { "id": 202202, "left": -45.707394716000003, "top": -12.676309072, "right": -45.707035392000002, "bottom": -12.676668395999998, "centroid_x": -45.707215, "centroid_y": -12.676489, "talhao": "PL LOTE 01" }, "geometry": { "type": "MultiPolygon", "coordinates": [ [ [ [ -45.707394716, -12.676309072 ], [ -45.707035392, -12.676309072 ], [ -45.707035392, -12.676668396 ], [ -45.707394716, -12.676668396 ], [ -45.707394716, -12.676309072 ] ] ] ] } },
{ "type": "Feature", "properties": { "id": 202203, "left": -45.707394716000003, "top": -12.676668396, "right": -45.707035392000002, "bottom": -12.67702772, "centroid_x": -45.707215, "centroid_y": -12.676848, "talhao": "PL LOTE 01" }, "geometry": { "type": "MultiPolygon", "coordinates": [ [ [ [ -45.707394716, -12.676668396 ], [ -45.707035392, -12.676668396 ], [ -45.707035392, -12.67702772 ], [ -45.707394716, -12.67702772 ], [ -45.707394716, -12.676668396 ] ] ] ] } },
{ "type": "Feature", "properties": { "id": 202204, "left": -45.707394716000003, "top": -12.67702772, "right": -45.707035392000002, "bottom": -12.677387044, "centroid_x": -45.707215, "centroid_y": -12.677207, "talhao": "PL LOTE 01" }, "geometry": { "type": "MultiPolygon", "coordinates": [ [ [ [ -45.707394716, -12.67702772 ], [ -45.707035392, -12.67702772 ], [ -45.707035392, -12.677387044 ], [ -45.707394716, -12.677387044 ], [ -45.707394716, -12.67702772 ] ] ] ] } },
{ "type": "Feature", "properties": { "id": 202205, "left": -45.707394716000003, "top": -12.677387044, "right": -45.707035392000002, "bottom": -12.677746368, "centroid_x": -45.707215, "centroid_y": -12.677567, "talhao": "PL LOTE 01" }, "geometry": { "type": "MultiPolygon", "coordinates": [ [ [ [ -45.707394716, -12.677387044 ], [ -45.707035392, -12.677387044 ], [ -45.707035392, -12.677746368 ], [ -45.707394716, -12.677746368 ], [ -45.707394716, -12.677387044 ] ] ] ] } },
{ "type": "Feature", "properties": { "id": 202206, "left": -45.707394716000003, "top": -12.677746368, "right": -45.707035392000002, "bottom": -12.678105692000001, "centroid_x": -45.707215, "centroid_y": -12.677926, "talhao": "PL LOTE 01" }, "geometry": { "type": "MultiPolygon", "coordinates": [ [ [ [ -45.707394716, -12.677746368 ], [ -45.707035392, -12.677746368 ], [ -45.707035392, -12.678105692 ], [ -45.707394716, -12.678105692 ], [ -45.707394716, -12.677746368 ] ] ] ] } },
{ "type": "Feature", "properties": { "id": 202207, "left": -45.707394716000003, "top": -12.678105692000001, "right": -45.707035392000002, "bottom": -12.678465016000001, "centroid_x": -45.707215, "centroid_y": -12.678285, "talhao": "PL LOTE 01" }, "geometry": { "type": "MultiPolygon", "coordinates": [ [ [ [ -45.707394716, -12.678105692 ], [ -45.707035392, -12.678105692 ], [ -45.707035392, -12.678465016 ], [ -45.707394716, -12.678465016 ], [ -45.707394716, -12.678105692 ] ] ] ] } },
{ "type": "Feature", "properties": { "id": 202208, "left": -45.707394716000003, "top": -12.678465016000001, "right": -45.707035392000002, "bottom": -12.67882434, "centroid_x": -45.707215, "centroid_y": -12.678645, "talhao": "PL LOTE 01" }, "geometry": { "type": "MultiPolygon", "coordinates": [ [ [ [ -45.707394716, -12.678465016 ], [ -45.707035392, -12.678465016 ], [ -45.707035392, -12.67882434 ], [ -45.707394716, -12.67882434 ], [ -45.707394716, -12.678465016 ] ] ] ] } },
{ "type": "Feature", "properties": { "id": 202209, "left": -45.707394716000003, "top": -12.67882434, "right": -45.707035392000002, "bottom": -12.679183664, "centroid_x": -45.707215, "centroid_y": -12.679004, "talhao": "PL LOTE 01" }, "geometry": { "type": "MultiPolygon", "coordinates": [ [ [ [ -45.707394716, -12.67882434 ], [ -45.707035392, -12.67882434 ], [ -45.707035392, -12.679183664 ], [ -45.707394716, -12.679183664 ], [ -45.707394716, -12.67882434 ] ] ] ] } },
{ "type": "Feature", "properties": { "id": 202210, "left": -45.707394716000003, "top": -12.679183664, "right": -45.707035392000002, "bottom": -12.679542988, "centroid_x": -45.707215, "centroid_y": -12.679363, "talhao": "PL LOTE 01" }, "geometry": { "type": "MultiPolygon", "coordinates": [ [ [ [ -45.707394716, -12.679183664 ], [ -45.707035392, -12.679183664 ], [ -45.707035392, -12.679542988 ], [ -45.707394716, -12.679542988 ], [ -45.707394716, -12.679183664 ] ] ] ] } },
{ "type": "Feature", "properties": { "id": 202211, "left": -45.707394716000003, "top": -12.679542988, "right": -45.707035392000002, "bottom": -12.679902312, "centroid_x": -45.707215, "centroid_y": -12.679723, "talhao": "PL LOTE 01" }, "geometry": { "type": "MultiPolygon", "coordinates": [ [ [ [ -45.707394716, -12.679542988 ], [ -45.707035392, -12.679542988 ], [ -45.707035392, -12.679902312 ], [ -45.707394716, -12.679902312 ], [ -45.707394716, -12.679542988 ] ] ] ] } },
{ "type": "Feature", "properties": { "id": 202212, "left": -45.707394716000003, "top": -12.679902312, "right": -45.707035392000002, "bottom": -12.680261636, "centroid_x": -45.707215, "centroid_y": -12.680082, "talhao": "PL LOTE 01" }, "geometry": { "type": "MultiPolygon", "coordinates": [ [ [ [ -45.707394716, -12.679902312 ], [ -45.707035392, -12.679902312 ], [ -45.707035392, -12.680261636 ], [ -45.707394716, -12.680261636 ], [ -45.707394716, -12.679902312 ] ] ] ] } },
{ "type": "Feature", "properties": { "id": 202213, "left": -45.707394716000003, "top": -12.680261636, "right": -45.707035392000002, "bottom": -12.68062096, "centroid_x": -45.707215, "centroid_y": -12.680441, "talhao": "PL LOTE 01" }, "geometry": { "type": "MultiPolygon", "coordinates": [ [ [ [ -45.707394716, -12.680261636 ], [ -45.707035392, -12.680261636 ], [ -45.707035392, -12.68062096 ], [ -45.707394716, -12.68062096 ], [ -45.707394716, -12.680261636 ] ] ] ] } },
{ "type": "Feature", "properties": { "id": 202214, "left": -45.707394716000003, "top": -12.68062096, "right": -45.707035392000002, "bottom": -12.680980284, "centroid_x": -45.707215, "centroid_y": -12.680801, "talhao": "PL LOTE 01" }, "geometry": { "type": "MultiPolygon", "coordinates": [ [ [ [ -45.707394716, -12.68062096 ], [ -45.707035392, -12.68062096 ], [ -45.707035392, -12.680980284 ], [ -45.707394716, -12.680980284 ], [ -45.707394716, -12.68062096 ] ] ] ] } },
{ "type": "Feature", "properties": { "id": 202215, "left": -45.707394716000003, "top": -12.680980284, "right": -45.707035392000002, "bottom": -12.681339608, "centroid_x": -45.707215, "centroid_y": -12.68116, "talhao": "PL LOTE 01" }, "geometry": { "type": "MultiPolygon", "coordinates": [ [ [ [ -45.707394716, -12.680980284 ], [ -45.707035392, -12.680980284 ], [ -45.707035392, -12.681339608 ], [ -45.707394716, -12.681339608 ], [ -45.707394716, -12.680980284 ] ] ] ] } },
{ "type": "Feature", "properties": { "id": 202216, "left": -45.707394716000003, "top": -12.681339608, "right": -45.707035392000002, "bottom": -12.681698932, "centroid_x": -45.707215, "centroid_y": -12.681519, "talhao": "PL LOTE 01" }, "geometry": { "type": "MultiPolygon", "coordinates": [ [ [ [ -45.707394716, -12.681339608 ], [ -45.707035392, -12.681339608 ], [ -45.707035392, -12.681698932 ], [ -45.707394716, -12.681698932 ], [ -45.707394716, -12.681339608 ] ] ] ] } },
{ "type": "Feature", "properties": { "id": 202217, "left": -45.707394716000003, "top": -12.681698932, "right": -45.707035392000002, "bottom": -12.682058256, "centroid_x": -45.707215, "centroid_y": -12.681879, "talhao": "PL LOTE 01" }, "geometry": { "type": "MultiPolygon", "coordinates": [ [ [ [ -45.707394716, -12.681698932 ], [ -45.707035392, -12.681698932 ], [ -45.707035392, -12.682058256 ], [ -45.707394716, -12.682058256 ], [ -45.707394716, -12.681698932 ] ] ] ] } },
{ "type": "Feature", "properties": { "id": 202218, "left": -45.707394716000003, "top": -12.682058256, "right": -45.707035392000002, "bottom": -12.68241758, "centroid_x": -45.707248, "centroid_y": -12.682115, "talhao": "PL LOTE 01" }, "geometry": { "type": "MultiPolygon", "coordinates": [ [ [ [ -45.70706, -12.682111 ], [ -45.707133, -12.682136 ], [ -45.707394716, -12.682217241008335 ], [ -45.707394716, -12.682058256 ], [ -45.707035392, -12.682058256 ], [ -45.707035392, -12.682098151575223 ], [ -45.70706, -12.682111 ] ] ] ] } },
{ "type": "Feature", "properties": { "id": 202229, "left": -45.707035392000002, "top": -12.666966648000001, "right": -45.706676068, "bottom": -12.667325972, "centroid_x": -45.70687, "centroid_y": -12.66721, "talhao": "PL LOTE 01" }, "geometry": { "type": "MultiPolygon", "coordinates": [ [ [ [ -45.70701, -12.667053 ], [ -45.706713, -12.667141 ], [ -45.706676068, -12.667149965023748 ], [ -45.706676068, -12.667325972 ], [ -45.707035392, -12.667325972 ], [ -45.707035392, -12.667044724088887 ], [ -45.70701, -12.667053 ] ] ] ] } },
{ "type": "Feature", "properties": { "id": 202230, "left": -45.707035392000002, "top": -12.667325972, "right": -45.706676068, "bottom": -12.667685295999998, "centroid_x": -45.706856, "centroid_y": -12.667506, "talhao": "PL LOTE 01" }, "geometry": { "type": "MultiPolygon", "coordinates": [ [ [ [ -45.707035392, -12.667325972 ], [ -45.706676068, -12.667325972 ], [ -45.706676068, -12.667685296 ], [ -45.707035392, -12.667685296 ], [ -45.707035392, -12.667325972 ] ] ] ] } },
{ "type": "Feature", "properties": { "id": 202231, "left": -45.707035392000002, "top": -12.667685296, "right": -45.706676068, "bottom": -12.66804462, "centroid_x": -45.706856, "centroid_y": -12.667865, "talhao": "PL LOTE 01" }, "geometry": { "type": "MultiPolygon", "coordinates": [ [ [ [ -45.707035392, -12.667685296 ], [ -45.706676068, -12.667685296 ], [ -45.706676068, -12.66804462 ], [ -45.707035392, -12.66804462 ], [ -45.707035392, -12.667685296 ] ] ] ] } },
{ "type": "Feature", "properties": { "id": 202232, "left": -45.707035392000002, "top": -12.66804462, "right": -45.706676068, "bottom": -12.668403944, "centroid_x": -45.706856, "centroid_y": -12.668224, "talhao": "PL LOTE 01" }, "geometry": { "type": "MultiPolygon", "coordinates": [ [ [ [ -45.707035392, -12.66804462 ], [ -45.706676068, -12.66804462 ], [ -45.706676068, -12.668403944 ], [ -45.707035392, -12.668403944 ], [ -45.707035392, -12.66804462 ] ] ] ] } },
{ "type": "Feature", "properties": { "id": 202233, "left": -45.707035392000002, "top": -12.668403944, "right": -45.706676068, "bottom": -12.668763268, "centroid_x": -45.706856, "centroid_y": -12.668584, "talhao": "PL LOTE 01" }, "geometry": { "type": "MultiPolygon", "coordinates": [ [ [ [ -45.707035392, -12.668403944 ], [ -45.706676068, -12.668403944 ], [ -45.706676068, -12.668763268 ], [ -45.707035392, -12.668763268 ], [ -45.707035392, -12.668403944 ] ] ] ] } },
{ "type": "Feature", "properties": { "id": 202234, "left": -45.707035392000002, "top": -12.668763268, "right": -45.706676068, "bottom": -12.669122592000001, "centroid_x": -45.706856, "centroid_y": -12.668943, "talhao": "PL LOTE 01" }, "geometry": { "type": "MultiPolygon", "coordinates": [ [ [ [ -45.707035392, -12.668763268 ], [ -45.706676068, -12.668763268 ], [ -45.706676068, -12.669122592 ], [ -45.707035392, -12.669122592 ], [ -45.707035392, -12.668763268 ] ] ] ] } },
{ "type": "Feature", "properties": { "id": 202235, "left": -45.707035392000002, "top": -12.669122592000001, "right": -45.706676068, "bottom": -12.669481916000001, "centroid_x": -45.706856, "centroid_y": -12.669302, "talhao": "PL LOTE 01" }, "geometry": { "type": "MultiPolygon", "coordinates": [ [ [ [ -45.707035392, -12.669122592 ], [ -45.706676068, -12.669122592 ], [ -45.706676068, -12.669481916 ], [ -45.707035392, -12.669481916 ], [ -45.707035392, -12.669122592 ] ] ] ] } },
{ "type": "Feature", "properties": { "id": 202236, "left": -45.707035392000002, "top": -12.669481916000001, "right": -45.706676068, "bottom": -12.66984124, "centroid_x": -45.706856, "centroid_y": -12.669662, "talhao": "PL LOTE 01" }, "geometry": { "type": "MultiPolygon", "coordinates": [ [ [ [ -45.707035392, -12.669481916 ], [ -45.706676068, -12.669481916 ], [ -45.706676068, -12.66984124 ], [ -45.707035392, -12.66984124 ], [ -45.707035392, -12.669481916 ] ] ] ] } },
{ "type": "Feature", "properties": { "id": 202237, "left": -45.707035392000002, "top": -12.66984124, "right": -45.706676068, "bottom": -12.670200564, "centroid_x": -45.706856, "centroid_y": -12.670021, "talhao": "PL LOTE 01" }, "geometry": { "type": "MultiPolygon", "coordinates": [ [ [ [ -45.707035392, -12.66984124 ], [ -45.706676068, -12.66984124 ], [ -45.706676068, -12.670200564 ], [ -45.707035392, -12.670200564 ], [ -45.707035392, -12.66984124 ] ] ] ] } },
{ "type": "Feature", "properties": { "id": 202238, "left": -45.707035392000002, "top": -12.670200564, "right": -45.706676068, "bottom": -12.670559888, "centroid_x": -45.706856, "centroid_y": -12.67038, "talhao": "PL LOTE 01" }, "geometry": { "type": "MultiPolygon", "coordinates": [ [ [ [ -45.707035392, -12.670200564 ], [ -45.706676068, -12.670200564 ], [ -45.706676068, -12.670559888 ], [ -45.707035392, -12.670559888 ], [ -45.707035392, -12.670200564 ] ] ] ] } },
{ "type": "Feature", "properties": { "id": 202239, "left": -45.707035392000002, "top": -12.670559888, "right": -45.706676068, "bottom": -12.670919212, "centroid_x": -45.706856, "centroid_y": -12.67074, "talhao": "PL LOTE 01" }, "geometry": { "type": "MultiPolygon", "coordinates": [ [ [ [ -45.707035392, -12.670559888 ], [ -45.706676068, -12.670559888 ], [ -45.706676068, -12.670919212 ], [ -45.707035392, -12.670919212 ], [ -45.707035392, -12.670559888 ] ] ] ] } },
{ "type": "Feature", "properties": { "id": 202240, "left": -45.707035392000002, "top": -12.670919212, "right": -45.706676068, "bottom": -12.671278536000001, "centroid_x": -45.706856, "centroid_y": -12.671099, "talhao": "PL LOTE 01" }, "geometry": { "type": "MultiPolygon", "coordinates": [ [ [ [ -45.707035392, -12.670919212 ], [ -45.706676068, -12.670919212 ], [ -45.706676068, -12.671278536 ], [ -45.707035392, -12.671278536 ], [ -45.707035392, -12.670919212 ] ] ] ] } },
{ "type": "Feature", "properties": { "id": 202241, "left": -45.707035392000002, "top": -12.671278536000001, "right": -45.706676068, "bottom": -12.67163786, "centroid_x": -45.706856, "centroid_y": -12.671458, "talhao": "PL LOTE 01" }, "geometry": { "type": "MultiPolygon", "coordinates": [ [ [ [ -45.707035392, -12.671278536 ], [ -45.706676068, -12.671278536 ], [ -45.706676068, -12.67163786 ], [ -45.707035392, -12.67163786 ], [ -45.707035392, -12.671278536 ] ] ] ] } },
{ "type": "Feature", "properties": { "id": 202242, "left": -45.707035392000002, "top": -12.67163786, "right": -45.706676068, "bottom": -12.671997184, "centroid_x": -45.706856, "centroid_y": -12.671818, "talhao": "PL LOTE 01" }, "geometry": { "type": "MultiPolygon", "coordinates": [ [ [ [ -45.707035392, -12.67163786 ], [ -45.706676068, -12.67163786 ], [ -45.706676068, -12.671997184 ], [ -45.707035392, -12.671997184 ], [ -45.707035392, -12.67163786 ] ] ] ] } },
{ "type": "Feature", "properties": { "id": 202243, "left": -45.707035392000002, "top": -12.671997184, "right": -45.706676068, "bottom": -12.672356508, "centroid_x": -45.706856, "centroid_y": -12.672177, "talhao": "PL LOTE 01" }, "geometry": { "type": "MultiPolygon", "coordinates": [ [ [ [ -45.707035392, -12.671997184 ], [ -45.706676068, -12.671997184 ], [ -45.706676068, -12.672356508 ], [ -45.707035392, -12.672356508 ], [ -45.707035392, -12.671997184 ] ] ] ] } },
{ "type": "Feature", "properties": { "id": 202244, "left": -45.707035392000002, "top": -12.672356508, "right": -45.706676068, "bottom": -12.672715832, "centroid_x": -45.706856, "centroid_y": -12.672536, "talhao": "PL LOTE 01" }, "geometry": { "type": "MultiPolygon", "coordinates": [ [ [ [ -45.707035392, -12.672356508 ], [ -45.706676068, -12.672356508 ], [ -45.706676068, -12.672715832 ], [ -45.707035392, -12.672715832 ], [ -45.707035392, -12.672356508 ] ] ] ] } },
{ "type": "Feature", "properties": { "id": 202245, "left": -45.707035392000002, "top": -12.672715832, "right": -45.706676068, "bottom": -12.673075156, "centroid_x": -45.706856, "centroid_y": -12.672895, "talhao": "PL LOTE 01" }, "geometry": { "type": "MultiPolygon", "coordinates": [ [ [ [ -45.707035392, -12.672715832 ], [ -45.706676068, -12.672715832 ], [ -45.706676068, -12.673075156 ], [ -45.707035392, -12.673075156 ], [ -45.707035392, -12.672715832 ] ] ] ] } },
{ "type": "Feature", "properties": { "id": 202246, "left": -45.707035392000002, "top": -12.673075156, "right": -45.706676068, "bottom": -12.67343448, "centroid_x": -45.706856, "centroid_y": -12.673255, "talhao": "PL LOTE 01" }, "geometry": { "type": "MultiPolygon", "coordinates": [ [ [ [ -45.707035392, -12.673075156 ], [ -45.706676068, -12.673075156 ], [ -45.706676068, -12.67343448 ], [ -45.707035392, -12.67343448 ], [ -45.707035392, -12.673075156 ] ] ] ] } },
{ "type": "Feature", "properties": { "id": 202247, "left": -45.707035392000002, "top": -12.67343448, "right": -45.706676068, "bottom": -12.673793804000001, "centroid_x": -45.706856, "centroid_y": -12.673614, "talhao": "PL LOTE 01" }, "geometry": { "type": "MultiPolygon", "coordinates": [ [ [ [ -45.707035392, -12.67343448 ], [ -45.706676068, -12.67343448 ], [ -45.706676068, -12.673793804 ], [ -45.707035392, -12.673793804 ], [ -45.707035392, -12.67343448 ] ] ] ] } },
{ "type": "Feature", "properties": { "id": 202248, "left": -45.707035392000002, "top": -12.673793804000001, "right": -45.706676068, "bottom": -12.674153128, "centroid_x": -45.706856, "centroid_y": -12.673973, "talhao": "PL LOTE 01" }, "geometry": { "type": "MultiPolygon", "coordinates": [ [ [ [ -45.707035392, -12.673793804 ], [ -45.706676068, -12.673793804 ], [ -45.706676068, -12.674153128 ], [ -45.707035392, -12.674153128 ], [ -45.707035392, -12.673793804 ] ] ] ] } },
{ "type": "Feature", "properties": { "id": 202249, "left": -45.707035392000002, "top": -12.674153128, "right": -45.706676068, "bottom": -12.674512452, "centroid_x": -45.706856, "centroid_y": -12.674333, "talhao": "PL LOTE 01" }, "geometry": { "type": "MultiPolygon", "coordinates": [ [ [ [ -45.707035392, -12.674153128 ], [ -45.706676068, -12.674153128 ], [ -45.706676068, -12.674512452 ], [ -45.707035392, -12.674512452 ], [ -45.707035392, -12.674153128 ] ] ] ] } },
{ "type": "Feature", "properties": { "id": 202250, "left": -45.707035392000002, "top": -12.674512452, "right": -45.706676068, "bottom": -12.674871776, "centroid_x": -45.706856, "centroid_y": -12.674692, "talhao": "PL LOTE 01" }, "geometry": { "type": "MultiPolygon", "coordinates": [ [ [ [ -45.707035392, -12.674512452 ], [ -45.706676068, -12.674512452 ], [ -45.706676068, -12.674871776 ], [ -45.707035392, -12.674871776 ], [ -45.707035392, -12.674512452 ] ] ] ] } },
{ "type": "Feature", "properties": { "id": 202251, "left": -45.707035392000002, "top": -12.674871776, "right": -45.706676068, "bottom": -12.6752311, "centroid_x": -45.706856, "centroid_y": -12.675051, "talhao": "PL LOTE 01" }, "geometry": { "type": "MultiPolygon", "coordinates": [ [ [ [ -45.707035392, -12.674871776 ], [ -45.706676068, -12.674871776 ], [ -45.706676068, -12.6752311 ], [ -45.707035392, -12.6752311 ], [ -45.707035392, -12.674871776 ] ] ] ] } },
{ "type": "Feature", "properties": { "id": 202252, "left": -45.707035392000002, "top": -12.6752311, "right": -45.706676068, "bottom": -12.675590424, "centroid_x": -45.706856, "centroid_y": -12.675411, "talhao": "PL LOTE 01" }, "geometry": { "type": "MultiPolygon", "coordinates": [ [ [ [ -45.707035392, -12.6752311 ], [ -45.706676068, -12.6752311 ], [ -45.706676068, -12.675590424 ], [ -45.707035392, -12.675590424 ], [ -45.707035392, -12.6752311 ] ] ] ] } },
{ "type": "Feature", "properties": { "id": 202253, "left": -45.707035392000002, "top": -12.675590424, "right": -45.706676068, "bottom": -12.675949748000001, "centroid_x": -45.706856, "centroid_y": -12.67577, "talhao": "PL LOTE 01" }, "geometry": { "type": "MultiPolygon", "coordinates": [ [ [ [ -45.707035392, -12.675590424 ], [ -45.706676068, -12.675590424 ], [ -45.706676068, -12.675949748 ], [ -45.707035392, -12.675949748 ], [ -45.707035392, -12.675590424 ] ] ] ] } },
{ "type": "Feature", "properties": { "id": 202254, "left": -45.707035392000002, "top": -12.675949748000001, "right": -45.706676068, "bottom": -12.676309072, "centroid_x": -45.706856, "centroid_y": -12.676129, "talhao": "PL LOTE 01" }, "geometry": { "type": "MultiPolygon", "coordinates": [ [ [ [ -45.707035392, -12.675949748 ], [ -45.706676068, -12.675949748 ], [ -45.706676068, -12.676309072 ], [ -45.707035392, -12.676309072 ], [ -45.707035392, -12.675949748 ] ] ] ] } },
{ "type": "Feature", "properties": { "id": 202255, "left": -45.707035392000002, "top": -12.676309072, "right": -45.706676068, "bottom": -12.676668395999998, "centroid_x": -45.706856, "centroid_y": -12.676489, "talhao": "PL LOTE 01" }, "geometry": { "type": "MultiPolygon", "coordinates": [ [ [ [ -45.707035392, -12.676309072 ], [ -45.706676068, -12.676309072 ], [ -45.706676068, -12.676668396 ], [ -45.707035392, -12.676668396 ], [ -45.707035392, -12.676309072 ] ] ] ] } },
{ "type": "Feature", "properties": { "id": 202256, "left": -45.707035392000002, "top": -12.676668396, "right": -45.706676068, "bottom": -12.67702772, "centroid_x": -45.706856, "centroid_y": -12.676848, "talhao": "PL LOTE 01" }, "geometry": { "type": "MultiPolygon", "coordinates": [ [ [ [ -45.707035392, -12.676668396 ], [ -45.706676068, -12.676668396 ], [ -45.706676068, -12.67702772 ], [ -45.707035392, -12.67702772 ], [ -45.707035392, -12.676668396 ] ] ] ] } },
{ "type": "Feature", "properties": { "id": 202257, "left": -45.707035392000002, "top": -12.67702772, "right": -45.706676068, "bottom": -12.677387044, "centroid_x": -45.706856, "centroid_y": -12.677207, "talhao": "PL LOTE 01" }, "geometry": { "type": "MultiPolygon", "coordinates": [ [ [ [ -45.707035392, -12.67702772 ], [ -45.706676068, -12.67702772 ], [ -45.706676068, -12.677387044 ], [ -45.707035392, -12.677387044 ], [ -45.707035392, -12.67702772 ] ] ] ] } },
{ "type": "Feature", "properties": { "id": 202258, "left": -45.707035392000002, "top": -12.677387044, "right": -45.706676068, "bottom": -12.677746368, "centroid_x": -45.706856, "centroid_y": -12.677567, "talhao": "PL LOTE 01" }, "geometry": { "type": "MultiPolygon", "coordinates": [ [ [ [ -45.707035392, -12.677387044 ], [ -45.706676068, -12.677387044 ], [ -45.706676068, -12.677746368 ], [ -45.707035392, -12.677746368 ], [ -45.707035392, -12.677387044 ] ] ] ] } },
{ "type": "Feature", "properties": { "id": 202259, "left": -45.707035392000002, "top": -12.677746368, "right": -45.706676068, "bottom": -12.678105692000001, "centroid_x": -45.706856, "centroid_y": -12.677926, "talhao": "PL LOTE 01" }, "geometry": { "type": "MultiPolygon", "coordinates": [ [ [ [ -45.707035392, -12.677746368 ], [ -45.706676068, -12.677746368 ], [ -45.706676068, -12.678105692 ], [ -45.707035392, -12.678105692 ], [ -45.707035392, -12.677746368 ] ] ] ] } },
{ "type": "Feature", "properties": { "id": 202260, "left": -45.707035392000002, "top": -12.678105692000001, "right": -45.706676068, "bottom": -12.678465016000001, "centroid_x": -45.706856, "centroid_y": -12.678285, "talhao": "PL LOTE 01" }, "geometry": { "type": "MultiPolygon", "coordinates": [ [ [ [ -45.707035392, -12.678105692 ], [ -45.706676068, -12.678105692 ], [ -45.706676068, -12.678465016 ], [ -45.707035392, -12.678465016 ], [ -45.707035392, -12.678105692 ] ] ] ] } },
{ "type": "Feature", "properties": { "id": 202261, "left": -45.707035392000002, "top": -12.678465016000001, "right": -45.706676068, "bottom": -12.67882434, "centroid_x": -45.706856, "centroid_y": -12.678645, "talhao": "PL LOTE 01" }, "geometry": { "type": "MultiPolygon", "coordinates": [ [ [ [ -45.707035392, -12.678465016 ], [ -45.706676068, -12.678465016 ], [ -45.706676068, -12.67882434 ], [ -45.707035392, -12.67882434 ], [ -45.707035392, -12.678465016 ] ] ] ] } },
{ "type": "Feature", "properties": { "id": 202262, "left": -45.707035392000002, "top": -12.67882434, "right": -45.706676068, "bottom": -12.679183664, "centroid_x": -45.706856, "centroid_y": -12.679004, "talhao": "PL LOTE 01" }, "geometry": { "type": "MultiPolygon", "coordinates": [ [ [ [ -45.707035392, -12.67882434 ], [ -45.706676068, -12.67882434 ], [ -45.706676068, -12.679183664 ], [ -45.707035392, -12.679183664 ], [ -45.707035392, -12.67882434 ] ] ] ] } },
{ "type": "Feature", "properties": { "id": 202263, "left": -45.707035392000002, "top": -12.679183664, "right": -45.706676068, "bottom": -12.679542988, "centroid_x": -45.706856, "centroid_y": -12.679363, "talhao": "PL LOTE 01" }, "geometry": { "type": "MultiPolygon", "coordinates": [ [ [ [ -45.707035392, -12.679183664 ], [ -45.706676068, -12.679183664 ], [ -45.706676068, -12.679542988 ], [ -45.707035392, -12.679542988 ], [ -45.707035392, -12.679183664 ] ] ] ] } },
{ "type": "Feature", "properties": { "id": 202264, "left": -45.707035392000002, "top": -12.679542988, "right": -45.706676068, "bottom": -12.679902312, "centroid_x": -45.706856, "centroid_y": -12.679723, "talhao": "PL LOTE 01" }, "geometry": { "type": "MultiPolygon", "coordinates": [ [ [ [ -45.707035392, -12.679542988 ], [ -45.706676068, -12.679542988 ], [ -45.706676068, -12.679902312 ], [ -45.707035392, -12.679902312 ], [ -45.707035392, -12.679542988 ] ] ] ] } },
{ "type": "Feature", "properties": { "id": 202265, "left": -45.707035392000002, "top": -12.679902312, "right": -45.706676068, "bottom": -12.680261636, "centroid_x": -45.706856, "centroid_y": -12.680082, "talhao": "PL LOTE 01" }, "geometry": { "type": "MultiPolygon", "coordinates": [ [ [ [ -45.707035392, -12.679902312 ], [ -45.706676068, -12.679902312 ], [ -45.706676068, -12.680261636 ], [ -45.707035392, -12.680261636 ], [ -45.707035392, -12.679902312 ] ] ] ] } },
{ "type": "Feature", "properties": { "id": 202266, "left": -45.707035392000002, "top": -12.680261636, "right": -45.706676068, "bottom": -12.68062096, "centroid_x": -45.706856, "centroid_y": -12.680441, "talhao": "PL LOTE 01" }, "geometry": { "type": "MultiPolygon", "coordinates": [ [ [ [ -45.707035392, -12.680261636 ], [ -45.706676068, -12.680261636 ], [ -45.706676068, -12.68062096 ], [ -45.707035392, -12.68062096 ], [ -45.707035392, -12.680261636 ] ] ] ] } },
{ "type": "Feature", "properties": { "id": 202267, "left": -45.707035392000002, "top": -12.68062096, "right": -45.706676068, "bottom": -12.680980284, "centroid_x": -45.706875, "centroid_y": -12.68078, "talhao": "PL LOTE 01" }, "geometry": { "type": "MultiPolygon", "coordinates": [ [ [ [ -45.706689, -12.680823 ], [ -45.706759, -12.68086 ], [ -45.706802, -12.680897 ], [ -45.706833, -12.680932 ], [ -45.706860668359553, -12.680980284 ], [ -45.707035392, -12.680980284 ], [ -45.707035392, -12.68062096 ], [ -45.706676068, -12.68062096 ], [ -45.706676068, -12.680818523538463 ], [ -45.706689, -12.680823 ] ] ] ] } },
{ "type": "Feature", "properties": { "id": 202268, "left": -45.707035392000002, "top": -12.680980284, "right": -45.706676068, "bottom": -12.681339608, "centroid_x": -45.706964, "centroid_y": -12.681159, "talhao": "PL LOTE 01" }, "geometry": { "type": "MultiPolygon", "coordinates": [ [ [ [ -45.706884, -12.681021 ], [ -45.706905, -12.681113 ], [ -45.706907, -12.681169 ], [ -45.7069, -12.681231 ], [ -45.70688, -12.681314 ], [ -45.706870006634148, -12.681339608 ], [ -45.707035392, -12.681339608 ], [ -45.707035392, -12.680980284 ], [ -45.706860668359553, -12.680980284 ], [ -45.706884, -12.681021 ] ] ] ] } },
{ "type": "Feature", "properties": { "id": 202269, "left": -45.707035392000002, "top": -12.681339608, "right": -45.706676068, "bottom": -12.681698932, "centroid_x": -45.706919, "centroid_y": -12.681534, "talhao": "PL LOTE 01" }, "geometry": { "type": "MultiPolygon", "coordinates": [ [ [ [ -45.706816, -12.681478 ], [ -45.706774, -12.681623 ], [ -45.706764156962969, -12.681698932 ], [ -45.707035392, -12.681698932 ], [ -45.707035392, -12.681339608 ], [ -45.706870006634148, -12.681339608 ], [ -45.706816, -12.681478 ] ] ] ] } },
{ "type": "Feature", "properties": { "id": 202270, "left": -45.707035392000002, "top": -12.681698932, "right": -45.706676068, "bottom": -12.682058256, "centroid_x": -45.706916, "centroid_y": -12.681854, "talhao": "PL LOTE 01" }, "geometry": { "type": "MultiPolygon", "coordinates": [ [ [ [ -45.70676, -12.681731 ], [ -45.706764, -12.681799 ], [ -45.706783, -12.68187 ], [ -45.706805, -12.681914 ], [ -45.706829, -12.681949 ], [ -45.706859, -12.681981 ], [ -45.706947, -12.682052 ], [ -45.706958981830503, -12.682058256 ], [ -45.707035392, -12.682058256 ], [ -45.707035392, -12.681698932 ], [ -45.706764156962969, -12.681698932 ], [ -45.70676, -12.681731 ] ] ] ] } },
{ "type": "Feature", "properties": { "id": 202271, "left": -45.707035392000002, "top": -12.682058256, "right": -45.706676068, "bottom": -12.68241758, "centroid_x": -45.70701, "centroid_y": -12.682072, "talhao": "PL LOTE 01" }, "geometry": { "type": "MultiPolygon", "coordinates": [ [ [ [ -45.707035392, -12.682098151575223 ], [ -45.707035392, -12.682058256 ], [ -45.706958981830503, -12.682058256 ], [ -45.707035392, -12.682098151575223 ] ] ] ] } },
{ "type": "Feature", "properties": { "id": 202282, "left": -45.706676068, "top": -12.666966648000001, "right": -45.706316744, "bottom": -12.667325972, "centroid_x": -45.706516, "centroid_y": -12.667257, "talhao": "PL LOTE 01" }, "geometry": { "type": "MultiPolygon", "coordinates": [ [ [ [ -45.706334, -12.667233 ], [ -45.706316744, -12.667236235499999 ], [ -45.706316744, -12.667325972 ], [ -45.706676068, -12.667325972 ], [ -45.706676068, -12.667149965023748 ], [ -45.706334, -12.667233 ] ] ] ] } },
{ "type": "Feature", "properties": { "id": 202283, "left": -45.706676068, "top": -12.667325972, "right": -45.706316744, "bottom": -12.667685295999998, "centroid_x": -45.706496, "centroid_y": -12.667506, "talhao": "PL LOTE 01" }, "geometry": { "type": "MultiPolygon", "coordinates": [ [ [ [ -45.706676068, -12.667325972 ], [ -45.706316744, -12.667325972 ], [ -45.706316744, -12.667685296 ], [ -45.706676068, -12.667685296 ], [ -45.706676068, -12.667325972 ] ] ] ] } },
{ "type": "Feature", "properties": { "id": 202284, "left": -45.706676068, "top": -12.667685296, "right": -45.706316744, "bottom": -12.66804462, "centroid_x": -45.706496, "centroid_y": -12.667865, "talhao": "PL LOTE 01" }, "geometry": { "type": "MultiPolygon", "coordinates": [ [ [ [ -45.706676068, -12.667685296 ], [ -45.706316744, -12.667685296 ], [ -45.706316744, -12.66804462 ], [ -45.706676068, -12.66804462 ], [ -45.706676068, -12.667685296 ] ] ] ] } },
{ "type": "Feature", "properties": { "id": 202285, "left": -45.706676068, "top": -12.66804462, "right": -45.706316744, "bottom": -12.668403944, "centroid_x": -45.706496, "centroid_y": -12.668224, "talhao": "PL LOTE 01" }, "geometry": { "type": "MultiPolygon", "coordinates": [ [ [ [ -45.706676068, -12.66804462 ], [ -45.706316744, -12.66804462 ], [ -45.706316744, -12.668403944 ], [ -45.706676068, -12.668403944 ], [ -45.706676068, -12.66804462 ] ] ] ] } },
{ "type": "Feature", "properties": { "id": 202286, "left": -45.706676068, "top": -12.668403944, "right": -45.706316744, "bottom": -12.668763268, "centroid_x": -45.706496, "centroid_y": -12.668584, "talhao": "PL LOTE 01" }, "geometry": { "type": "MultiPolygon", "coordinates": [ [ [ [ -45.706676068, -12.668403944 ], [ -45.706316744, -12.668403944 ], [ -45.706316744, -12.668763268 ], [ -45.706676068, -12.668763268 ], [ -45.706676068, -12.668403944 ] ] ] ] } },
{ "type": "Feature", "properties": { "id": 202287, "left": -45.706676068, "top": -12.668763268, "right": -45.706316744, "bottom": -12.669122592000001, "centroid_x": -45.706496, "centroid_y": -12.668943, "talhao": "PL LOTE 01" }, "geometry": { "type": "MultiPolygon", "coordinates": [ [ [ [ -45.706676068, -12.668763268 ], [ -45.706316744, -12.668763268 ], [ -45.706316744, -12.669122592 ], [ -45.706676068, -12.669122592 ], [ -45.706676068, -12.668763268 ] ] ] ] } },
{ "type": "Feature", "properties": { "id": 202288, "left": -45.706676068, "top": -12.669122592000001, "right": -45.706316744, "bottom": -12.669481916000001, "centroid_x": -45.706496, "centroid_y": -12.669302, "talhao": "PL LOTE 01" }, "geometry": { "type": "MultiPolygon", "coordinates": [ [ [ [ -45.706676068, -12.669122592 ], [ -45.706316744, -12.669122592 ], [ -45.706316744, -12.669481916 ], [ -45.706676068, -12.669481916 ], [ -45.706676068, -12.669122592 ] ] ] ] } },
{ "type": "Feature", "properties": { "id": 202289, "left": -45.706676068, "top": -12.669481916000001, "right": -45.706316744, "bottom": -12.66984124, "centroid_x": -45.706496, "centroid_y": -12.669662, "talhao": "PL LOTE 01" }, "geometry": { "type": "MultiPolygon", "coordinates": [ [ [ [ -45.706676068, -12.669481916 ], [ -45.706316744, -12.669481916 ], [ -45.706316744, -12.66984124 ], [ -45.706676068, -12.66984124 ], [ -45.706676068, -12.669481916 ] ] ] ] } },
{ "type": "Feature", "properties": { "id": 202290, "left": -45.706676068, "top": -12.66984124, "right": -45.706316744, "bottom": -12.670200564, "centroid_x": -45.706496, "centroid_y": -12.670021, "talhao": "PL LOTE 01" }, "geometry": { "type": "MultiPolygon", "coordinates": [ [ [ [ -45.706676068, -12.66984124 ], [ -45.706316744, -12.66984124 ], [ -45.706316744, -12.670200564 ], [ -45.706676068, -12.670200564 ], [ -45.706676068, -12.66984124 ] ] ] ] } },
{ "type": "Feature", "properties": { "id": 202291, "left": -45.706676068, "top": -12.670200564, "right": -45.706316744, "bottom": -12.670559888, "centroid_x": -45.706496, "centroid_y": -12.67038, "talhao": "PL LOTE 01" }, "geometry": { "type": "MultiPolygon", "coordinates": [ [ [ [ -45.706676068, -12.670200564 ], [ -45.706316744, -12.670200564 ], [ -45.706316744, -12.670559888 ], [ -45.706676068, -12.670559888 ], [ -45.706676068, -12.670200564 ] ] ] ] } },
{ "type": "Feature", "properties": { "id": 202292, "left": -45.706676068, "top": -12.670559888, "right": -45.706316744, "bottom": -12.670919212, "centroid_x": -45.706496, "centroid_y": -12.67074, "talhao": "PL LOTE 01" }, "geometry": { "type": "MultiPolygon", "coordinates": [ [ [ [ -45.706676068, -12.670559888 ], [ -45.706316744, -12.670559888 ], [ -45.706316744, -12.670919212 ], [ -45.706676068, -12.670919212 ], [ -45.706676068, -12.670559888 ] ] ] ] } },
{ "type": "Feature", "properties": { "id": 202293, "left": -45.706676068, "top": -12.670919212, "right": -45.706316744, "bottom": -12.671278536000001, "centroid_x": -45.706496, "centroid_y": -12.671099, "talhao": "PL LOTE 01" }, "geometry": { "type": "MultiPolygon", "coordinates": [ [ [ [ -45.706676068, -12.670919212 ], [ -45.706316744, -12.670919212 ], [ -45.706316744, -12.671278536 ], [ -45.706676068, -12.671278536 ], [ -45.706676068, -12.670919212 ] ] ] ] } },
{ "type": "Feature", "properties": { "id": 202294, "left": -45.706676068, "top": -12.671278536000001, "right": -45.706316744, "bottom": -12.67163786, "centroid_x": -45.706496, "centroid_y": -12.671458, "talhao": "PL LOTE 01" }, "geometry": { "type": "MultiPolygon", "coordinates": [ [ [ [ -45.706676068, -12.671278536 ], [ -45.706316744, -12.671278536 ], [ -45.706316744, -12.67163786 ], [ -45.706676068, -12.67163786 ], [ -45.706676068, -12.671278536 ] ] ] ] } },
{ "type": "Feature", "properties": { "id": 202295, "left": -45.706676068, "top": -12.67163786, "right": -45.706316744, "bottom": -12.671997184, "centroid_x": -45.706496, "centroid_y": -12.671818, "talhao": "PL LOTE 01" }, "geometry": { "type": "MultiPolygon", "coordinates": [ [ [ [ -45.706676068, -12.67163786 ], [ -45.706316744, -12.67163786 ], [ -45.706316744, -12.671997184 ], [ -45.706676068, -12.671997184 ], [ -45.706676068, -12.67163786 ] ] ] ] } },
{ "type": "Feature", "properties": { "id": 202296, "left": -45.706676068, "top": -12.671997184, "right": -45.706316744, "bottom": -12.672356508, "centroid_x": -45.706496, "centroid_y": -12.672177, "talhao": "PL LOTE 01" }, "geometry": { "type": "MultiPolygon", "coordinates": [ [ [ [ -45.706676068, -12.671997184 ], [ -45.706316744, -12.671997184 ], [ -45.706316744, -12.672356508 ], [ -45.706676068, -12.672356508 ], [ -45.706676068, -12.671997184 ] ] ] ] } },
{ "type": "Feature", "properties": { "id": 202297, "left": -45.706676068, "top": -12.672356508, "right": -45.706316744, "bottom": -12.672715832, "centroid_x": -45.706496, "centroid_y": -12.672536, "talhao": "PL LOTE 01" }, "geometry": { "type": "MultiPolygon", "coordinates": [ [ [ [ -45.706676068, -12.672356508 ], [ -45.706316744, -12.672356508 ], [ -45.706316744, -12.672715832 ], [ -45.706676068, -12.672715832 ], [ -45.706676068, -12.672356508 ] ] ] ] } },
{ "type": "Feature", "properties": { "id": 202298, "left": -45.706676068, "top": -12.672715832, "right": -45.706316744, "bottom": -12.673075156, "centroid_x": -45.706496, "centroid_y": -12.672895, "talhao": "PL LOTE 01" }, "geometry": { "type": "MultiPolygon", "coordinates": [ [ [ [ -45.706676068, -12.672715832 ], [ -45.706316744, -12.672715832 ], [ -45.706316744, -12.673075156 ], [ -45.706676068, -12.673075156 ], [ -45.706676068, -12.672715832 ] ] ] ] } },
{ "type": "Feature", "properties": { "id": 202299, "left": -45.706676068, "top": -12.673075156, "right": -45.706316744, "bottom": -12.67343448, "centroid_x": -45.706496, "centroid_y": -12.673255, "talhao": "PL LOTE 01" }, "geometry": { "type": "MultiPolygon", "coordinates": [ [ [ [ -45.706676068, -12.673075156 ], [ -45.706316744, -12.673075156 ], [ -45.706316744, -12.67343448 ], [ -45.706676068, -12.67343448 ], [ -45.706676068, -12.673075156 ] ] ] ] } },
{ "type": "Feature", "properties": { "id": 202300, "left": -45.706676068, "top": -12.67343448, "right": -45.706316744, "bottom": -12.673793804000001, "centroid_x": -45.706496, "centroid_y": -12.673614, "talhao": "PL LOTE 01" }, "geometry": { "type": "MultiPolygon", "coordinates": [ [ [ [ -45.706676068, -12.67343448 ], [ -45.706316744, -12.67343448 ], [ -45.706316744, -12.673793804 ], [ -45.706676068, -12.673793804 ], [ -45.706676068, -12.67343448 ] ] ] ] } },
{ "type": "Feature", "properties": { "id": 202301, "left": -45.706676068, "top": -12.673793804000001, "right": -45.706316744, "bottom": -12.674153128, "centroid_x": -45.706496, "centroid_y": -12.673973, "talhao": "PL LOTE 01" }, "geometry": { "type": "MultiPolygon", "coordinates": [ [ [ [ -45.706676068, -12.673793804 ], [ -45.706316744, -12.673793804 ], [ -45.706316744, -12.674153128 ], [ -45.706676068, -12.674153128 ], [ -45.706676068, -12.673793804 ] ] ] ] } },
{ "type": "Feature", "properties": { "id": 202302, "left": -45.706676068, "top": -12.674153128, "right": -45.706316744, "bottom": -12.674512452, "centroid_x": -45.706496, "centroid_y": -12.674333, "talhao": "PL LOTE 01" }, "geometry": { "type": "MultiPolygon", "coordinates": [ [ [ [ -45.706676068, -12.674153128 ], [ -45.706316744, -12.674153128 ], [ -45.706316744, -12.674512452 ], [ -45.706676068, -12.674512452 ], [ -45.706676068, -12.674153128 ] ] ] ] } },
{ "type": "Feature", "properties": { "id": 202303, "left": -45.706676068, "top": -12.674512452, "right": -45.706316744, "bottom": -12.674871776, "centroid_x": -45.706496, "centroid_y": -12.674692, "talhao": "PL LOTE 01" }, "geometry": { "type": "MultiPolygon", "coordinates": [ [ [ [ -45.706676068, -12.674512452 ], [ -45.706316744, -12.674512452 ], [ -45.706316744, -12.674871776 ], [ -45.706676068, -12.674871776 ], [ -45.706676068, -12.674512452 ] ] ] ] } },
{ "type": "Feature", "properties": { "id": 202304, "left": -45.706676068, "top": -12.674871776, "right": -45.706316744, "bottom": -12.6752311, "centroid_x": -45.706496, "centroid_y": -12.675051, "talhao": "PL LOTE 01" }, "geometry": { "type": "MultiPolygon", "coordinates": [ [ [ [ -45.706676068, -12.674871776 ], [ -45.706316744, -12.674871776 ], [ -45.706316744, -12.6752311 ], [ -45.706676068, -12.6752311 ], [ -45.706676068, -12.674871776 ] ] ] ] } },
{ "type": "Feature", "properties": { "id": 202305, "left": -45.706676068, "top": -12.6752311, "right": -45.706316744, "bottom": -12.675590424, "centroid_x": -45.706496, "centroid_y": -12.675411, "talhao": "PL LOTE 01" }, "geometry": { "type": "MultiPolygon", "coordinates": [ [ [ [ -45.706676068, -12.6752311 ], [ -45.706316744, -12.6752311 ], [ -45.706316744, -12.675590424 ], [ -45.706676068, -12.675590424 ], [ -45.706676068, -12.6752311 ] ] ] ] } },
{ "type": "Feature", "properties": { "id": 202306, "left": -45.706676068, "top": -12.675590424, "right": -45.706316744, "bottom": -12.675949748000001, "centroid_x": -45.706496, "centroid_y": -12.67577, "talhao": "PL LOTE 01" }, "geometry": { "type": "MultiPolygon", "coordinates": [ [ [ [ -45.706676068, -12.675590424 ], [ -45.706316744, -12.675590424 ], [ -45.706316744, -12.675949748 ], [ -45.706676068, -12.675949748 ], [ -45.706676068, -12.675590424 ] ] ] ] } },
{ "type": "Feature", "properties": { "id": 202307, "left": -45.706676068, "top": -12.675949748000001, "right": -45.706316744, "bottom": -12.676309072, "centroid_x": -45.706496, "centroid_y": -12.676129, "talhao": "PL LOTE 01" }, "geometry": { "type": "MultiPolygon", "coordinates": [ [ [ [ -45.706676068, -12.675949748 ], [ -45.706316744, -12.675949748 ], [ -45.706316744, -12.676309072 ], [ -45.706676068, -12.676309072 ], [ -45.706676068, -12.675949748 ] ] ] ] } },
{ "type": "Feature", "properties": { "id": 202308, "left": -45.706676068, "top": -12.676309072, "right": -45.706316744, "bottom": -12.676668395999998, "centroid_x": -45.706496, "centroid_y": -12.676489, "talhao": "PL LOTE 01" }, "geometry": { "type": "MultiPolygon", "coordinates": [ [ [ [ -45.706676068, -12.676309072 ], [ -45.706316744, -12.676309072 ], [ -45.706316744, -12.676668396 ], [ -45.706676068, -12.676668396 ], [ -45.706676068, -12.676309072 ] ] ] ] } },
{ "type": "Feature", "properties": { "id": 202309, "left": -45.706676068, "top": -12.676668396, "right": -45.706316744, "bottom": -12.67702772, "centroid_x": -45.706496, "centroid_y": -12.676848, "talhao": "PL LOTE 01" }, "geometry": { "type": "MultiPolygon", "coordinates": [ [ [ [ -45.706676068, -12.676668396 ], [ -45.706316744, -12.676668396 ], [ -45.706316744, -12.67702772 ], [ -45.706676068, -12.67702772 ], [ -45.706676068, -12.676668396 ] ] ] ] } },
{ "type": "Feature", "properties": { "id": 202310, "left": -45.706676068, "top": -12.67702772, "right": -45.706316744, "bottom": -12.677387044, "centroid_x": -45.706496, "centroid_y": -12.677207, "talhao": "PL LOTE 01" }, "geometry": { "type": "MultiPolygon", "coordinates": [ [ [ [ -45.706676068, -12.67702772 ], [ -45.706316744, -12.67702772 ], [ -45.706316744, -12.677387044 ], [ -45.706676068, -12.677387044 ], [ -45.706676068, -12.67702772 ] ] ] ] } },
{ "type": "Feature", "properties": { "id": 202311, "left": -45.706676068, "top": -12.677387044, "right": -45.706316744, "bottom": -12.677746368, "centroid_x": -45.706496, "centroid_y": -12.677567, "talhao": "PL LOTE 01" }, "geometry": { "type": "MultiPolygon", "coordinates": [ [ [ [ -45.706676068, -12.677387044 ], [ -45.706316744, -12.677387044 ], [ -45.706316744, -12.677746368 ], [ -45.706676068, -12.677746368 ], [ -45.706676068, -12.677387044 ] ] ] ] } },
{ "type": "Feature", "properties": { "id": 202312, "left": -45.706676068, "top": -12.677746368, "right": -45.706316744, "bottom": -12.678105692000001, "centroid_x": -45.706496, "centroid_y": -12.677926, "talhao": "PL LOTE 01" }, "geometry": { "type": "MultiPolygon", "coordinates": [ [ [ [ -45.706676068, -12.677746368 ], [ -45.706316744, -12.677746368 ], [ -45.706316744, -12.678105692 ], [ -45.706676068, -12.678105692 ], [ -45.706676068, -12.677746368 ] ] ] ] } },
{ "type": "Feature", "properties": { "id": 202313, "left": -45.706676068, "top": -12.678105692000001, "right": -45.706316744, "bottom": -12.678465016000001, "centroid_x": -45.706496, "centroid_y": -12.678285, "talhao": "PL LOTE 01" }, "geometry": { "type": "MultiPolygon", "coordinates": [ [ [ [ -45.706676068, -12.678105692 ], [ -45.706316744, -12.678105692 ], [ -45.706316744, -12.678465016 ], [ -45.706676068, -12.678465016 ], [ -45.706676068, -12.678105692 ] ] ] ] } },
{ "type": "Feature", "properties": { "id": 202314, "left": -45.706676068, "top": -12.678465016000001, "right": -45.706316744, "bottom": -12.67882434, "centroid_x": -45.706496, "centroid_y": -12.678645, "talhao": "PL LOTE 01" }, "geometry": { "type": "MultiPolygon", "coordinates": [ [ [ [ -45.706676068, -12.678465016 ], [ -45.706316744, -12.678465016 ], [ -45.706316744, -12.67882434 ], [ -45.706676068, -12.67882434 ], [ -45.706676068, -12.678465016 ] ] ] ] } },
{ "type": "Feature", "properties": { "id": 202315, "left": -45.706676068, "top": -12.67882434, "right": -45.706316744, "bottom": -12.679183664, "centroid_x": -45.706496, "centroid_y": -12.679004, "talhao": "PL LOTE 01" }, "geometry": { "type": "MultiPolygon", "coordinates": [ [ [ [ -45.706676068, -12.67882434 ], [ -45.706316744, -12.67882434 ], [ -45.706316744, -12.679183664 ], [ -45.706676068, -12.679183664 ], [ -45.706676068, -12.67882434 ] ] ] ] } },
{ "type": "Feature", "properties": { "id": 202316, "left": -45.706676068, "top": -12.679183664, "right": -45.706316744, "bottom": -12.679542988, "centroid_x": -45.706496, "centroid_y": -12.679363, "talhao": "PL LOTE 01" }, "geometry": { "type": "MultiPolygon", "coordinates": [ [ [ [ -45.706676068, -12.679183664 ], [ -45.706316744, -12.679183664 ], [ -45.706316744, -12.679542988 ], [ -45.706676068, -12.679542988 ], [ -45.706676068, -12.679183664 ] ] ] ] } },
{ "type": "Feature", "properties": { "id": 202317, "left": -45.706676068, "top": -12.679542988, "right": -45.706316744, "bottom": -12.679902312, "centroid_x": -45.706496, "centroid_y": -12.679723, "talhao": "PL LOTE 01" }, "geometry": { "type": "MultiPolygon", "coordinates": [ [ [ [ -45.706676068, -12.679542988 ], [ -45.706316744, -12.679542988 ], [ -45.706316744, -12.679902312 ], [ -45.706676068, -12.679902312 ], [ -45.706676068, -12.679542988 ] ] ] ] } },
{ "type": "Feature", "properties": { "id": 202318, "left": -45.706676068, "top": -12.679902312, "right": -45.706316744, "bottom": -12.680261636, "centroid_x": -45.706496, "centroid_y": -12.680082, "talhao": "PL LOTE 01" }, "geometry": { "type": "MultiPolygon", "coordinates": [ [ [ [ -45.706676068, -12.679902312 ], [ -45.706316744, -12.679902312 ], [ -45.706316744, -12.680261636 ], [ -45.706676068, -12.680261636 ], [ -45.706676068, -12.679902312 ] ] ] ] } },
{ "type": "Feature", "properties": { "id": 202319, "left": -45.706676068, "top": -12.680261636, "right": -45.706316744, "bottom": -12.68062096, "centroid_x": -45.706496, "centroid_y": -12.680441, "talhao": "PL LOTE 01" }, "geometry": { "type": "MultiPolygon", "coordinates": [ [ [ [ -45.706676068, -12.680261636 ], [ -45.706316744, -12.680261636 ], [ -45.706316744, -12.68062096 ], [ -45.706676068, -12.68062096 ], [ -45.706676068, -12.680261636 ] ] ] ] } },
{ "type": "Feature", "properties": { "id": 202320, "left": -45.706676068, "top": -12.68062096, "right": -45.706316744, "bottom": -12.680980284, "centroid_x": -45.706497, "centroid_y": -12.680712, "talhao": "PL LOTE 01" }, "geometry": { "type": "MultiPolygon", "coordinates": [ [ [ [ -45.706584, -12.680799 ], [ -45.706637, -12.680805 ], [ -45.706676068, -12.680818523538463 ], [ -45.706676068, -12.68062096 ], [ -45.706316744, -12.68062096 ], [ -45.706316744, -12.680805884814989 ], [ -45.706584, -12.680799 ] ] ] ] } },
{ "type": "Feature", "properties": { "id": 202335, "left": -45.706316744, "top": -12.666966648000001, "right": -45.70595742, "bottom": -12.667325972, "centroid_x": -45.706167, "centroid_y": -12.667294, "talhao": "PL LOTE 01" }, "geometry": { "type": "MultiPolygon", "coordinates": [ [ [ [ -45.70619, -12.66726 ], [ -45.70595742, -12.66729610197015 ], [ -45.70595742, -12.667325972 ], [ -45.706316744, -12.667325972 ], [ -45.706316744, -12.667236235499999 ], [ -45.70619, -12.66726 ] ] ] ] } },
{ "type": "Feature", "properties": { "id": 202336, "left": -45.706316744, "top": -12.667325972, "right": -45.70595742, "bottom": -12.667685295999998, "centroid_x": -45.706137, "centroid_y": -12.667506, "talhao": "PL LOTE 01" }, "geometry": { "type": "MultiPolygon", "coordinates": [ [ [ [ -45.706316744, -12.667325972 ], [ -45.70595742, -12.667325972 ], [ -45.70595742, -12.667685296 ], [ -45.706316744, -12.667685296 ], [ -45.706316744, -12.667325972 ] ] ] ] } },
{ "type": "Feature", "properties": { "id": 202337, "left": -45.706316744, "top": -12.667685296, "right": -45.70595742, "bottom": -12.66804462, "centroid_x": -45.706137, "centroid_y": -12.667865, "talhao": "PL LOTE 01" }, "geometry": { "type": "MultiPolygon", "coordinates": [ [ [ [ -45.706316744, -12.667685296 ], [ -45.70595742, -12.667685296 ], [ -45.70595742, -12.66804462 ], [ -45.706316744, -12.66804462 ], [ -45.706316744, -12.667685296 ] ] ] ] } },
{ "type": "Feature", "properties": { "id": 202338, "left": -45.706316744, "top": -12.66804462, "right": -45.70595742, "bottom": -12.668403944, "centroid_x": -45.706137, "centroid_y": -12.668224, "talhao": "PL LOTE 01" }, "geometry": { "type": "MultiPolygon", "coordinates": [ [ [ [ -45.706316744, -12.66804462 ], [ -45.70595742, -12.66804462 ], [ -45.70595742, -12.668403944 ], [ -45.706316744, -12.668403944 ], [ -45.706316744, -12.66804462 ] ] ] ] } },
{ "type": "Feature", "properties": { "id": 202339, "left": -45.706316744, "top": -12.668403944, "right": -45.70595742, "bottom": -12.668763268, "centroid_x": -45.706137, "centroid_y": -12.668584, "talhao": "PL LOTE 01" }, "geometry": { "type": "MultiPolygon", "coordinates": [ [ [ [ -45.706316744, -12.668403944 ], [ -45.70595742, -12.668403944 ], [ -45.70595742, -12.668763268 ], [ -45.706316744, -12.668763268 ], [ -45.706316744, -12.668403944 ] ] ] ] } },
{ "type": "Feature", "properties": { "id": 202340, "left": -45.706316744, "top": -12.668763268, "right": -45.70595742, "bottom": -12.669122592000001, "centroid_x": -45.706137, "centroid_y": -12.668943, "talhao": "PL LOTE 01" }, "geometry": { "type": "MultiPolygon", "coordinates": [ [ [ [ -45.706316744, -12.668763268 ], [ -45.70595742, -12.668763268 ], [ -45.70595742, -12.669122592 ], [ -45.706316744, -12.669122592 ], [ -45.706316744, -12.668763268 ] ] ] ] } },
{ "type": "Feature", "properties": { "id": 202341, "left": -45.706316744, "top": -12.669122592000001, "right": -45.70595742, "bottom": -12.669481916000001, "centroid_x": -45.706137, "centroid_y": -12.669302, "talhao": "PL LOTE 01" }, "geometry": { "type": "MultiPolygon", "coordinates": [ [ [ [ -45.706316744, -12.669122592 ], [ -45.70595742, -12.669122592 ], [ -45.70595742, -12.669481916 ], [ -45.706316744, -12.669481916 ], [ -45.706316744, -12.669122592 ] ] ] ] } },
{ "type": "Feature", "properties": { "id": 202342, "left": -45.706316744, "top": -12.669481916000001, "right": -45.70595742, "bottom": -12.66984124, "centroid_x": -45.706137, "centroid_y": -12.669662, "talhao": "PL LOTE 01" }, "geometry": { "type": "MultiPolygon", "coordinates": [ [ [ [ -45.706316744, -12.669481916 ], [ -45.70595742, -12.669481916 ], [ -45.70595742, -12.66984124 ], [ -45.706316744, -12.66984124 ], [ -45.706316744, -12.669481916 ] ] ] ] } },
{ "type": "Feature", "properties": { "id": 202343, "left": -45.706316744, "top": -12.66984124, "right": -45.70595742, "bottom": -12.670200564, "centroid_x": -45.706137, "centroid_y": -12.670021, "talhao": "PL LOTE 01" }, "geometry": { "type": "MultiPolygon", "coordinates": [ [ [ [ -45.706316744, -12.66984124 ], [ -45.70595742, -12.66984124 ], [ -45.70595742, -12.670200564 ], [ -45.706316744, -12.670200564 ], [ -45.706316744, -12.66984124 ] ] ] ] } },
{ "type": "Feature", "properties": { "id": 202344, "left": -45.706316744, "top": -12.670200564, "right": -45.70595742, "bottom": -12.670559888, "centroid_x": -45.706137, "centroid_y": -12.67038, "talhao": "PL LOTE 01" }, "geometry": { "type": "MultiPolygon", "coordinates": [ [ [ [ -45.706316744, -12.670200564 ], [ -45.70595742, -12.670200564 ], [ -45.70595742, -12.670559888 ], [ -45.706316744, -12.670559888 ], [ -45.706316744, -12.670200564 ] ] ] ] } },
{ "type": "Feature", "properties": { "id": 202345, "left": -45.706316744, "top": -12.670559888, "right": -45.70595742, "bottom": -12.670919212, "centroid_x": -45.706137, "centroid_y": -12.67074, "talhao": "PL LOTE 01" }, "geometry": { "type": "MultiPolygon", "coordinates": [ [ [ [ -45.706316744, -12.670559888 ], [ -45.70595742, -12.670559888 ], [ -45.70595742, -12.670919212 ], [ -45.706316744, -12.670919212 ], [ -45.706316744, -12.670559888 ] ] ] ] } },
{ "type": "Feature", "properties": { "id": 202346, "left": -45.706316744, "top": -12.670919212, "right": -45.70595742, "bottom": -12.671278536000001, "centroid_x": -45.706137, "centroid_y": -12.671099, "talhao": "PL LOTE 01" }, "geometry": { "type": "MultiPolygon", "coordinates": [ [ [ [ -45.706316744, -12.670919212 ], [ -45.70595742, -12.670919212 ], [ -45.70595742, -12.671278536 ], [ -45.706316744, -12.671278536 ], [ -45.706316744, -12.670919212 ] ] ] ] } },
{ "type": "Feature", "properties": { "id": 202347, "left": -45.706316744, "top": -12.671278536000001, "right": -45.70595742, "bottom": -12.67163786, "centroid_x": -45.706137, "centroid_y": -12.671458, "talhao": "PL LOTE 01" }, "geometry": { "type": "MultiPolygon", "coordinates": [ [ [ [ -45.706316744, -12.671278536 ], [ -45.70595742, -12.671278536 ], [ -45.70595742, -12.67163786 ], [ -45.706316744, -12.67163786 ], [ -45.706316744, -12.671278536 ] ] ] ] } },
{ "type": "Feature", "properties": { "id": 202348, "left": -45.706316744, "top": -12.67163786, "right": -45.70595742, "bottom": -12.671997184, "centroid_x": -45.706137, "centroid_y": -12.671818, "talhao": "PL LOTE 01" }, "geometry": { "type": "MultiPolygon", "coordinates": [ [ [ [ -45.706316744, -12.67163786 ], [ -45.70595742, -12.67163786 ], [ -45.70595742, -12.671997184 ], [ -45.706316744, -12.671997184 ], [ -45.706316744, -12.67163786 ] ] ] ] } },
{ "type": "Feature", "properties": { "id": 202349, "left": -45.706316744, "top": -12.671997184, "right": -45.70595742, "bottom": -12.672356508, "centroid_x": -45.706137, "centroid_y": -12.672177, "talhao": "PL LOTE 01" }, "geometry": { "type": "MultiPolygon", "coordinates": [ [ [ [ -45.706316744, -12.671997184 ], [ -45.70595742, -12.671997184 ], [ -45.70595742, -12.672356508 ], [ -45.706316744, -12.672356508 ], [ -45.706316744, -12.671997184 ] ] ] ] } },
{ "type": "Feature", "properties": { "id": 202350, "left": -45.706316744, "top": -12.672356508, "right": -45.70595742, "bottom": -12.672715832, "centroid_x": -45.706137, "centroid_y": -12.672536, "talhao": "PL LOTE 01" }, "geometry": { "type": "MultiPolygon", "coordinates": [ [ [ [ -45.706316744, -12.672356508 ], [ -45.70595742, -12.672356508 ], [ -45.70595742, -12.672715832 ], [ -45.706316744, -12.672715832 ], [ -45.706316744, -12.672356508 ] ] ] ] } },
{ "type": "Feature", "properties": { "id": 202351, "left": -45.706316744, "top": -12.672715832, "right": -45.70595742, "bottom": -12.673075156, "centroid_x": -45.706137, "centroid_y": -12.672895, "talhao": "PL LOTE 01" }, "geometry": { "type": "MultiPolygon", "coordinates": [ [ [ [ -45.706316744, -12.672715832 ], [ -45.70595742, -12.672715832 ], [ -45.70595742, -12.673075156 ], [ -45.706316744, -12.673075156 ], [ -45.706316744, -12.672715832 ] ] ] ] } },
{ "type": "Feature", "properties": { "id": 202352, "left": -45.706316744, "top": -12.673075156, "right": -45.70595742, "bottom": -12.67343448, "centroid_x": -45.706137, "centroid_y": -12.673255, "talhao": "PL LOTE 01" }, "geometry": { "type": "MultiPolygon", "coordinates": [ [ [ [ -45.706316744, -12.673075156 ], [ -45.70595742, -12.673075156 ], [ -45.70595742, -12.67343448 ], [ -45.706316744, -12.67343448 ], [ -45.706316744, -12.673075156 ] ] ] ] } },
{ "type": "Feature", "properties": { "id": 202353, "left": -45.706316744, "top": -12.67343448, "right": -45.70595742, "bottom": -12.673793804000001, "centroid_x": -45.706137, "centroid_y": -12.673614, "talhao": "PL LOTE 01" }, "geometry": { "type": "MultiPolygon", "coordinates": [ [ [ [ -45.706316744, -12.67343448 ], [ -45.70595742, -12.67343448 ], [ -45.70595742, -12.673793804 ], [ -45.706316744, -12.673793804 ], [ -45.706316744, -12.67343448 ] ] ] ] } },
{ "type": "Feature", "properties": { "id": 202354, "left": -45.706316744, "top": -12.673793804000001, "right": -45.70595742, "bottom": -12.674153128, "centroid_x": -45.706137, "centroid_y": -12.673973, "talhao": "PL LOTE 01" }, "geometry": { "type": "MultiPolygon", "coordinates": [ [ [ [ -45.706316744, -12.673793804 ], [ -45.70595742, -12.673793804 ], [ -45.70595742, -12.674153128 ], [ -45.706316744, -12.674153128 ], [ -45.706316744, -12.673793804 ] ] ] ] } },
{ "type": "Feature", "properties": { "id": 202355, "left": -45.706316744, "top": -12.674153128, "right": -45.70595742, "bottom": -12.674512452, "centroid_x": -45.706137, "centroid_y": -12.674333, "talhao": "PL LOTE 01" }, "geometry": { "type": "MultiPolygon", "coordinates": [ [ [ [ -45.706316744, -12.674153128 ], [ -45.70595742, -12.674153128 ], [ -45.70595742, -12.674512452 ], [ -45.706316744, -12.674512452 ], [ -45.706316744, -12.674153128 ] ] ] ] } },
{ "type": "Feature", "properties": { "id": 202356, "left": -45.706316744, "top": -12.674512452, "right": -45.70595742, "bottom": -12.674871776, "centroid_x": -45.706137, "centroid_y": -12.674692, "talhao": "PL LOTE 01" }, "geometry": { "type": "MultiPolygon", "coordinates": [ [ [ [ -45.706316744, -12.674512452 ], [ -45.70595742, -12.674512452 ], [ -45.70595742, -12.674871776 ], [ -45.706316744, -12.674871776 ], [ -45.706316744, -12.674512452 ] ] ] ] } },
{ "type": "Feature", "properties": { "id": 202357, "left": -45.706316744, "top": -12.674871776, "right": -45.70595742, "bottom": -12.6752311, "centroid_x": -45.706137, "centroid_y": -12.675051, "talhao": "PL LOTE 01" }, "geometry": { "type": "MultiPolygon", "coordinates": [ [ [ [ -45.706316744, -12.674871776 ], [ -45.70595742, -12.674871776 ], [ -45.70595742, -12.6752311 ], [ -45.706316744, -12.6752311 ], [ -45.706316744, -12.674871776 ] ] ] ] } },
{ "type": "Feature", "properties": { "id": 202358, "left": -45.706316744, "top": -12.6752311, "right": -45.70595742, "bottom": -12.675590424, "centroid_x": -45.706137, "centroid_y": -12.675411, "talhao": "PL LOTE 01" }, "geometry": { "type": "MultiPolygon", "coordinates": [ [ [ [ -45.706316744, -12.6752311 ], [ -45.70595742, -12.6752311 ], [ -45.70595742, -12.675590424 ], [ -45.706316744, -12.675590424 ], [ -45.706316744, -12.6752311 ] ] ] ] } },
{ "type": "Feature", "properties": { "id": 202359, "left": -45.706316744, "top": -12.675590424, "right": -45.70595742, "bottom": -12.675949748000001, "centroid_x": -45.706137, "centroid_y": -12.67577, "talhao": "PL LOTE 01" }, "geometry": { "type": "MultiPolygon", "coordinates": [ [ [ [ -45.706316744, -12.675590424 ], [ -45.70595742, -12.675590424 ], [ -45.70595742, -12.675949748 ], [ -45.706316744, -12.675949748 ], [ -45.706316744, -12.675590424 ] ] ] ] } },
{ "type": "Feature", "properties": { "id": 202360, "left": -45.706316744, "top": -12.675949748000001, "right": -45.70595742, "bottom": -12.676309072, "centroid_x": -45.706137, "centroid_y": -12.676129, "talhao": "PL LOTE 01" }, "geometry": { "type": "MultiPolygon", "coordinates": [ [ [ [ -45.706316744, -12.675949748 ], [ -45.70595742, -12.675949748 ], [ -45.70595742, -12.676309072 ], [ -45.706316744, -12.676309072 ], [ -45.706316744, -12.675949748 ] ] ] ] } },
{ "type": "Feature", "properties": { "id": 202361, "left": -45.706316744, "top": -12.676309072, "right": -45.70595742, "bottom": -12.676668395999998, "centroid_x": -45.706137, "centroid_y": -12.676489, "talhao": "PL LOTE 01" }, "geometry": { "type": "MultiPolygon", "coordinates": [ [ [ [ -45.706316744, -12.676309072 ], [ -45.70595742, -12.676309072 ], [ -45.70595742, -12.676668396 ], [ -45.706316744, -12.676668396 ], [ -45.706316744, -12.676309072 ] ] ] ] } },
{ "type": "Feature", "properties": { "id": 202362, "left": -45.706316744, "top": -12.676668396, "right": -45.70595742, "bottom": -12.67702772, "centroid_x": -45.706137, "centroid_y": -12.676848, "talhao": "PL LOTE 01" }, "geometry": { "type": "MultiPolygon", "coordinates": [ [ [ [ -45.706316744, -12.676668396 ], [ -45.70595742, -12.676668396 ], [ -45.70595742, -12.67702772 ], [ -45.706316744, -12.67702772 ], [ -45.706316744, -12.676668396 ] ] ] ] } },
{ "type": "Feature", "properties": { "id": 202363, "left": -45.706316744, "top": -12.67702772, "right": -45.70595742, "bottom": -12.677387044, "centroid_x": -45.706137, "centroid_y": -12.677207, "talhao": "PL LOTE 01" }, "geometry": { "type": "MultiPolygon", "coordinates": [ [ [ [ -45.706316744, -12.67702772 ], [ -45.70595742, -12.67702772 ], [ -45.70595742, -12.677387044 ], [ -45.706316744, -12.677387044 ], [ -45.706316744, -12.67702772 ] ] ] ] } },
{ "type": "Feature", "properties": { "id": 202364, "left": -45.706316744, "top": -12.677387044, "right": -45.70595742, "bottom": -12.677746368, "centroid_x": -45.706137, "centroid_y": -12.677567, "talhao": "PL LOTE 01" }, "geometry": { "type": "MultiPolygon", "coordinates": [ [ [ [ -45.706316744, -12.677387044 ], [ -45.70595742, -12.677387044 ], [ -45.70595742, -12.677746368 ], [ -45.706316744, -12.677746368 ], [ -45.706316744, -12.677387044 ] ] ] ] } },
{ "type": "Feature", "properties": { "id": 202365, "left": -45.706316744, "top": -12.677746368, "right": -45.70595742, "bottom": -12.678105692000001, "centroid_x": -45.706137, "centroid_y": -12.677926, "talhao": "PL LOTE 01" }, "geometry": { "type": "MultiPolygon", "coordinates": [ [ [ [ -45.706316744, -12.677746368 ], [ -45.70595742, -12.677746368 ], [ -45.70595742, -12.678105692 ], [ -45.706316744, -12.678105692 ], [ -45.706316744, -12.677746368 ] ] ] ] } },
{ "type": "Feature", "properties": { "id": 202366, "left": -45.706316744, "top": -12.678105692000001, "right": -45.70595742, "bottom": -12.678465016000001, "centroid_x": -45.706137, "centroid_y": -12.678285, "talhao": "PL LOTE 01" }, "geometry": { "type": "MultiPolygon", "coordinates": [ [ [ [ -45.706316744, -12.678105692 ], [ -45.70595742, -12.678105692 ], [ -45.70595742, -12.678465016 ], [ -45.706316744, -12.678465016 ], [ -45.706316744, -12.678105692 ] ] ] ] } },
{ "type": "Feature", "properties": { "id": 202367, "left": -45.706316744, "top": -12.678465016000001, "right": -45.70595742, "bottom": -12.67882434, "centroid_x": -45.706137, "centroid_y": -12.678645, "talhao": "PL LOTE 01" }, "geometry": { "type": "MultiPolygon", "coordinates": [ [ [ [ -45.706316744, -12.678465016 ], [ -45.70595742, -12.678465016 ], [ -45.70595742, -12.67882434 ], [ -45.706316744, -12.67882434 ], [ -45.706316744, -12.678465016 ] ] ] ] } },
{ "type": "Feature", "properties": { "id": 202368, "left": -45.706316744, "top": -12.67882434, "right": -45.70595742, "bottom": -12.679183664, "centroid_x": -45.706137, "centroid_y": -12.679004, "talhao": "PL LOTE 01" }, "geometry": { "type": "MultiPolygon", "coordinates": [ [ [ [ -45.706316744, -12.67882434 ], [ -45.70595742, -12.67882434 ], [ -45.70595742, -12.679183664 ], [ -45.706316744, -12.679183664 ], [ -45.706316744, -12.67882434 ] ] ] ] } },
{ "type": "Feature", "properties": { "id": 202369, "left": -45.706316744, "top": -12.679183664, "right": -45.70595742, "bottom": -12.679542988, "centroid_x": -45.706137, "centroid_y": -12.679363, "talhao": "PL LOTE 01" }, "geometry": { "type": "MultiPolygon", "coordinates": [ [ [ [ -45.706316744, -12.679183664 ], [ -45.70595742, -12.679183664 ], [ -45.70595742, -12.679542988 ], [ -45.706316744, -12.679542988 ], [ -45.706316744, -12.679183664 ] ] ] ] } },
{ "type": "Feature", "properties": { "id": 202370, "left": -45.706316744, "top": -12.679542988, "right": -45.70595742, "bottom": -12.679902312, "centroid_x": -45.706137, "centroid_y": -12.679723, "talhao": "PL LOTE 01" }, "geometry": { "type": "MultiPolygon", "coordinates": [ [ [ [ -45.706316744, -12.679542988 ], [ -45.70595742, -12.679542988 ], [ -45.70595742, -12.679902312 ], [ -45.706316744, -12.679902312 ], [ -45.706316744, -12.679542988 ] ] ] ] } },
{ "type": "Feature", "properties": { "id": 202371, "left": -45.706316744, "top": -12.679902312, "right": -45.70595742, "bottom": -12.680261636, "centroid_x": -45.706137, "centroid_y": -12.680082, "talhao": "PL LOTE 01" }, "geometry": { "type": "MultiPolygon", "coordinates": [ [ [ [ -45.706316744, -12.679902312 ], [ -45.70595742, -12.679902312 ], [ -45.70595742, -12.680261636 ], [ -45.706316744, -12.680261636 ], [ -45.706316744, -12.679902312 ] ] ] ] } },
{ "type": "Feature", "properties": { "id": 202372, "left": -45.706316744, "top": -12.680261636, "right": -45.70595742, "bottom": -12.68062096, "centroid_x": -45.706137, "centroid_y": -12.680441, "talhao": "PL LOTE 01" }, "geometry": { "type": "MultiPolygon", "coordinates": [ [ [ [ -45.706316744, -12.680261636 ], [ -45.70595742, -12.680261636 ], [ -45.70595742, -12.68062096 ], [ -45.706316744, -12.68062096 ], [ -45.706316744, -12.680261636 ] ] ] ] } },
{ "type": "Feature", "properties": { "id": 202373, "left": -45.706316744, "top": -12.68062096, "right": -45.70595742, "bottom": -12.680980284, "centroid_x": -45.706137, "centroid_y": -12.680714, "talhao": "PL LOTE 01" }, "geometry": { "type": "MultiPolygon", "coordinates": [ [ [ [ -45.706157, -12.68081 ], [ -45.706316744, -12.680805884814989 ], [ -45.706316744, -12.68062096 ], [ -45.70595742, -12.68062096 ], [ -45.70595742, -12.680803921421319 ], [ -45.706157, -12.68081 ] ] ] ] } },
{ "type": "Feature", "properties": { "id": 202388, "left": -45.70595742, "top": -12.666966648000001, "right": -45.705598095999996, "bottom": -12.667325972, "centroid_x": -45.705886, "centroid_y": -12.667316, "talhao": "PL LOTE 01" }, "geometry": { "type": "MultiPolygon", "coordinates": [ [ [ [ -45.705855, -12.667312 ], [ -45.705734928125011, -12.667325972 ], [ -45.70595742, -12.667325972 ], [ -45.70595742, -12.66729610197015 ], [ -45.705855, -12.667312 ] ] ] ] } },
{ "type": "Feature", "properties": { "id": 202389, "left": -45.70595742, "top": -12.667325972, "right": -45.705598095999996, "bottom": -12.667685295999998, "centroid_x": -45.705779, "centroid_y": -12.667507, "talhao": "PL LOTE 01" }, "geometry": { "type": "MultiPolygon", "coordinates": [ [ [ [ -45.705598096, -12.667341894283636 ], [ -45.705598096, -12.667685296 ], [ -45.70595742, -12.667685296 ], [ -45.70595742, -12.667325972 ], [ -45.705734928125011, -12.667325972 ], [ -45.705598096, -12.667341894283636 ] ] ] ] } },
{ "type": "Feature", "properties": { "id": 202390, "left": -45.70595742, "top": -12.667685296, "right": -45.705598095999996, "bottom": -12.66804462, "centroid_x": -45.705778, "centroid_y": -12.667865, "talhao": "PL LOTE 01" }, "geometry": { "type": "MultiPolygon", "coordinates": [ [ [ [ -45.70595742, -12.667685296 ], [ -45.705598096, -12.667685296 ], [ -45.705598096, -12.66804462 ], [ -45.70595742, -12.66804462 ], [ -45.70595742, -12.667685296 ] ] ] ] } },
{ "type": "Feature", "properties": { "id": 202391, "left": -45.70595742, "top": -12.66804462, "right": -45.705598095999996, "bottom": -12.668403944, "centroid_x": -45.705778, "centroid_y": -12.668224, "talhao": "PL LOTE 01" }, "geometry": { "type": "MultiPolygon", "coordinates": [ [ [ [ -45.70595742, -12.66804462 ], [ -45.705598096, -12.66804462 ], [ -45.705598096, -12.668403944 ], [ -45.70595742, -12.668403944 ], [ -45.70595742, -12.66804462 ] ] ] ] } },
{ "type": "Feature", "properties": { "id": 202392, "left": -45.70595742, "top": -12.668403944, "right": -45.705598095999996, "bottom": -12.668763268, "centroid_x": -45.705778, "centroid_y": -12.668584, "talhao": "PL LOTE 01" }, "geometry": { "type": "MultiPolygon", "coordinates": [ [ [ [ -45.70595742, -12.668403944 ], [ -45.705598096, -12.668403944 ], [ -45.705598096, -12.668763268 ], [ -45.70595742, -12.668763268 ], [ -45.70595742, -12.668403944 ] ] ] ] } },
{ "type": "Feature", "properties": { "id": 202393, "left": -45.70595742, "top": -12.668763268, "right": -45.705598095999996, "bottom": -12.669122592000001, "centroid_x": -45.705778, "centroid_y": -12.668943, "talhao": "PL LOTE 01" }, "geometry": { "type": "MultiPolygon", "coordinates": [ [ [ [ -45.70595742, -12.668763268 ], [ -45.705598096, -12.668763268 ], [ -45.705598096, -12.669122592 ], [ -45.70595742, -12.669122592 ], [ -45.70595742, -12.668763268 ] ] ] ] } },
{ "type": "Feature", "properties": { "id": 202394, "left": -45.70595742, "top": -12.669122592000001, "right": -45.705598095999996, "bottom": -12.669481916000001, "centroid_x": -45.705778, "centroid_y": -12.669302, "talhao": "PL LOTE 01" }, "geometry": { "type": "MultiPolygon", "coordinates": [ [ [ [ -45.70595742, -12.669122592 ], [ -45.705598096, -12.669122592 ], [ -45.705598096, -12.669481916 ], [ -45.70595742, -12.669481916 ], [ -45.70595742, -12.669122592 ] ] ] ] } },
{ "type": "Feature", "properties": { "id": 202395, "left": -45.70595742, "top": -12.669481916000001, "right": -45.705598095999996, "bottom": -12.66984124, "centroid_x": -45.705778, "centroid_y": -12.669662, "talhao": "PL LOTE 01" }, "geometry": { "type": "MultiPolygon", "coordinates": [ [ [ [ -45.70595742, -12.669481916 ], [ -45.705598096, -12.669481916 ], [ -45.705598096, -12.66984124 ], [ -45.70595742, -12.66984124 ], [ -45.70595742, -12.669481916 ] ] ] ] } },
{ "type": "Feature", "properties": { "id": 202396, "left": -45.70595742, "top": -12.66984124, "right": -45.705598095999996, "bottom": -12.670200564, "centroid_x": -45.705778, "centroid_y": -12.670021, "talhao": "PL LOTE 01" }, "geometry": { "type": "MultiPolygon", "coordinates": [ [ [ [ -45.70595742, -12.66984124 ], [ -45.705598096, -12.66984124 ], [ -45.705598096, -12.670200564 ], [ -45.70595742, -12.670200564 ], [ -45.70595742, -12.66984124 ] ] ] ] } },
{ "type": "Feature", "properties": { "id": 202397, "left": -45.70595742, "top": -12.670200564, "right": -45.705598095999996, "bottom": -12.670559888, "centroid_x": -45.705778, "centroid_y": -12.67038, "talhao": "PL LOTE 01" }, "geometry": { "type": "MultiPolygon", "coordinates": [ [ [ [ -45.70595742, -12.670200564 ], [ -45.705598096, -12.670200564 ], [ -45.705598096, -12.670559888 ], [ -45.70595742, -12.670559888 ], [ -45.70595742, -12.670200564 ] ] ] ] } },
{ "type": "Feature", "properties": { "id": 202398, "left": -45.70595742, "top": -12.670559888, "right": -45.705598095999996, "bottom": -12.670919212, "centroid_x": -45.705778, "centroid_y": -12.67074, "talhao": "PL LOTE 01" }, "geometry": { "type": "MultiPolygon", "coordinates": [ [ [ [ -45.70595742, -12.670559888 ], [ -45.705598096, -12.670559888 ], [ -45.705598096, -12.670919212 ], [ -45.70595742, -12.670919212 ], [ -45.70595742, -12.670559888 ] ] ] ] } },
{ "type": "Feature", "properties": { "id": 202399, "left": -45.70595742, "top": -12.670919212, "right": -45.705598095999996, "bottom": -12.671278536000001, "centroid_x": -45.705778, "centroid_y": -12.671099, "talhao": "PL LOTE 01" }, "geometry": { "type": "MultiPolygon", "coordinates": [ [ [ [ -45.70595742, -12.670919212 ], [ -45.705598096, -12.670919212 ], [ -45.705598096, -12.671278536 ], [ -45.70595742, -12.671278536 ], [ -45.70595742, -12.670919212 ] ] ] ] } },
{ "type": "Feature", "properties": { "id": 202400, "left": -45.70595742, "top": -12.671278536000001, "right": -45.705598095999996, "bottom": -12.67163786, "centroid_x": -45.705778, "centroid_y": -12.671458, "talhao": "PL LOTE 01" }, "geometry": { "type": "MultiPolygon", "coordinates": [ [ [ [ -45.70595742, -12.671278536 ], [ -45.705598096, -12.671278536 ], [ -45.705598096, -12.67163786 ], [ -45.70595742, -12.67163786 ], [ -45.70595742, -12.671278536 ] ] ] ] } },
{ "type": "Feature", "properties": { "id": 202401, "left": -45.70595742, "top": -12.67163786, "right": -45.705598095999996, "bottom": -12.671997184, "centroid_x": -45.705778, "centroid_y": -12.671818, "talhao": "PL LOTE 01" }, "geometry": { "type": "MultiPolygon", "coordinates": [ [ [ [ -45.70595742, -12.67163786 ], [ -45.705598096, -12.67163786 ], [ -45.705598096, -12.671997184 ], [ -45.70595742, -12.671997184 ], [ -45.70595742, -12.67163786 ] ] ] ] } },
{ "type": "Feature", "properties": { "id": 202402, "left": -45.70595742, "top": -12.671997184, "right": -45.705598095999996, "bottom": -12.672356508, "centroid_x": -45.705778, "centroid_y": -12.672177, "talhao": "PL LOTE 01" }, "geometry": { "type": "MultiPolygon", "coordinates": [ [ [ [ -45.70595742, -12.671997184 ], [ -45.705598096, -12.671997184 ], [ -45.705598096, -12.672356508 ], [ -45.70595742, -12.672356508 ], [ -45.70595742, -12.671997184 ] ] ] ] } },
{ "type": "Feature", "properties": { "id": 202403, "left": -45.70595742, "top": -12.672356508, "right": -45.705598095999996, "bottom": -12.672715832, "centroid_x": -45.705778, "centroid_y": -12.672536, "talhao": "PL LOTE 01" }, "geometry": { "type": "MultiPolygon", "coordinates": [ [ [ [ -45.70595742, -12.672356508 ], [ -45.705598096, -12.672356508 ], [ -45.705598096, -12.672715832 ], [ -45.70595742, -12.672715832 ], [ -45.70595742, -12.672356508 ] ] ] ] } },
{ "type": "Feature", "properties": { "id": 202404, "left": -45.70595742, "top": -12.672715832, "right": -45.705598095999996, "bottom": -12.673075156, "centroid_x": -45.705778, "centroid_y": -12.672895, "talhao": "PL LOTE 01" }, "geometry": { "type": "MultiPolygon", "coordinates": [ [ [ [ -45.70595742, -12.672715832 ], [ -45.705598096, -12.672715832 ], [ -45.705598096, -12.673075156 ], [ -45.70595742, -12.673075156 ], [ -45.70595742, -12.672715832 ] ] ] ] } },
{ "type": "Feature", "properties": { "id": 202405, "left": -45.70595742, "top": -12.673075156, "right": -45.705598095999996, "bottom": -12.67343448, "centroid_x": -45.705778, "centroid_y": -12.673255, "talhao": "PL LOTE 01" }, "geometry": { "type": "MultiPolygon", "coordinates": [ [ [ [ -45.70595742, -12.673075156 ], [ -45.705598096, -12.673075156 ], [ -45.705598096, -12.67343448 ], [ -45.70595742, -12.67343448 ], [ -45.70595742, -12.673075156 ] ] ] ] } },
{ "type": "Feature", "properties": { "id": 202406, "left": -45.70595742, "top": -12.67343448, "right": -45.705598095999996, "bottom": -12.673793804000001, "centroid_x": -45.705778, "centroid_y": -12.673614, "talhao": "PL LOTE 01" }, "geometry": { "type": "MultiPolygon", "coordinates": [ [ [ [ -45.70595742, -12.67343448 ], [ -45.705598096, -12.67343448 ], [ -45.705598096, -12.673793804 ], [ -45.70595742, -12.673793804 ], [ -45.70595742, -12.67343448 ] ] ] ] } },
{ "type": "Feature", "properties": { "id": 202407, "left": -45.70595742, "top": -12.673793804000001, "right": -45.705598095999996, "bottom": -12.674153128, "centroid_x": -45.705778, "centroid_y": -12.673973, "talhao": "PL LOTE 01" }, "geometry": { "type": "MultiPolygon", "coordinates": [ [ [ [ -45.70595742, -12.673793804 ], [ -45.705598096, -12.673793804 ], [ -45.705598096, -12.674153128 ], [ -45.70595742, -12.674153128 ], [ -45.70595742, -12.673793804 ] ] ] ] } },
{ "type": "Feature", "properties": { "id": 202408, "left": -45.70595742, "top": -12.674153128, "right": -45.705598095999996, "bottom": -12.674512452, "centroid_x": -45.705778, "centroid_y": -12.674333, "talhao": "PL LOTE 01" }, "geometry": { "type": "MultiPolygon", "coordinates": [ [ [ [ -45.70595742, -12.674153128 ], [ -45.705598096, -12.674153128 ], [ -45.705598096, -12.674512452 ], [ -45.70595742, -12.674512452 ], [ -45.70595742, -12.674153128 ] ] ] ] } },
{ "type": "Feature", "properties": { "id": 202409, "left": -45.70595742, "top": -12.674512452, "right": -45.705598095999996, "bottom": -12.674871776, "centroid_x": -45.705778, "centroid_y": -12.674692, "talhao": "PL LOTE 01" }, "geometry": { "type": "MultiPolygon", "coordinates": [ [ [ [ -45.70595742, -12.674512452 ], [ -45.705598096, -12.674512452 ], [ -45.705598096, -12.674871776 ], [ -45.70595742, -12.674871776 ], [ -45.70595742, -12.674512452 ] ] ] ] } },
{ "type": "Feature", "properties": { "id": 202410, "left": -45.70595742, "top": -12.674871776, "right": -45.705598095999996, "bottom": -12.6752311, "centroid_x": -45.705778, "centroid_y": -12.675051, "talhao": "PL LOTE 01" }, "geometry": { "type": "MultiPolygon", "coordinates": [ [ [ [ -45.70595742, -12.674871776 ], [ -45.705598096, -12.674871776 ], [ -45.705598096, -12.6752311 ], [ -45.70595742, -12.6752311 ], [ -45.70595742, -12.674871776 ] ] ] ] } },
{ "type": "Feature", "properties": { "id": 202411, "left": -45.70595742, "top": -12.6752311, "right": -45.705598095999996, "bottom": -12.675590424, "centroid_x": -45.705778, "centroid_y": -12.675411, "talhao": "PL LOTE 01" }, "geometry": { "type": "MultiPolygon", "coordinates": [ [ [ [ -45.70595742, -12.6752311 ], [ -45.705598096, -12.6752311 ], [ -45.705598096, -12.675590424 ], [ -45.70595742, -12.675590424 ], [ -45.70595742, -12.6752311 ] ] ] ] } },
{ "type": "Feature", "properties": { "id": 202412, "left": -45.70595742, "top": -12.675590424, "right": -45.705598095999996, "bottom": -12.675949748000001, "centroid_x": -45.705778, "centroid_y": -12.67577, "talhao": "PL LOTE 01" }, "geometry": { "type": "MultiPolygon", "coordinates": [ [ [ [ -45.70595742, -12.675590424 ], [ -45.705598096, -12.675590424 ], [ -45.705598096, -12.675949748 ], [ -45.70595742, -12.675949748 ], [ -45.70595742, -12.675590424 ] ] ] ] } },
{ "type": "Feature", "properties": { "id": 202413, "left": -45.70595742, "top": -12.675949748000001, "right": -45.705598095999996, "bottom": -12.676309072, "centroid_x": -45.705778, "centroid_y": -12.676129, "talhao": "PL LOTE 01" }, "geometry": { "type": "MultiPolygon", "coordinates": [ [ [ [ -45.70595742, -12.675949748 ], [ -45.705598096, -12.675949748 ], [ -45.705598096, -12.676309072 ], [ -45.70595742, -12.676309072 ], [ -45.70595742, -12.675949748 ] ] ] ] } },
{ "type": "Feature", "properties": { "id": 202414, "left": -45.70595742, "top": -12.676309072, "right": -45.705598095999996, "bottom": -12.676668395999998, "centroid_x": -45.705778, "centroid_y": -12.676489, "talhao": "PL LOTE 01" }, "geometry": { "type": "MultiPolygon", "coordinates": [ [ [ [ -45.70595742, -12.676309072 ], [ -45.705598096, -12.676309072 ], [ -45.705598096, -12.676668396 ], [ -45.70595742, -12.676668396 ], [ -45.70595742, -12.676309072 ] ] ] ] } },
{ "type": "Feature", "properties": { "id": 202415, "left": -45.70595742, "top": -12.676668396, "right": -45.705598095999996, "bottom": -12.67702772, "centroid_x": -45.705778, "centroid_y": -12.676848, "talhao": "PL LOTE 01" }, "geometry": { "type": "MultiPolygon", "coordinates": [ [ [ [ -45.70595742, -12.676668396 ], [ -45.705598096, -12.676668396 ], [ -45.705598096, -12.67702772 ], [ -45.70595742, -12.67702772 ], [ -45.70595742, -12.676668396 ] ] ] ] } },
{ "type": "Feature", "properties": { "id": 202416, "left": -45.70595742, "top": -12.67702772, "right": -45.705598095999996, "bottom": -12.677387044, "centroid_x": -45.705778, "centroid_y": -12.677207, "talhao": "PL LOTE 01" }, "geometry": { "type": "MultiPolygon", "coordinates": [ [ [ [ -45.70595742, -12.67702772 ], [ -45.705598096, -12.67702772 ], [ -45.705598096, -12.677387044 ], [ -45.70595742, -12.677387044 ], [ -45.70595742, -12.67702772 ] ] ] ] } },
{ "type": "Feature", "properties": { "id": 202417, "left": -45.70595742, "top": -12.677387044, "right": -45.705598095999996, "bottom": -12.677746368, "centroid_x": -45.705778, "centroid_y": -12.677567, "talhao": "PL LOTE 01" }, "geometry": { "type": "MultiPolygon", "coordinates": [ [ [ [ -45.70595742, -12.677387044 ], [ -45.705598096, -12.677387044 ], [ -45.705598096, -12.677746368 ], [ -45.70595742, -12.677746368 ], [ -45.70595742, -12.677387044 ] ] ] ] } },
{ "type": "Feature", "properties": { "id": 202418, "left": -45.70595742, "top": -12.677746368, "right": -45.705598095999996, "bottom": -12.678105692000001, "centroid_x": -45.705778, "centroid_y": -12.677926, "talhao": "PL LOTE 01" }, "geometry": { "type": "MultiPolygon", "coordinates": [ [ [ [ -45.70595742, -12.677746368 ], [ -45.705598096, -12.677746368 ], [ -45.705598096, -12.678105692 ], [ -45.70595742, -12.678105692 ], [ -45.70595742, -12.677746368 ] ] ] ] } },
{ "type": "Feature", "properties": { "id": 202419, "left": -45.70595742, "top": -12.678105692000001, "right": -45.705598095999996, "bottom": -12.678465016000001, "centroid_x": -45.705778, "centroid_y": -12.678285, "talhao": "PL LOTE 01" }, "geometry": { "type": "MultiPolygon", "coordinates": [ [ [ [ -45.70595742, -12.678105692 ], [ -45.705598096, -12.678105692 ], [ -45.705598096, -12.678465016 ], [ -45.70595742, -12.678465016 ], [ -45.70595742, -12.678105692 ] ] ] ] } },
{ "type": "Feature", "properties": { "id": 202420, "left": -45.70595742, "top": -12.678465016000001, "right": -45.705598095999996, "bottom": -12.67882434, "centroid_x": -45.705778, "centroid_y": -12.678645, "talhao": "PL LOTE 01" }, "geometry": { "type": "MultiPolygon", "coordinates": [ [ [ [ -45.70595742, -12.678465016 ], [ -45.705598096, -12.678465016 ], [ -45.705598096, -12.67882434 ], [ -45.70595742, -12.67882434 ], [ -45.70595742, -12.678465016 ] ] ] ] } },
{ "type": "Feature", "properties": { "id": 202421, "left": -45.70595742, "top": -12.67882434, "right": -45.705598095999996, "bottom": -12.679183664, "centroid_x": -45.705778, "centroid_y": -12.679004, "talhao": "PL LOTE 01" }, "geometry": { "type": "MultiPolygon", "coordinates": [ [ [ [ -45.70595742, -12.67882434 ], [ -45.705598096, -12.67882434 ], [ -45.705598096, -12.679183664 ], [ -45.70595742, -12.679183664 ], [ -45.70595742, -12.67882434 ] ] ] ] } },
{ "type": "Feature", "properties": { "id": 202422, "left": -45.70595742, "top": -12.679183664, "right": -45.705598095999996, "bottom": -12.679542988, "centroid_x": -45.705778, "centroid_y": -12.679363, "talhao": "PL LOTE 01" }, "geometry": { "type": "MultiPolygon", "coordinates": [ [ [ [ -45.70595742, -12.679183664 ], [ -45.705598096, -12.679183664 ], [ -45.705598096, -12.679542988 ], [ -45.70595742, -12.679542988 ], [ -45.70595742, -12.679183664 ] ] ] ] } },
{ "type": "Feature", "properties": { "id": 202423, "left": -45.70595742, "top": -12.679542988, "right": -45.705598095999996, "bottom": -12.679902312, "centroid_x": -45.705778, "centroid_y": -12.679723, "talhao": "PL LOTE 01" }, "geometry": { "type": "MultiPolygon", "coordinates": [ [ [ [ -45.70595742, -12.679542988 ], [ -45.705598096, -12.679542988 ], [ -45.705598096, -12.679902312 ], [ -45.70595742, -12.679902312 ], [ -45.70595742, -12.679542988 ] ] ] ] } },
{ "type": "Feature", "properties": { "id": 202424, "left": -45.70595742, "top": -12.679902312, "right": -45.705598095999996, "bottom": -12.680261636, "centroid_x": -45.705778, "centroid_y": -12.680082, "talhao": "PL LOTE 01" }, "geometry": { "type": "MultiPolygon", "coordinates": [ [ [ [ -45.70595742, -12.679902312 ], [ -45.705598096, -12.679902312 ], [ -45.705598096, -12.680261636 ], [ -45.70595742, -12.680261636 ], [ -45.70595742, -12.679902312 ] ] ] ] } },
{ "type": "Feature", "properties": { "id": 202425, "left": -45.70595742, "top": -12.680261636, "right": -45.705598095999996, "bottom": -12.68062096, "centroid_x": -45.705778, "centroid_y": -12.680441, "talhao": "PL LOTE 01" }, "geometry": { "type": "MultiPolygon", "coordinates": [ [ [ [ -45.70595742, -12.680261636 ], [ -45.705598096, -12.680261636 ], [ -45.705598096, -12.68062096 ], [ -45.70595742, -12.68062096 ], [ -45.70595742, -12.680261636 ] ] ] ] } },
{ "type": "Feature", "properties": { "id": 202426, "left": -45.70595742, "top": -12.68062096, "right": -45.705598095999996, "bottom": -12.680980284, "centroid_x": -45.705779, "centroid_y": -12.68071, "talhao": "PL LOTE 01" }, "geometry": { "type": "MultiPolygon", "coordinates": [ [ [ [ -45.705763, -12.680798 ], [ -45.70595742, -12.680803921421319 ], [ -45.70595742, -12.68062096 ], [ -45.705598096, -12.68062096 ], [ -45.705598096, -12.680798 ], [ -45.705763, -12.680798 ] ] ] ] } },
{ "type": "Feature", "properties": { "id": 202442, "left": -45.705598096000003, "top": -12.667325972, "right": -45.705238772000001, "bottom": -12.667685295999998, "centroid_x": -45.70542, "centroid_y": -12.66752, "talhao": "PL LOTE 01" }, "geometry": { "type": "MultiPolygon", "coordinates": [ [ [ [ -45.70558, -12.667344 ], [ -45.705444, -12.667355 ], [ -45.705238772, -12.667361706797386 ], [ -45.705238772, -12.667685296 ], [ -45.705598096, -12.667685296 ], [ -45.705598096, -12.667341894283636 ], [ -45.70558, -12.667344 ] ] ] ] } },
{ "type": "Feature", "properties": { "id": 202443, "left": -45.705598096000003, "top": -12.667685296, "right": -45.705238772000001, "bottom": -12.66804462, "centroid_x": -45.705418, "centroid_y": -12.667865, "talhao": "PL LOTE 01" }, "geometry": { "type": "MultiPolygon", "coordinates": [ [ [ [ -45.705598096, -12.667685296 ], [ -45.705238772, -12.667685296 ], [ -45.705238772, -12.66804462 ], [ -45.705598096, -12.66804462 ], [ -45.705598096, -12.667685296 ] ] ] ] } },
{ "type": "Feature", "properties": { "id": 202444, "left": -45.705598096000003, "top": -12.66804462, "right": -45.705238772000001, "bottom": -12.668403944, "centroid_x": -45.705418, "centroid_y": -12.668224, "talhao": "PL LOTE 01" }, "geometry": { "type": "MultiPolygon", "coordinates": [ [ [ [ -45.705598096, -12.66804462 ], [ -45.705238772, -12.66804462 ], [ -45.705238772, -12.668403944 ], [ -45.705598096, -12.668403944 ], [ -45.705598096, -12.66804462 ] ] ] ] } },
{ "type": "Feature", "properties": { "id": 202445, "left": -45.705598096000003, "top": -12.668403944, "right": -45.705238772000001, "bottom": -12.668763268, "centroid_x": -45.705418, "centroid_y": -12.668584, "talhao": "PL LOTE 01" }, "geometry": { "type": "MultiPolygon", "coordinates": [ [ [ [ -45.705598096, -12.668403944 ], [ -45.705238772, -12.668403944 ], [ -45.705238772, -12.668763268 ], [ -45.705598096, -12.668763268 ], [ -45.705598096, -12.668403944 ] ] ] ] } },
{ "type": "Feature", "properties": { "id": 202446, "left": -45.705598096000003, "top": -12.668763268, "right": -45.705238772000001, "bottom": -12.669122592000001, "centroid_x": -45.705418, "centroid_y": -12.668943, "talhao": "PL LOTE 01" }, "geometry": { "type": "MultiPolygon", "coordinates": [ [ [ [ -45.705598096, -12.668763268 ], [ -45.705238772, -12.668763268 ], [ -45.705238772, -12.669122592 ], [ -45.705598096, -12.669122592 ], [ -45.705598096, -12.668763268 ] ] ] ] } },
{ "type": "Feature", "properties": { "id": 202447, "left": -45.705598096000003, "top": -12.669122592000001, "right": -45.705238772000001, "bottom": -12.669481916000001, "centroid_x": -45.705418, "centroid_y": -12.669302, "talhao": "PL LOTE 01" }, "geometry": { "type": "MultiPolygon", "coordinates": [ [ [ [ -45.705598096, -12.669122592 ], [ -45.705238772, -12.669122592 ], [ -45.705238772, -12.669481916 ], [ -45.705598096, -12.669481916 ], [ -45.705598096, -12.669122592 ] ] ] ] } },
{ "type": "Feature", "properties": { "id": 202448, "left": -45.705598096000003, "top": -12.669481916000001, "right": -45.705238772000001, "bottom": -12.66984124, "centroid_x": -45.705418, "centroid_y": -12.669662, "talhao": "PL LOTE 01" }, "geometry": { "type": "MultiPolygon", "coordinates": [ [ [ [ -45.705598096, -12.669481916 ], [ -45.705238772, -12.669481916 ], [ -45.705238772, -12.66984124 ], [ -45.705598096, -12.66984124 ], [ -45.705598096, -12.669481916 ] ] ] ] } },
{ "type": "Feature", "properties": { "id": 202449, "left": -45.705598096000003, "top": -12.66984124, "right": -45.705238772000001, "bottom": -12.670200564, "centroid_x": -45.705418, "centroid_y": -12.670021, "talhao": "PL LOTE 01" }, "geometry": { "type": "MultiPolygon", "coordinates": [ [ [ [ -45.705598096, -12.66984124 ], [ -45.705238772, -12.66984124 ], [ -45.705238772, -12.670200564 ], [ -45.705598096, -12.670200564 ], [ -45.705598096, -12.66984124 ] ] ] ] } },
{ "type": "Feature", "properties": { "id": 202450, "left": -45.705598096000003, "top": -12.670200564, "right": -45.705238772000001, "bottom": -12.670559888, "centroid_x": -45.705418, "centroid_y": -12.67038, "talhao": "PL LOTE 01" }, "geometry": { "type": "MultiPolygon", "coordinates": [ [ [ [ -45.705598096, -12.670200564 ], [ -45.705238772, -12.670200564 ], [ -45.705238772, -12.670559888 ], [ -45.705598096, -12.670559888 ], [ -45.705598096, -12.670200564 ] ] ] ] } },
{ "type": "Feature", "properties": { "id": 202451, "left": -45.705598096000003, "top": -12.670559888, "right": -45.705238772000001, "bottom": -12.670919212, "centroid_x": -45.705418, "centroid_y": -12.67074, "talhao": "PL LOTE 01" }, "geometry": { "type": "MultiPolygon", "coordinates": [ [ [ [ -45.705598096, -12.670559888 ], [ -45.705238772, -12.670559888 ], [ -45.705238772, -12.670919212 ], [ -45.705598096, -12.670919212 ], [ -45.705598096, -12.670559888 ] ] ] ] } },
{ "type": "Feature", "properties": { "id": 202452, "left": -45.705598096000003, "top": -12.670919212, "right": -45.705238772000001, "bottom": -12.671278536000001, "centroid_x": -45.705418, "centroid_y": -12.671099, "talhao": "PL LOTE 01" }, "geometry": { "type": "MultiPolygon", "coordinates": [ [ [ [ -45.705598096, -12.670919212 ], [ -45.705238772, -12.670919212 ], [ -45.705238772, -12.671278536 ], [ -45.705598096, -12.671278536 ], [ -45.705598096, -12.670919212 ] ] ] ] } },
{ "type": "Feature", "properties": { "id": 202453, "left": -45.705598096000003, "top": -12.671278536000001, "right": -45.705238772000001, "bottom": -12.67163786, "centroid_x": -45.705418, "centroid_y": -12.671458, "talhao": "PL LOTE 01" }, "geometry": { "type": "MultiPolygon", "coordinates": [ [ [ [ -45.705598096, -12.671278536 ], [ -45.705238772, -12.671278536 ], [ -45.705238772, -12.67163786 ], [ -45.705598096, -12.67163786 ], [ -45.705598096, -12.671278536 ] ] ] ] } },
{ "type": "Feature", "properties": { "id": 202454, "left": -45.705598096000003, "top": -12.67163786, "right": -45.705238772000001, "bottom": -12.671997184, "centroid_x": -45.705418, "centroid_y": -12.671818, "talhao": "PL LOTE 01" }, "geometry": { "type": "MultiPolygon", "coordinates": [ [ [ [ -45.705598096, -12.67163786 ], [ -45.705238772, -12.67163786 ], [ -45.705238772, -12.671997184 ], [ -45.705598096, -12.671997184 ], [ -45.705598096, -12.67163786 ] ] ] ] } },
{ "type": "Feature", "properties": { "id": 202455, "left": -45.705598096000003, "top": -12.671997184, "right": -45.705238772000001, "bottom": -12.672356508, "centroid_x": -45.705418, "centroid_y": -12.672177, "talhao": "PL LOTE 01" }, "geometry": { "type": "MultiPolygon", "coordinates": [ [ [ [ -45.705598096, -12.671997184 ], [ -45.705238772, -12.671997184 ], [ -45.705238772, -12.672356508 ], [ -45.705598096, -12.672356508 ], [ -45.705598096, -12.671997184 ] ] ] ] } },
{ "type": "Feature", "properties": { "id": 202456, "left": -45.705598096000003, "top": -12.672356508, "right": -45.705238772000001, "bottom": -12.672715832, "centroid_x": -45.705418, "centroid_y": -12.672536, "talhao": "PL LOTE 01" }, "geometry": { "type": "MultiPolygon", "coordinates": [ [ [ [ -45.705598096, -12.672356508 ], [ -45.705238772, -12.672356508 ], [ -45.705238772, -12.672715832 ], [ -45.705598096, -12.672715832 ], [ -45.705598096, -12.672356508 ] ] ] ] } },
{ "type": "Feature", "properties": { "id": 202457, "left": -45.705598096000003, "top": -12.672715832, "right": -45.705238772000001, "bottom": -12.673075156, "centroid_x": -45.705418, "centroid_y": -12.672895, "talhao": "PL LOTE 01" }, "geometry": { "type": "MultiPolygon", "coordinates": [ [ [ [ -45.705598096, -12.672715832 ], [ -45.705238772, -12.672715832 ], [ -45.705238772, -12.673075156 ], [ -45.705598096, -12.673075156 ], [ -45.705598096, -12.672715832 ] ] ] ] } },
{ "type": "Feature", "properties": { "id": 202458, "left": -45.705598096000003, "top": -12.673075156, "right": -45.705238772000001, "bottom": -12.67343448, "centroid_x": -45.705418, "centroid_y": -12.673255, "talhao": "PL LOTE 01" }, "geometry": { "type": "MultiPolygon", "coordinates": [ [ [ [ -45.705598096, -12.673075156 ], [ -45.705238772, -12.673075156 ], [ -45.705238772, -12.67343448 ], [ -45.705598096, -12.67343448 ], [ -45.705598096, -12.673075156 ] ] ] ] } },
{ "type": "Feature", "properties": { "id": 202459, "left": -45.705598096000003, "top": -12.67343448, "right": -45.705238772000001, "bottom": -12.673793804000001, "centroid_x": -45.705418, "centroid_y": -12.673614, "talhao": "PL LOTE 01" }, "geometry": { "type": "MultiPolygon", "coordinates": [ [ [ [ -45.705598096, -12.67343448 ], [ -45.705238772, -12.67343448 ], [ -45.705238772, -12.673793804 ], [ -45.705598096, -12.673793804 ], [ -45.705598096, -12.67343448 ] ] ] ] } },
{ "type": "Feature", "properties": { "id": 202460, "left": -45.705598096000003, "top": -12.673793804000001, "right": -45.705238772000001, "bottom": -12.674153128, "centroid_x": -45.705418, "centroid_y": -12.673973, "talhao": "PL LOTE 01" }, "geometry": { "type": "MultiPolygon", "coordinates": [ [ [ [ -45.705598096, -12.673793804 ], [ -45.705238772, -12.673793804 ], [ -45.705238772, -12.674153128 ], [ -45.705598096, -12.674153128 ], [ -45.705598096, -12.673793804 ] ] ] ] } },
{ "type": "Feature", "properties": { "id": 202461, "left": -45.705598096000003, "top": -12.674153128, "right": -45.705238772000001, "bottom": -12.674512452, "centroid_x": -45.705418, "centroid_y": -12.674333, "talhao": "PL LOTE 01" }, "geometry": { "type": "MultiPolygon", "coordinates": [ [ [ [ -45.705598096, -12.674153128 ], [ -45.705238772, -12.674153128 ], [ -45.705238772, -12.674512452 ], [ -45.705598096, -12.674512452 ], [ -45.705598096, -12.674153128 ] ] ] ] } },
{ "type": "Feature", "properties": { "id": 202462, "left": -45.705598096000003, "top": -12.674512452, "right": -45.705238772000001, "bottom": -12.674871776, "centroid_x": -45.705418, "centroid_y": -12.674692, "talhao": "PL LOTE 01" }, "geometry": { "type": "MultiPolygon", "coordinates": [ [ [ [ -45.705598096, -12.674512452 ], [ -45.705238772, -12.674512452 ], [ -45.705238772, -12.674871776 ], [ -45.705598096, -12.674871776 ], [ -45.705598096, -12.674512452 ] ] ] ] } },
{ "type": "Feature", "properties": { "id": 202463, "left": -45.705598096000003, "top": -12.674871776, "right": -45.705238772000001, "bottom": -12.6752311, "centroid_x": -45.705418, "centroid_y": -12.675051, "talhao": "PL LOTE 01" }, "geometry": { "type": "MultiPolygon", "coordinates": [ [ [ [ -45.705598096, -12.674871776 ], [ -45.705238772, -12.674871776 ], [ -45.705238772, -12.6752311 ], [ -45.705598096, -12.6752311 ], [ -45.705598096, -12.674871776 ] ] ] ] } },
{ "type": "Feature", "properties": { "id": 202464, "left": -45.705598096000003, "top": -12.6752311, "right": -45.705238772000001, "bottom": -12.675590424, "centroid_x": -45.705418, "centroid_y": -12.675411, "talhao": "PL LOTE 01" }, "geometry": { "type": "MultiPolygon", "coordinates": [ [ [ [ -45.705598096, -12.6752311 ], [ -45.705238772, -12.6752311 ], [ -45.705238772, -12.675590424 ], [ -45.705598096, -12.675590424 ], [ -45.705598096, -12.6752311 ] ] ] ] } },
{ "type": "Feature", "properties": { "id": 202465, "left": -45.705598096000003, "top": -12.675590424, "right": -45.705238772000001, "bottom": -12.675949748000001, "centroid_x": -45.705418, "centroid_y": -12.67577, "talhao": "PL LOTE 01" }, "geometry": { "type": "MultiPolygon", "coordinates": [ [ [ [ -45.705598096, -12.675590424 ], [ -45.705238772, -12.675590424 ], [ -45.705238772, -12.675949748 ], [ -45.705598096, -12.675949748 ], [ -45.705598096, -12.675590424 ] ] ] ] } },
{ "type": "Feature", "properties": { "id": 202466, "left": -45.705598096000003, "top": -12.675949748000001, "right": -45.705238772000001, "bottom": -12.676309072, "centroid_x": -45.705418, "centroid_y": -12.676129, "talhao": "PL LOTE 01" }, "geometry": { "type": "MultiPolygon", "coordinates": [ [ [ [ -45.705598096, -12.675949748 ], [ -45.705238772, -12.675949748 ], [ -45.705238772, -12.676309072 ], [ -45.705598096, -12.676309072 ], [ -45.705598096, -12.675949748 ] ] ] ] } },
{ "type": "Feature", "properties": { "id": 202467, "left": -45.705598096000003, "top": -12.676309072, "right": -45.705238772000001, "bottom": -12.676668395999998, "centroid_x": -45.705418, "centroid_y": -12.676489, "talhao": "PL LOTE 01" }, "geometry": { "type": "MultiPolygon", "coordinates": [ [ [ [ -45.705598096, -12.676309072 ], [ -45.705238772, -12.676309072 ], [ -45.705238772, -12.676668396 ], [ -45.705598096, -12.676668396 ], [ -45.705598096, -12.676309072 ] ] ] ] } },
{ "type": "Feature", "properties": { "id": 202468, "left": -45.705598096000003, "top": -12.676668396, "right": -45.705238772000001, "bottom": -12.67702772, "centroid_x": -45.705418, "centroid_y": -12.676848, "talhao": "PL LOTE 01" }, "geometry": { "type": "MultiPolygon", "coordinates": [ [ [ [ -45.705598096, -12.676668396 ], [ -45.705238772, -12.676668396 ], [ -45.705238772, -12.67702772 ], [ -45.705598096, -12.67702772 ], [ -45.705598096, -12.676668396 ] ] ] ] } },
{ "type": "Feature", "properties": { "id": 202469, "left": -45.705598096000003, "top": -12.67702772, "right": -45.705238772000001, "bottom": -12.677387044, "centroid_x": -45.705418, "centroid_y": -12.677207, "talhao": "PL LOTE 01" }, "geometry": { "type": "MultiPolygon", "coordinates": [ [ [ [ -45.705598096, -12.67702772 ], [ -45.705238772, -12.67702772 ], [ -45.705238772, -12.677387044 ], [ -45.705598096, -12.677387044 ], [ -45.705598096, -12.67702772 ] ] ] ] } },
{ "type": "Feature", "properties": { "id": 202470, "left": -45.705598096000003, "top": -12.677387044, "right": -45.705238772000001, "bottom": -12.677746368, "centroid_x": -45.705418, "centroid_y": -12.677567, "talhao": "PL LOTE 01" }, "geometry": { "type": "MultiPolygon", "coordinates": [ [ [ [ -45.705598096, -12.677387044 ], [ -45.705238772, -12.677387044 ], [ -45.705238772, -12.677746368 ], [ -45.705598096, -12.677746368 ], [ -45.705598096, -12.677387044 ] ] ] ] } },
{ "type": "Feature", "properties": { "id": 202471, "left": -45.705598096000003, "top": -12.677746368, "right": -45.705238772000001, "bottom": -12.678105692000001, "centroid_x": -45.705418, "centroid_y": -12.677926, "talhao": "PL LOTE 01" }, "geometry": { "type": "MultiPolygon", "coordinates": [ [ [ [ -45.705598096, -12.677746368 ], [ -45.705238772, -12.677746368 ], [ -45.705238772, -12.678105692 ], [ -45.705598096, -12.678105692 ], [ -45.705598096, -12.677746368 ] ] ] ] } },
{ "type": "Feature", "properties": { "id": 202472, "left": -45.705598096000003, "top": -12.678105692000001, "right": -45.705238772000001, "bottom": -12.678465016000001, "centroid_x": -45.705418, "centroid_y": -12.678285, "talhao": "PL LOTE 01" }, "geometry": { "type": "MultiPolygon", "coordinates": [ [ [ [ -45.705598096, -12.678105692 ], [ -45.705238772, -12.678105692 ], [ -45.705238772, -12.678465016 ], [ -45.705598096, -12.678465016 ], [ -45.705598096, -12.678105692 ] ] ] ] } },
{ "type": "Feature", "properties": { "id": 202473, "left": -45.705598096000003, "top": -12.678465016000001, "right": -45.705238772000001, "bottom": -12.67882434, "centroid_x": -45.705418, "centroid_y": -12.678645, "talhao": "PL LOTE 01" }, "geometry": { "type": "MultiPolygon", "coordinates": [ [ [ [ -45.705598096, -12.678465016 ], [ -45.705238772, -12.678465016 ], [ -45.705238772, -12.67882434 ], [ -45.705598096, -12.67882434 ], [ -45.705598096, -12.678465016 ] ] ] ] } },
{ "type": "Feature", "properties": { "id": 202474, "left": -45.705598096000003, "top": -12.67882434, "right": -45.705238772000001, "bottom": -12.679183664, "centroid_x": -45.705418, "centroid_y": -12.679004, "talhao": "PL LOTE 01" }, "geometry": { "type": "MultiPolygon", "coordinates": [ [ [ [ -45.705598096, -12.67882434 ], [ -45.705238772, -12.67882434 ], [ -45.705238772, -12.679183664 ], [ -45.705598096, -12.679183664 ], [ -45.705598096, -12.67882434 ] ] ] ] } },
{ "type": "Feature", "properties": { "id": 202475, "left": -45.705598096000003, "top": -12.679183664, "right": -45.705238772000001, "bottom": -12.679542988, "centroid_x": -45.705418, "centroid_y": -12.679363, "talhao": "PL LOTE 01" }, "geometry": { "type": "MultiPolygon", "coordinates": [ [ [ [ -45.705598096, -12.679183664 ], [ -45.705238772, -12.679183664 ], [ -45.705238772, -12.679542988 ], [ -45.705598096, -12.679542988 ], [ -45.705598096, -12.679183664 ] ] ] ] } },
{ "type": "Feature", "properties": { "id": 202476, "left": -45.705598096000003, "top": -12.679542988, "right": -45.705238772000001, "bottom": -12.679902312, "centroid_x": -45.705418, "centroid_y": -12.679723, "talhao": "PL LOTE 01" }, "geometry": { "type": "MultiPolygon", "coordinates": [ [ [ [ -45.705598096, -12.679542988 ], [ -45.705238772, -12.679542988 ], [ -45.705238772, -12.679902312 ], [ -45.705598096, -12.679902312 ], [ -45.705598096, -12.679542988 ] ] ] ] } },
{ "type": "Feature", "properties": { "id": 202477, "left": -45.705598096000003, "top": -12.679902312, "right": -45.705238772000001, "bottom": -12.680261636, "centroid_x": -45.705418, "centroid_y": -12.680082, "talhao": "PL LOTE 01" }, "geometry": { "type": "MultiPolygon", "coordinates": [ [ [ [ -45.705598096, -12.679902312 ], [ -45.705238772, -12.679902312 ], [ -45.705238772, -12.680261636 ], [ -45.705598096, -12.680261636 ], [ -45.705598096, -12.679902312 ] ] ] ] } },
{ "type": "Feature", "properties": { "id": 202478, "left": -45.705598096000003, "top": -12.680261636, "right": -45.705238772000001, "bottom": -12.68062096, "centroid_x": -45.705418, "centroid_y": -12.680441, "talhao": "PL LOTE 01" }, "geometry": { "type": "MultiPolygon", "coordinates": [ [ [ [ -45.705598096, -12.680261636 ], [ -45.705238772, -12.680261636 ], [ -45.705238772, -12.68062096 ], [ -45.705598096, -12.68062096 ], [ -45.705598096, -12.680261636 ] ] ] ] } },
{ "type": "Feature", "properties": { "id": 202479, "left": -45.705598096000003, "top": -12.68062096, "right": -45.705238772000001, "bottom": -12.680980284, "centroid_x": -45.705427, "centroid_y": -12.680704, "talhao": "PL LOTE 01" }, "geometry": { "type": "MultiPolygon", "coordinates": [ [ [ [ -45.705271, -12.680757 ], [ -45.705367, -12.680789 ], [ -45.705438, -12.680798 ], [ -45.705598096, -12.680798 ], [ -45.705598096, -12.68062096 ], [ -45.705238772, -12.68062096 ], [ -45.705238772, -12.680740886 ], [ -45.705271, -12.680757 ] ] ] ] } },
{ "type": "Feature", "properties": { "id": 202495, "left": -45.705238772000001, "top": -12.667325972, "right": -45.704879448, "bottom": -12.667685295999998, "centroid_x": -45.70506, "centroid_y": -12.667526, "talhao": "PL LOTE 01" }, "geometry": { "type": "MultiPolygon", "coordinates": [ [ [ [ -45.704985, -12.66737 ], [ -45.704879448, -12.667366861967567 ], [ -45.704879448, -12.667685296 ], [ -45.705238772, -12.667685296 ], [ -45.705238772, -12.667361706797386 ], [ -45.704985, -12.66737 ] ] ] ] } },
{ "type": "Feature", "properties": { "id": 202496, "left": -45.705238772000001, "top": -12.667685296, "right": -45.704879448, "bottom": -12.66804462, "centroid_x": -45.705059, "centroid_y": -12.667865, "talhao": "PL LOTE 01" }, "geometry": { "type": "MultiPolygon", "coordinates": [ [ [ [ -45.705238772, -12.667685296 ], [ -45.704879448, -12.667685296 ], [ -45.704879448, -12.66804462 ], [ -45.705238772, -12.66804462 ], [ -45.705238772, -12.667685296 ] ] ] ] } },
{ "type": "Feature", "properties": { "id": 202497, "left": -45.705238772000001, "top": -12.66804462, "right": -45.704879448, "bottom": -12.668403944, "centroid_x": -45.705059, "centroid_y": -12.668224, "talhao": "PL LOTE 01" }, "geometry": { "type": "MultiPolygon", "coordinates": [ [ [ [ -45.705238772, -12.66804462 ], [ -45.704879448, -12.66804462 ], [ -45.704879448, -12.668403944 ], [ -45.705238772, -12.668403944 ], [ -45.705238772, -12.66804462 ] ] ] ] } },
{ "type": "Feature", "properties": { "id": 202498, "left": -45.705238772000001, "top": -12.668403944, "right": -45.704879448, "bottom": -12.668763268, "centroid_x": -45.705059, "centroid_y": -12.668584, "talhao": "PL LOTE 01" }, "geometry": { "type": "MultiPolygon", "coordinates": [ [ [ [ -45.705238772, -12.668403944 ], [ -45.704879448, -12.668403944 ], [ -45.704879448, -12.668763268 ], [ -45.705238772, -12.668763268 ], [ -45.705238772, -12.668403944 ] ] ] ] } },
{ "type": "Feature", "properties": { "id": 202499, "left": -45.705238772000001, "top": -12.668763268, "right": -45.704879448, "bottom": -12.669122592000001, "centroid_x": -45.705059, "centroid_y": -12.668943, "talhao": "PL LOTE 01" }, "geometry": { "type": "MultiPolygon", "coordinates": [ [ [ [ -45.705238772, -12.668763268 ], [ -45.704879448, -12.668763268 ], [ -45.704879448, -12.669122592 ], [ -45.705238772, -12.669122592 ], [ -45.705238772, -12.668763268 ] ] ] ] } },
{ "type": "Feature", "properties": { "id": 202500, "left": -45.705238772000001, "top": -12.669122592000001, "right": -45.704879448, "bottom": -12.669481916000001, "centroid_x": -45.705059, "centroid_y": -12.669302, "talhao": "PL LOTE 01" }, "geometry": { "type": "MultiPolygon", "coordinates": [ [ [ [ -45.705238772, -12.669122592 ], [ -45.704879448, -12.669122592 ], [ -45.704879448, -12.669481916 ], [ -45.705238772, -12.669481916 ], [ -45.705238772, -12.669122592 ] ] ] ] } },
{ "type": "Feature", "properties": { "id": 202501, "left": -45.705238772000001, "top": -12.669481916000001, "right": -45.704879448, "bottom": -12.66984124, "centroid_x": -45.705059, "centroid_y": -12.669662, "talhao": "PL LOTE 01" }, "geometry": { "type": "MultiPolygon", "coordinates": [ [ [ [ -45.705238772, -12.669481916 ], [ -45.704879448, -12.669481916 ], [ -45.704879448, -12.66984124 ], [ -45.705238772, -12.66984124 ], [ -45.705238772, -12.669481916 ] ] ] ] } },
{ "type": "Feature", "properties": { "id": 202502, "left": -45.705238772000001, "top": -12.66984124, "right": -45.704879448, "bottom": -12.670200564, "centroid_x": -45.705059, "centroid_y": -12.670021, "talhao": "PL LOTE 01" }, "geometry": { "type": "MultiPolygon", "coordinates": [ [ [ [ -45.705238772, -12.66984124 ], [ -45.704879448, -12.66984124 ], [ -45.704879448, -12.670200564 ], [ -45.705238772, -12.670200564 ], [ -45.705238772, -12.66984124 ] ] ] ] } },
{ "type": "Feature", "properties": { "id": 202503, "left": -45.705238772000001, "top": -12.670200564, "right": -45.704879448, "bottom": -12.670559888, "centroid_x": -45.705059, "centroid_y": -12.67038, "talhao": "PL LOTE 01" }, "geometry": { "type": "MultiPolygon", "coordinates": [ [ [ [ -45.705238772, -12.670200564 ], [ -45.704879448, -12.670200564 ], [ -45.704879448, -12.670559888 ], [ -45.705238772, -12.670559888 ], [ -45.705238772, -12.670200564 ] ] ] ] } },
{ "type": "Feature", "properties": { "id": 202504, "left": -45.705238772000001, "top": -12.670559888, "right": -45.704879448, "bottom": -12.670919212, "centroid_x": -45.705059, "centroid_y": -12.67074, "talhao": "PL LOTE 01" }, "geometry": { "type": "MultiPolygon", "coordinates": [ [ [ [ -45.705238772, -12.670559888 ], [ -45.704879448, -12.670559888 ], [ -45.704879448, -12.670919212 ], [ -45.705238772, -12.670919212 ], [ -45.705238772, -12.670559888 ] ] ] ] } },
{ "type": "Feature", "properties": { "id": 202505, "left": -45.705238772000001, "top": -12.670919212, "right": -45.704879448, "bottom": -12.671278536000001, "centroid_x": -45.705059, "centroid_y": -12.671099, "talhao": "PL LOTE 01" }, "geometry": { "type": "MultiPolygon", "coordinates": [ [ [ [ -45.705238772, -12.670919212 ], [ -45.704879448, -12.670919212 ], [ -45.704879448, -12.671278536 ], [ -45.705238772, -12.671278536 ], [ -45.705238772, -12.670919212 ] ] ] ] } },
{ "type": "Feature", "properties": { "id": 202506, "left": -45.705238772000001, "top": -12.671278536000001, "right": -45.704879448, "bottom": -12.67163786, "centroid_x": -45.705059, "centroid_y": -12.671458, "talhao": "PL LOTE 01" }, "geometry": { "type": "MultiPolygon", "coordinates": [ [ [ [ -45.705238772, -12.671278536 ], [ -45.704879448, -12.671278536 ], [ -45.704879448, -12.67163786 ], [ -45.705238772, -12.67163786 ], [ -45.705238772, -12.671278536 ] ] ] ] } },
{ "type": "Feature", "properties": { "id": 202507, "left": -45.705238772000001, "top": -12.67163786, "right": -45.704879448, "bottom": -12.671997184, "centroid_x": -45.705059, "centroid_y": -12.671818, "talhao": "PL LOTE 01" }, "geometry": { "type": "MultiPolygon", "coordinates": [ [ [ [ -45.705238772, -12.67163786 ], [ -45.704879448, -12.67163786 ], [ -45.704879448, -12.671997184 ], [ -45.705238772, -12.671997184 ], [ -45.705238772, -12.67163786 ] ] ] ] } },
{ "type": "Feature", "properties": { "id": 202508, "left": -45.705238772000001, "top": -12.671997184, "right": -45.704879448, "bottom": -12.672356508, "centroid_x": -45.705059, "centroid_y": -12.672177, "talhao": "PL LOTE 01" }, "geometry": { "type": "MultiPolygon", "coordinates": [ [ [ [ -45.705238772, -12.671997184 ], [ -45.704879448, -12.671997184 ], [ -45.704879448, -12.672356508 ], [ -45.705238772, -12.672356508 ], [ -45.705238772, -12.671997184 ] ] ] ] } },
{ "type": "Feature", "properties": { "id": 202509, "left": -45.705238772000001, "top": -12.672356508, "right": -45.704879448, "bottom": -12.672715832, "centroid_x": -45.705059, "centroid_y": -12.672536, "talhao": "PL LOTE 01" }, "geometry": { "type": "MultiPolygon", "coordinates": [ [ [ [ -45.705238772, -12.672356508 ], [ -45.704879448, -12.672356508 ], [ -45.704879448, -12.672715832 ], [ -45.705238772, -12.672715832 ], [ -45.705238772, -12.672356508 ] ] ] ] } },
{ "type": "Feature", "properties": { "id": 202510, "left": -45.705238772000001, "top": -12.672715832, "right": -45.704879448, "bottom": -12.673075156, "centroid_x": -45.705059, "centroid_y": -12.672895, "talhao": "PL LOTE 01" }, "geometry": { "type": "MultiPolygon", "coordinates": [ [ [ [ -45.705238772, -12.672715832 ], [ -45.704879448, -12.672715832 ], [ -45.704879448, -12.673075156 ], [ -45.705238772, -12.673075156 ], [ -45.705238772, -12.672715832 ] ] ] ] } },
{ "type": "Feature", "properties": { "id": 202511, "left": -45.705238772000001, "top": -12.673075156, "right": -45.704879448, "bottom": -12.67343448, "centroid_x": -45.705059, "centroid_y": -12.673255, "talhao": "PL LOTE 01" }, "geometry": { "type": "MultiPolygon", "coordinates": [ [ [ [ -45.705238772, -12.673075156 ], [ -45.704879448, -12.673075156 ], [ -45.704879448, -12.67343448 ], [ -45.705238772, -12.67343448 ], [ -45.705238772, -12.673075156 ] ] ] ] } },
{ "type": "Feature", "properties": { "id": 202512, "left": -45.705238772000001, "top": -12.67343448, "right": -45.704879448, "bottom": -12.673793804000001, "centroid_x": -45.705059, "centroid_y": -12.673614, "talhao": "PL LOTE 01" }, "geometry": { "type": "MultiPolygon", "coordinates": [ [ [ [ -45.705238772, -12.67343448 ], [ -45.704879448, -12.67343448 ], [ -45.704879448, -12.673793804 ], [ -45.705238772, -12.673793804 ], [ -45.705238772, -12.67343448 ] ] ] ] } },
{ "type": "Feature", "properties": { "id": 202513, "left": -45.705238772000001, "top": -12.673793804000001, "right": -45.704879448, "bottom": -12.674153128, "centroid_x": -45.705059, "centroid_y": -12.673973, "talhao": "PL LOTE 01" }, "geometry": { "type": "MultiPolygon", "coordinates": [ [ [ [ -45.705238772, -12.673793804 ], [ -45.704879448, -12.673793804 ], [ -45.704879448, -12.674153128 ], [ -45.705238772, -12.674153128 ], [ -45.705238772, -12.673793804 ] ] ] ] } },
{ "type": "Feature", "properties": { "id": 202514, "left": -45.705238772000001, "top": -12.674153128, "right": -45.704879448, "bottom": -12.674512452, "centroid_x": -45.705059, "centroid_y": -12.674333, "talhao": "PL LOTE 01" }, "geometry": { "type": "MultiPolygon", "coordinates": [ [ [ [ -45.705238772, -12.674153128 ], [ -45.704879448, -12.674153128 ], [ -45.704879448, -12.674512452 ], [ -45.705238772, -12.674512452 ], [ -45.705238772, -12.674153128 ] ] ] ] } },
{ "type": "Feature", "properties": { "id": 202515, "left": -45.705238772000001, "top": -12.674512452, "right": -45.704879448, "bottom": -12.674871776, "centroid_x": -45.705059, "centroid_y": -12.674692, "talhao": "PL LOTE 01" }, "geometry": { "type": "MultiPolygon", "coordinates": [ [ [ [ -45.705238772, -12.674512452 ], [ -45.704879448, -12.674512452 ], [ -45.704879448, -12.674871776 ], [ -45.705238772, -12.674871776 ], [ -45.705238772, -12.674512452 ] ] ] ] } },
{ "type": "Feature", "properties": { "id": 202516, "left": -45.705238772000001, "top": -12.674871776, "right": -45.704879448, "bottom": -12.6752311, "centroid_x": -45.705059, "centroid_y": -12.675051, "talhao": "PL LOTE 01" }, "geometry": { "type": "MultiPolygon", "coordinates": [ [ [ [ -45.705238772, -12.674871776 ], [ -45.704879448, -12.674871776 ], [ -45.704879448, -12.6752311 ], [ -45.705238772, -12.6752311 ], [ -45.705238772, -12.674871776 ] ] ] ] } },
{ "type": "Feature", "properties": { "id": 202517, "left": -45.705238772000001, "top": -12.6752311, "right": -45.704879448, "bottom": -12.675590424, "centroid_x": -45.705059, "centroid_y": -12.675411, "talhao": "PL LOTE 01" }, "geometry": { "type": "MultiPolygon", "coordinates": [ [ [ [ -45.705238772, -12.6752311 ], [ -45.704879448, -12.6752311 ], [ -45.704879448, -12.675590424 ], [ -45.705238772, -12.675590424 ], [ -45.705238772, -12.6752311 ] ] ] ] } },
{ "type": "Feature", "properties": { "id": 202518, "left": -45.705238772000001, "top": -12.675590424, "right": -45.704879448, "bottom": -12.675949748000001, "centroid_x": -45.705059, "centroid_y": -12.67577, "talhao": "PL LOTE 01" }, "geometry": { "type": "MultiPolygon", "coordinates": [ [ [ [ -45.705238772, -12.675590424 ], [ -45.704879448, -12.675590424 ], [ -45.704879448, -12.675949748 ], [ -45.705238772, -12.675949748 ], [ -45.705238772, -12.675590424 ] ] ] ] } },
{ "type": "Feature", "properties": { "id": 202519, "left": -45.705238772000001, "top": -12.675949748000001, "right": -45.704879448, "bottom": -12.676309072, "centroid_x": -45.705059, "centroid_y": -12.676129, "talhao": "PL LOTE 01" }, "geometry": { "type": "MultiPolygon", "coordinates": [ [ [ [ -45.705238772, -12.675949748 ], [ -45.704879448, -12.675949748 ], [ -45.704879448, -12.676309072 ], [ -45.705238772, -12.676309072 ], [ -45.705238772, -12.675949748 ] ] ] ] } },
{ "type": "Feature", "properties": { "id": 202520, "left": -45.705238772000001, "top": -12.676309072, "right": -45.704879448, "bottom": -12.676668395999998, "centroid_x": -45.705059, "centroid_y": -12.676489, "talhao": "PL LOTE 01" }, "geometry": { "type": "MultiPolygon", "coordinates": [ [ [ [ -45.705238772, -12.676309072 ], [ -45.704879448, -12.676309072 ], [ -45.704879448, -12.676668396 ], [ -45.705238772, -12.676668396 ], [ -45.705238772, -12.676309072 ] ] ] ] } },
{ "type": "Feature", "properties": { "id": 202521, "left": -45.705238772000001, "top": -12.676668396, "right": -45.704879448, "bottom": -12.67702772, "centroid_x": -45.705059, "centroid_y": -12.676848, "talhao": "PL LOTE 01" }, "geometry": { "type": "MultiPolygon", "coordinates": [ [ [ [ -45.705238772, -12.676668396 ], [ -45.704879448, -12.676668396 ], [ -45.704879448, -12.67702772 ], [ -45.705238772, -12.67702772 ], [ -45.705238772, -12.676668396 ] ] ] ] } },
{ "type": "Feature", "properties": { "id": 202522, "left": -45.705238772000001, "top": -12.67702772, "right": -45.704879448, "bottom": -12.677387044, "centroid_x": -45.705059, "centroid_y": -12.677207, "talhao": "PL LOTE 01" }, "geometry": { "type": "MultiPolygon", "coordinates": [ [ [ [ -45.705238772, -12.67702772 ], [ -45.704879448, -12.67702772 ], [ -45.704879448, -12.677387044 ], [ -45.705238772, -12.677387044 ], [ -45.705238772, -12.67702772 ] ] ] ] } },
{ "type": "Feature", "properties": { "id": 202523, "left": -45.705238772000001, "top": -12.677387044, "right": -45.704879448, "bottom": -12.677746368, "centroid_x": -45.705059, "centroid_y": -12.677567, "talhao": "PL LOTE 01" }, "geometry": { "type": "MultiPolygon", "coordinates": [ [ [ [ -45.705238772, -12.677387044 ], [ -45.704879448, -12.677387044 ], [ -45.704879448, -12.677746368 ], [ -45.705238772, -12.677746368 ], [ -45.705238772, -12.677387044 ] ] ] ] } },
{ "type": "Feature", "properties": { "id": 202524, "left": -45.705238772000001, "top": -12.677746368, "right": -45.704879448, "bottom": -12.678105692000001, "centroid_x": -45.705059, "centroid_y": -12.677926, "talhao": "PL LOTE 01" }, "geometry": { "type": "MultiPolygon", "coordinates": [ [ [ [ -45.705238772, -12.677746368 ], [ -45.704879448, -12.677746368 ], [ -45.704879448, -12.678105692 ], [ -45.705238772, -12.678105692 ], [ -45.705238772, -12.677746368 ] ] ] ] } },
{ "type": "Feature", "properties": { "id": 202525, "left": -45.705238772000001, "top": -12.678105692000001, "right": -45.704879448, "bottom": -12.678465016000001, "centroid_x": -45.705059, "centroid_y": -12.678285, "talhao": "PL LOTE 01" }, "geometry": { "type": "MultiPolygon", "coordinates": [ [ [ [ -45.705238772, -12.678105692 ], [ -45.704879448, -12.678105692 ], [ -45.704879448, -12.678465016 ], [ -45.705238772, -12.678465016 ], [ -45.705238772, -12.678105692 ] ] ] ] } },
{ "type": "Feature", "properties": { "id": 202526, "left": -45.705238772000001, "top": -12.678465016000001, "right": -45.704879448, "bottom": -12.67882434, "centroid_x": -45.705059, "centroid_y": -12.678645, "talhao": "PL LOTE 01" }, "geometry": { "type": "MultiPolygon", "coordinates": [ [ [ [ -45.705238772, -12.678465016 ], [ -45.704879448, -12.678465016 ], [ -45.704879448, -12.67882434 ], [ -45.705238772, -12.67882434 ], [ -45.705238772, -12.678465016 ] ] ] ] } },
{ "type": "Feature", "properties": { "id": 202527, "left": -45.705238772000001, "top": -12.67882434, "right": -45.704879448, "bottom": -12.679183664, "centroid_x": -45.705059, "centroid_y": -12.679004, "talhao": "PL LOTE 01" }, "geometry": { "type": "MultiPolygon", "coordinates": [ [ [ [ -45.705238772, -12.67882434 ], [ -45.704879448, -12.67882434 ], [ -45.704879448, -12.679183664 ], [ -45.705238772, -12.679183664 ], [ -45.705238772, -12.67882434 ] ] ] ] } },
{ "type": "Feature", "properties": { "id": 202528, "left": -45.705238772000001, "top": -12.679183664, "right": -45.704879448, "bottom": -12.679542988, "centroid_x": -45.705059, "centroid_y": -12.679363, "talhao": "PL LOTE 01" }, "geometry": { "type": "MultiPolygon", "coordinates": [ [ [ [ -45.705238772, -12.679183664 ], [ -45.704879448, -12.679183664 ], [ -45.704879448, -12.679542988 ], [ -45.705238772, -12.679542988 ], [ -45.705238772, -12.679183664 ] ] ] ] } },
{ "type": "Feature", "properties": { "id": 202529, "left": -45.705238772000001, "top": -12.679542988, "right": -45.704879448, "bottom": -12.679902312, "centroid_x": -45.705059, "centroid_y": -12.679723, "talhao": "PL LOTE 01" }, "geometry": { "type": "MultiPolygon", "coordinates": [ [ [ [ -45.705238772, -12.679542988 ], [ -45.704879448, -12.679542988 ], [ -45.704879448, -12.679902312 ], [ -45.705238772, -12.679902312 ], [ -45.705238772, -12.679542988 ] ] ] ] } },
{ "type": "Feature", "properties": { "id": 202530, "left": -45.705238772000001, "top": -12.679902312, "right": -45.704879448, "bottom": -12.680261636, "centroid_x": -45.705059, "centroid_y": -12.680082, "talhao": "PL LOTE 01" }, "geometry": { "type": "MultiPolygon", "coordinates": [ [ [ [ -45.705238772, -12.679902312 ], [ -45.704879448, -12.679902312 ], [ -45.704879448, -12.680261636 ], [ -45.705238772, -12.680261636 ], [ -45.705238772, -12.679902312 ] ] ] ] } },
{ "type": "Feature", "properties": { "id": 202531, "left": -45.705238772000001, "top": -12.680261636, "right": -45.704879448, "bottom": -12.68062096, "centroid_x": -45.705068, "centroid_y": -12.680432, "talhao": "PL LOTE 01" }, "geometry": { "type": "MultiPolygon", "coordinates": [ [ [ [ -45.705032242891569, -12.68062096 ], [ -45.705238772, -12.68062096 ], [ -45.705238772, -12.680261636 ], [ -45.704879448, -12.680261636 ], [ -45.704879448, -12.68051615028099 ], [ -45.705032242891569, -12.68062096 ] ] ] ] } },
{ "type": "Feature", "properties": { "id": 202532, "left": -45.705238772000001, "top": -12.68062096, "right": -45.704879448, "bottom": -12.680980284, "centroid_x": -45.705168, "centroid_y": -12.680662, "talhao": "PL LOTE 01" }, "geometry": { "type": "MultiPolygon", "coordinates": [ [ [ [ -45.70506, -12.68064 ], [ -45.705169, -12.680706 ], [ -45.705238772, -12.680740886 ], [ -45.705238772, -12.68062096 ], [ -45.705032242891569, -12.68062096 ], [ -45.70506, -12.68064 ] ] ] ] } },
{ "type": "Feature", "properties": { "id": 202548, "left": -45.704879448, "top": -12.667325972, "right": -45.704520123999998, "bottom": -12.667685295999998, "centroid_x": -45.704698, "centroid_y": -12.667523, "talhao": "PL LOTE 01" }, "geometry": { "type": "MultiPolygon", "coordinates": [ [ [ [ -45.704615, -12.667359 ], [ -45.704520124, -12.66735022994958 ], [ -45.704520124, -12.667685296 ], [ -45.704879448, -12.667685296 ], [ -45.704879448, -12.667366861967567 ], [ -45.704615, -12.667359 ] ] ] ] } },
{ "type": "Feature", "properties": { "id": 202549, "left": -45.704879448, "top": -12.667685296, "right": -45.704520123999998, "bottom": -12.66804462, "centroid_x": -45.7047, "centroid_y": -12.667865, "talhao": "PL LOTE 01" }, "geometry": { "type": "MultiPolygon", "coordinates": [ [ [ [ -45.704879448, -12.667685296 ], [ -45.704520124, -12.667685296 ], [ -45.704520124, -12.66804462 ], [ -45.704879448, -12.66804462 ], [ -45.704879448, -12.667685296 ] ] ] ] } },
{ "type": "Feature", "properties": { "id": 202550, "left": -45.704879448, "top": -12.66804462, "right": -45.704520123999998, "bottom": -12.668403944, "centroid_x": -45.7047, "centroid_y": -12.668224, "talhao": "PL LOTE 01" }, "geometry": { "type": "MultiPolygon", "coordinates": [ [ [ [ -45.704879448, -12.66804462 ], [ -45.704520124, -12.66804462 ], [ -45.704520124, -12.668403944 ], [ -45.704879448, -12.668403944 ], [ -45.704879448, -12.66804462 ] ] ] ] } },
{ "type": "Feature", "properties": { "id": 202551, "left": -45.704879448, "top": -12.668403944, "right": -45.704520123999998, "bottom": -12.668763268, "centroid_x": -45.7047, "centroid_y": -12.668584, "talhao": "PL LOTE 01" }, "geometry": { "type": "MultiPolygon", "coordinates": [ [ [ [ -45.704879448, -12.668403944 ], [ -45.704520124, -12.668403944 ], [ -45.704520124, -12.668763268 ], [ -45.704879448, -12.668763268 ], [ -45.704879448, -12.668403944 ] ] ] ] } },
{ "type": "Feature", "properties": { "id": 202552, "left": -45.704879448, "top": -12.668763268, "right": -45.704520123999998, "bottom": -12.669122592000001, "centroid_x": -45.7047, "centroid_y": -12.668943, "talhao": "PL LOTE 01" }, "geometry": { "type": "MultiPolygon", "coordinates": [ [ [ [ -45.704879448, -12.668763268 ], [ -45.704520124, -12.668763268 ], [ -45.704520124, -12.669122592 ], [ -45.704879448, -12.669122592 ], [ -45.704879448, -12.668763268 ] ] ] ] } },
{ "type": "Feature", "properties": { "id": 202553, "left": -45.704879448, "top": -12.669122592000001, "right": -45.704520123999998, "bottom": -12.669481916000001, "centroid_x": -45.7047, "centroid_y": -12.669302, "talhao": "PL LOTE 01" }, "geometry": { "type": "MultiPolygon", "coordinates": [ [ [ [ -45.704879448, -12.669122592 ], [ -45.704520124, -12.669122592 ], [ -45.704520124, -12.669481916 ], [ -45.704879448, -12.669481916 ], [ -45.704879448, -12.669122592 ] ] ] ] } },
{ "type": "Feature", "properties": { "id": 202554, "left": -45.704879448, "top": -12.669481916000001, "right": -45.704520123999998, "bottom": -12.66984124, "centroid_x": -45.7047, "centroid_y": -12.669662, "talhao": "PL LOTE 01" }, "geometry": { "type": "MultiPolygon", "coordinates": [ [ [ [ -45.704879448, -12.669481916 ], [ -45.704520124, -12.669481916 ], [ -45.704520124, -12.66984124 ], [ -45.704879448, -12.66984124 ], [ -45.704879448, -12.669481916 ] ] ] ] } },
{ "type": "Feature", "properties": { "id": 202555, "left": -45.704879448, "top": -12.66984124, "right": -45.704520123999998, "bottom": -12.670200564, "centroid_x": -45.7047, "centroid_y": -12.670021, "talhao": "PL LOTE 01" }, "geometry": { "type": "MultiPolygon", "coordinates": [ [ [ [ -45.704879448, -12.66984124 ], [ -45.704520124, -12.66984124 ], [ -45.704520124, -12.670200564 ], [ -45.704879448, -12.670200564 ], [ -45.704879448, -12.66984124 ] ] ] ] } },
{ "type": "Feature", "properties": { "id": 202556, "left": -45.704879448, "top": -12.670200564, "right": -45.704520123999998, "bottom": -12.670559888, "centroid_x": -45.7047, "centroid_y": -12.67038, "talhao": "PL LOTE 01" }, "geometry": { "type": "MultiPolygon", "coordinates": [ [ [ [ -45.704879448, -12.670200564 ], [ -45.704520124, -12.670200564 ], [ -45.704520124, -12.670559888 ], [ -45.704879448, -12.670559888 ], [ -45.704879448, -12.670200564 ] ] ] ] } },
{ "type": "Feature", "properties": { "id": 202557, "left": -45.704879448, "top": -12.670559888, "right": -45.704520123999998, "bottom": -12.670919212, "centroid_x": -45.7047, "centroid_y": -12.67074, "talhao": "PL LOTE 01" }, "geometry": { "type": "MultiPolygon", "coordinates": [ [ [ [ -45.704879448, -12.670559888 ], [ -45.704520124, -12.670559888 ], [ -45.704520124, -12.670919212 ], [ -45.704879448, -12.670919212 ], [ -45.704879448, -12.670559888 ] ] ] ] } },
{ "type": "Feature", "properties": { "id": 202558, "left": -45.704879448, "top": -12.670919212, "right": -45.704520123999998, "bottom": -12.671278536000001, "centroid_x": -45.7047, "centroid_y": -12.671099, "talhao": "PL LOTE 01" }, "geometry": { "type": "MultiPolygon", "coordinates": [ [ [ [ -45.704879448, -12.670919212 ], [ -45.704520124, -12.670919212 ], [ -45.704520124, -12.671278536 ], [ -45.704879448, -12.671278536 ], [ -45.704879448, -12.670919212 ] ] ] ] } },
{ "type": "Feature", "properties": { "id": 202559, "left": -45.704879448, "top": -12.671278536000001, "right": -45.704520123999998, "bottom": -12.67163786, "centroid_x": -45.7047, "centroid_y": -12.671458, "talhao": "PL LOTE 01" }, "geometry": { "type": "MultiPolygon", "coordinates": [ [ [ [ -45.704879448, -12.671278536 ], [ -45.704520124, -12.671278536 ], [ -45.704520124, -12.67163786 ], [ -45.704879448, -12.67163786 ], [ -45.704879448, -12.671278536 ] ] ] ] } },
{ "type": "Feature", "properties": { "id": 202560, "left": -45.704879448, "top": -12.67163786, "right": -45.704520123999998, "bottom": -12.671997184, "centroid_x": -45.7047, "centroid_y": -12.671818, "talhao": "PL LOTE 01" }, "geometry": { "type": "MultiPolygon", "coordinates": [ [ [ [ -45.704879448, -12.67163786 ], [ -45.704520124, -12.67163786 ], [ -45.704520124, -12.671997184 ], [ -45.704879448, -12.671997184 ], [ -45.704879448, -12.67163786 ] ] ] ] } },
{ "type": "Feature", "properties": { "id": 202561, "left": -45.704879448, "top": -12.671997184, "right": -45.704520123999998, "bottom": -12.672356508, "centroid_x": -45.7047, "centroid_y": -12.672177, "talhao": "PL LOTE 01" }, "geometry": { "type": "MultiPolygon", "coordinates": [ [ [ [ -45.704879448, -12.671997184 ], [ -45.704520124, -12.671997184 ], [ -45.704520124, -12.672356508 ], [ -45.704879448, -12.672356508 ], [ -45.704879448, -12.671997184 ] ] ] ] } },
{ "type": "Feature", "properties": { "id": 202562, "left": -45.704879448, "top": -12.672356508, "right": -45.704520123999998, "bottom": -12.672715832, "centroid_x": -45.7047, "centroid_y": -12.672536, "talhao": "PL LOTE 01" }, "geometry": { "type": "MultiPolygon", "coordinates": [ [ [ [ -45.704879448, -12.672356508 ], [ -45.704520124, -12.672356508 ], [ -45.704520124, -12.672715832 ], [ -45.704879448, -12.672715832 ], [ -45.704879448, -12.672356508 ] ] ] ] } },
{ "type": "Feature", "properties": { "id": 202563, "left": -45.704879448, "top": -12.672715832, "right": -45.704520123999998, "bottom": -12.673075156, "centroid_x": -45.7047, "centroid_y": -12.672895, "talhao": "PL LOTE 01" }, "geometry": { "type": "MultiPolygon", "coordinates": [ [ [ [ -45.704879448, -12.672715832 ], [ -45.704520124, -12.672715832 ], [ -45.704520124, -12.673075156 ], [ -45.704879448, -12.673075156 ], [ -45.704879448, -12.672715832 ] ] ] ] } },
{ "type": "Feature", "properties": { "id": 202564, "left": -45.704879448, "top": -12.673075156, "right": -45.704520123999998, "bottom": -12.67343448, "centroid_x": -45.7047, "centroid_y": -12.673255, "talhao": "PL LOTE 01" }, "geometry": { "type": "MultiPolygon", "coordinates": [ [ [ [ -45.704879448, -12.673075156 ], [ -45.704520124, -12.673075156 ], [ -45.704520124, -12.67343448 ], [ -45.704879448, -12.67343448 ], [ -45.704879448, -12.673075156 ] ] ] ] } },
{ "type": "Feature", "properties": { "id": 202565, "left": -45.704879448, "top": -12.67343448, "right": -45.704520123999998, "bottom": -12.673793804000001, "centroid_x": -45.7047, "centroid_y": -12.673614, "talhao": "PL LOTE 01" }, "geometry": { "type": "MultiPolygon", "coordinates": [ [ [ [ -45.704879448, -12.67343448 ], [ -45.704520124, -12.67343448 ], [ -45.704520124, -12.673793804 ], [ -45.704879448, -12.673793804 ], [ -45.704879448, -12.67343448 ] ] ] ] } },
{ "type": "Feature", "properties": { "id": 202566, "left": -45.704879448, "top": -12.673793804000001, "right": -45.704520123999998, "bottom": -12.674153128, "centroid_x": -45.7047, "centroid_y": -12.673973, "talhao": "PL LOTE 01" }, "geometry": { "type": "MultiPolygon", "coordinates": [ [ [ [ -45.704879448, -12.673793804 ], [ -45.704520124, -12.673793804 ], [ -45.704520124, -12.674153128 ], [ -45.704879448, -12.674153128 ], [ -45.704879448, -12.673793804 ] ] ] ] } },
{ "type": "Feature", "properties": { "id": 202567, "left": -45.704879448, "top": -12.674153128, "right": -45.704520123999998, "bottom": -12.674512452, "centroid_x": -45.7047, "centroid_y": -12.674333, "talhao": "PL LOTE 01" }, "geometry": { "type": "MultiPolygon", "coordinates": [ [ [ [ -45.704879448, -12.674153128 ], [ -45.704520124, -12.674153128 ], [ -45.704520124, -12.674512452 ], [ -45.704879448, -12.674512452 ], [ -45.704879448, -12.674153128 ] ] ] ] } },
{ "type": "Feature", "properties": { "id": 202568, "left": -45.704879448, "top": -12.674512452, "right": -45.704520123999998, "bottom": -12.674871776, "centroid_x": -45.7047, "centroid_y": -12.674692, "talhao": "PL LOTE 01" }, "geometry": { "type": "MultiPolygon", "coordinates": [ [ [ [ -45.704879448, -12.674512452 ], [ -45.704520124, -12.674512452 ], [ -45.704520124, -12.674871776 ], [ -45.704879448, -12.674871776 ], [ -45.704879448, -12.674512452 ] ] ] ] } },
{ "type": "Feature", "properties": { "id": 202569, "left": -45.704879448, "top": -12.674871776, "right": -45.704520123999998, "bottom": -12.6752311, "centroid_x": -45.7047, "centroid_y": -12.675051, "talhao": "PL LOTE 01" }, "geometry": { "type": "MultiPolygon", "coordinates": [ [ [ [ -45.704879448, -12.674871776 ], [ -45.704520124, -12.674871776 ], [ -45.704520124, -12.6752311 ], [ -45.704879448, -12.6752311 ], [ -45.704879448, -12.674871776 ] ] ] ] } },
{ "type": "Feature", "properties": { "id": 202570, "left": -45.704879448, "top": -12.6752311, "right": -45.704520123999998, "bottom": -12.675590424, "centroid_x": -45.7047, "centroid_y": -12.675411, "talhao": "PL LOTE 01" }, "geometry": { "type": "MultiPolygon", "coordinates": [ [ [ [ -45.704879448, -12.6752311 ], [ -45.704520124, -12.6752311 ], [ -45.704520124, -12.675590424 ], [ -45.704879448, -12.675590424 ], [ -45.704879448, -12.6752311 ] ] ] ] } },
{ "type": "Feature", "properties": { "id": 202571, "left": -45.704879448, "top": -12.675590424, "right": -45.704520123999998, "bottom": -12.675949748000001, "centroid_x": -45.7047, "centroid_y": -12.67577, "talhao": "PL LOTE 01" }, "geometry": { "type": "MultiPolygon", "coordinates": [ [ [ [ -45.704879448, -12.675590424 ], [ -45.704520124, -12.675590424 ], [ -45.704520124, -12.675949748 ], [ -45.704879448, -12.675949748 ], [ -45.704879448, -12.675590424 ] ] ] ] } },
{ "type": "Feature", "properties": { "id": 202572, "left": -45.704879448, "top": -12.675949748000001, "right": -45.704520123999998, "bottom": -12.676309072, "centroid_x": -45.7047, "centroid_y": -12.676129, "talhao": "PL LOTE 01" }, "geometry": { "type": "MultiPolygon", "coordinates": [ [ [ [ -45.704879448, -12.675949748 ], [ -45.704520124, -12.675949748 ], [ -45.704520124, -12.676309072 ], [ -45.704879448, -12.676309072 ], [ -45.704879448, -12.675949748 ] ] ] ] } },
{ "type": "Feature", "properties": { "id": 202573, "left": -45.704879448, "top": -12.676309072, "right": -45.704520123999998, "bottom": -12.676668395999998, "centroid_x": -45.7047, "centroid_y": -12.676489, "talhao": "PL LOTE 01" }, "geometry": { "type": "MultiPolygon", "coordinates": [ [ [ [ -45.704879448, -12.676309072 ], [ -45.704520124, -12.676309072 ], [ -45.704520124, -12.676668396 ], [ -45.704879448, -12.676668396 ], [ -45.704879448, -12.676309072 ] ] ] ] } },
{ "type": "Feature", "properties": { "id": 202574, "left": -45.704879448, "top": -12.676668396, "right": -45.704520123999998, "bottom": -12.67702772, "centroid_x": -45.7047, "centroid_y": -12.676848, "talhao": "PL LOTE 01" }, "geometry": { "type": "MultiPolygon", "coordinates": [ [ [ [ -45.704879448, -12.676668396 ], [ -45.704520124, -12.676668396 ], [ -45.704520124, -12.67702772 ], [ -45.704879448, -12.67702772 ], [ -45.704879448, -12.676668396 ] ] ] ] } },
{ "type": "Feature", "properties": { "id": 202575, "left": -45.704879448, "top": -12.67702772, "right": -45.704520123999998, "bottom": -12.677387044, "centroid_x": -45.7047, "centroid_y": -12.677207, "talhao": "PL LOTE 01" }, "geometry": { "type": "MultiPolygon", "coordinates": [ [ [ [ -45.704879448, -12.67702772 ], [ -45.704520124, -12.67702772 ], [ -45.704520124, -12.677387044 ], [ -45.704879448, -12.677387044 ], [ -45.704879448, -12.67702772 ] ] ] ] } },
{ "type": "Feature", "properties": { "id": 202576, "left": -45.704879448, "top": -12.677387044, "right": -45.704520123999998, "bottom": -12.677746368, "centroid_x": -45.7047, "centroid_y": -12.677567, "talhao": "PL LOTE 01" }, "geometry": { "type": "MultiPolygon", "coordinates": [ [ [ [ -45.704879448, -12.677387044 ], [ -45.704520124, -12.677387044 ], [ -45.704520124, -12.677746368 ], [ -45.704879448, -12.677746368 ], [ -45.704879448, -12.677387044 ] ] ] ] } },
{ "type": "Feature", "properties": { "id": 202577, "left": -45.704879448, "top": -12.677746368, "right": -45.704520123999998, "bottom": -12.678105692000001, "centroid_x": -45.7047, "centroid_y": -12.677926, "talhao": "PL LOTE 01" }, "geometry": { "type": "MultiPolygon", "coordinates": [ [ [ [ -45.704879448, -12.677746368 ], [ -45.704520124, -12.677746368 ], [ -45.704520124, -12.678105692 ], [ -45.704879448, -12.678105692 ], [ -45.704879448, -12.677746368 ] ] ] ] } },
{ "type": "Feature", "properties": { "id": 202578, "left": -45.704879448, "top": -12.678105692000001, "right": -45.704520123999998, "bottom": -12.678465016000001, "centroid_x": -45.7047, "centroid_y": -12.678285, "talhao": "PL LOTE 01" }, "geometry": { "type": "MultiPolygon", "coordinates": [ [ [ [ -45.704879448, -12.678105692 ], [ -45.704520124, -12.678105692 ], [ -45.704520124, -12.678465016 ], [ -45.704879448, -12.678465016 ], [ -45.704879448, -12.678105692 ] ] ] ] } },
{ "type": "Feature", "properties": { "id": 202579, "left": -45.704879448, "top": -12.678465016000001, "right": -45.704520123999998, "bottom": -12.67882434, "centroid_x": -45.7047, "centroid_y": -12.678645, "talhao": "PL LOTE 01" }, "geometry": { "type": "MultiPolygon", "coordinates": [ [ [ [ -45.704879448, -12.678465016 ], [ -45.704520124, -12.678465016 ], [ -45.704520124, -12.67882434 ], [ -45.704879448, -12.67882434 ], [ -45.704879448, -12.678465016 ] ] ] ] } },
{ "type": "Feature", "properties": { "id": 202580, "left": -45.704879448, "top": -12.67882434, "right": -45.704520123999998, "bottom": -12.679183664, "centroid_x": -45.7047, "centroid_y": -12.679004, "talhao": "PL LOTE 01" }, "geometry": { "type": "MultiPolygon", "coordinates": [ [ [ [ -45.704879448, -12.67882434 ], [ -45.704520124, -12.67882434 ], [ -45.704520124, -12.679183664 ], [ -45.704879448, -12.679183664 ], [ -45.704879448, -12.67882434 ] ] ] ] } },
{ "type": "Feature", "properties": { "id": 202581, "left": -45.704879448, "top": -12.679183664, "right": -45.704520123999998, "bottom": -12.679542988, "centroid_x": -45.7047, "centroid_y": -12.679363, "talhao": "PL LOTE 01" }, "geometry": { "type": "MultiPolygon", "coordinates": [ [ [ [ -45.704879448, -12.679183664 ], [ -45.704520124, -12.679183664 ], [ -45.704520124, -12.679542988 ], [ -45.704879448, -12.679542988 ], [ -45.704879448, -12.679183664 ] ] ] ] } },
{ "type": "Feature", "properties": { "id": 202582, "left": -45.704879448, "top": -12.679542988, "right": -45.704520123999998, "bottom": -12.679902312, "centroid_x": -45.7047, "centroid_y": -12.679723, "talhao": "PL LOTE 01" }, "geometry": { "type": "MultiPolygon", "coordinates": [ [ [ [ -45.704879448, -12.679542988 ], [ -45.704520124, -12.679542988 ], [ -45.704520124, -12.679902312 ], [ -45.704879448, -12.679902312 ], [ -45.704879448, -12.679542988 ] ] ] ] } },
{ "type": "Feature", "properties": { "id": 202583, "left": -45.704879448, "top": -12.679902312, "right": -45.704520123999998, "bottom": -12.680261636, "centroid_x": -45.7047, "centroid_y": -12.680082, "talhao": "PL LOTE 01" }, "geometry": { "type": "MultiPolygon", "coordinates": [ [ [ [ -45.704523221026669, -12.680261636 ], [ -45.704879448, -12.680261636 ], [ -45.704879448, -12.679902312 ], [ -45.704520124, -12.679902312 ], [ -45.704520124, -12.680259330521089 ], [ -45.704523221026669, -12.680261636 ] ] ] ] } },
{ "type": "Feature", "properties": { "id": 202584, "left": -45.704879448, "top": -12.680261636, "right": -45.704520123999998, "bottom": -12.68062096, "centroid_x": -45.704759, "centroid_y": -12.680347, "talhao": "PL LOTE 01" }, "geometry": { "type": "MultiPolygon", "coordinates": [ [ [ [ -45.704697, -12.680391 ], [ -45.704879448, -12.68051615028099 ], [ -45.704879448, -12.680261636 ], [ -45.704523221026669, -12.680261636 ], [ -45.704697, -12.680391 ] ] ] ] } },
{ "type": "Feature", "properties": { "id": 202600, "left": -45.704520123999998, "top": -12.666966648000001, "right": -45.7041608, "bottom": -12.667325972, "centroid_x": -45.704193, "centroid_y": -12.667323, "talhao": "PL LOTE 01" }, "geometry": { "type": "MultiPolygon", "coordinates": [ [ [ [ -45.7041608, -12.66731701512605 ], [ -45.7041608, -12.667325972 ], [ -45.704257697090888, -12.667325972 ], [ -45.7041608, -12.66731701512605 ] ] ] ] } },
{ "type": "Feature", "properties": { "id": 202601, "left": -45.704520123999998, "top": -12.667325972, "right": -45.7041608, "bottom": -12.667685295999998, "centroid_x": -45.704338, "centroid_y": -12.66751, "talhao": "PL LOTE 01" }, "geometry": { "type": "MultiPolygon", "coordinates": [ [ [ [ -45.704257697090888, -12.667325972 ], [ -45.7041608, -12.667325972 ], [ -45.7041608, -12.667685296 ], [ -45.704520124, -12.667685296 ], [ -45.704520124, -12.66735022994958 ], [ -45.704257697090888, -12.667325972 ] ] ] ] } },
{ "type": "Feature", "properties": { "id": 202602, "left": -45.704520123999998, "top": -12.667685296, "right": -45.7041608, "bottom": -12.66804462, "centroid_x": -45.70434, "centroid_y": -12.667865, "talhao": "PL LOTE 01" }, "geometry": { "type": "MultiPolygon", "coordinates": [ [ [ [ -45.704520124, -12.667685296 ], [ -45.7041608, -12.667685296 ], [ -45.7041608, -12.66804462 ], [ -45.704520124, -12.66804462 ], [ -45.704520124, -12.667685296 ] ] ] ] } },
{ "type": "Feature", "properties": { "id": 202603, "left": -45.704520123999998, "top": -12.66804462, "right": -45.7041608, "bottom": -12.668403944, "centroid_x": -45.70434, "centroid_y": -12.668224, "talhao": "PL LOTE 01" }, "geometry": { "type": "MultiPolygon", "coordinates": [ [ [ [ -45.704520124, -12.66804462 ], [ -45.7041608, -12.66804462 ], [ -45.7041608, -12.668403944 ], [ -45.704520124, -12.668403944 ], [ -45.704520124, -12.66804462 ] ] ] ] } },
{ "type": "Feature", "properties": { "id": 202604, "left": -45.704520123999998, "top": -12.668403944, "right": -45.7041608, "bottom": -12.668763268, "centroid_x": -45.70434, "centroid_y": -12.668584, "talhao": "PL LOTE 01" }, "geometry": { "type": "MultiPolygon", "coordinates": [ [ [ [ -45.704520124, -12.668403944 ], [ -45.7041608, -12.668403944 ], [ -45.7041608, -12.668763268 ], [ -45.704520124, -12.668763268 ], [ -45.704520124, -12.668403944 ] ] ] ] } },
{ "type": "Feature", "properties": { "id": 202605, "left": -45.704520123999998, "top": -12.668763268, "right": -45.7041608, "bottom": -12.669122592000001, "centroid_x": -45.70434, "centroid_y": -12.668943, "talhao": "PL LOTE 01" }, "geometry": { "type": "MultiPolygon", "coordinates": [ [ [ [ -45.704520124, -12.668763268 ], [ -45.7041608, -12.668763268 ], [ -45.7041608, -12.669122592 ], [ -45.704520124, -12.669122592 ], [ -45.704520124, -12.668763268 ] ] ] ] } },
{ "type": "Feature", "properties": { "id": 202606, "left": -45.704520123999998, "top": -12.669122592000001, "right": -45.7041608, "bottom": -12.669481916000001, "centroid_x": -45.70434, "centroid_y": -12.669302, "talhao": "PL LOTE 01" }, "geometry": { "type": "MultiPolygon", "coordinates": [ [ [ [ -45.704520124, -12.669122592 ], [ -45.7041608, -12.669122592 ], [ -45.7041608, -12.669481916 ], [ -45.704520124, -12.669481916 ], [ -45.704520124, -12.669122592 ] ] ] ] } },
{ "type": "Feature", "properties": { "id": 202607, "left": -45.704520123999998, "top": -12.669481916000001, "right": -45.7041608, "bottom": -12.66984124, "centroid_x": -45.70434, "centroid_y": -12.669662, "talhao": "PL LOTE 01" }, "geometry": { "type": "MultiPolygon", "coordinates": [ [ [ [ -45.704520124, -12.669481916 ], [ -45.7041608, -12.669481916 ], [ -45.7041608, -12.66984124 ], [ -45.704520124, -12.66984124 ], [ -45.704520124, -12.669481916 ] ] ] ] } },
{ "type": "Feature", "properties": { "id": 202608, "left": -45.704520123999998, "top": -12.66984124, "right": -45.7041608, "bottom": -12.670200564, "centroid_x": -45.70434, "centroid_y": -12.670021, "talhao": "PL LOTE 01" }, "geometry": { "type": "MultiPolygon", "coordinates": [ [ [ [ -45.704520124, -12.66984124 ], [ -45.7041608, -12.66984124 ], [ -45.7041608, -12.670200564 ], [ -45.704520124, -12.670200564 ], [ -45.704520124, -12.66984124 ] ] ] ] } },
{ "type": "Feature", "properties": { "id": 202609, "left": -45.704520123999998, "top": -12.670200564, "right": -45.7041608, "bottom": -12.670559888, "centroid_x": -45.70434, "centroid_y": -12.67038, "talhao": "PL LOTE 01" }, "geometry": { "type": "MultiPolygon", "coordinates": [ [ [ [ -45.704520124, -12.670200564 ], [ -45.7041608, -12.670200564 ], [ -45.7041608, -12.670559888 ], [ -45.704520124, -12.670559888 ], [ -45.704520124, -12.670200564 ] ] ] ] } },
{ "type": "Feature", "properties": { "id": 202610, "left": -45.704520123999998, "top": -12.670559888, "right": -45.7041608, "bottom": -12.670919212, "centroid_x": -45.70434, "centroid_y": -12.67074, "talhao": "PL LOTE 01" }, "geometry": { "type": "MultiPolygon", "coordinates": [ [ [ [ -45.704520124, -12.670559888 ], [ -45.7041608, -12.670559888 ], [ -45.7041608, -12.670919212 ], [ -45.704520124, -12.670919212 ], [ -45.704520124, -12.670559888 ] ] ] ] } },
{ "type": "Feature", "properties": { "id": 202611, "left": -45.704520123999998, "top": -12.670919212, "right": -45.7041608, "bottom": -12.671278536000001, "centroid_x": -45.70434, "centroid_y": -12.671099, "talhao": "PL LOTE 01" }, "geometry": { "type": "MultiPolygon", "coordinates": [ [ [ [ -45.704520124, -12.670919212 ], [ -45.7041608, -12.670919212 ], [ -45.7041608, -12.671278536 ], [ -45.704520124, -12.671278536 ], [ -45.704520124, -12.670919212 ] ] ] ] } },
{ "type": "Feature", "properties": { "id": 202612, "left": -45.704520123999998, "top": -12.671278536000001, "right": -45.7041608, "bottom": -12.67163786, "centroid_x": -45.70434, "centroid_y": -12.671458, "talhao": "PL LOTE 01" }, "geometry": { "type": "MultiPolygon", "coordinates": [ [ [ [ -45.704520124, -12.671278536 ], [ -45.7041608, -12.671278536 ], [ -45.7041608, -12.67163786 ], [ -45.704520124, -12.67163786 ], [ -45.704520124, -12.671278536 ] ] ] ] } },
{ "type": "Feature", "properties": { "id": 202613, "left": -45.704520123999998, "top": -12.67163786, "right": -45.7041608, "bottom": -12.671997184, "centroid_x": -45.70434, "centroid_y": -12.671818, "talhao": "PL LOTE 01" }, "geometry": { "type": "MultiPolygon", "coordinates": [ [ [ [ -45.704520124, -12.67163786 ], [ -45.7041608, -12.67163786 ], [ -45.7041608, -12.671997184 ], [ -45.704520124, -12.671997184 ], [ -45.704520124, -12.67163786 ] ] ] ] } },
{ "type": "Feature", "properties": { "id": 202614, "left": -45.704520123999998, "top": -12.671997184, "right": -45.7041608, "bottom": -12.672356508, "centroid_x": -45.70434, "centroid_y": -12.672177, "talhao": "PL LOTE 01" }, "geometry": { "type": "MultiPolygon", "coordinates": [ [ [ [ -45.704520124, -12.671997184 ], [ -45.7041608, -12.671997184 ], [ -45.7041608, -12.672356508 ], [ -45.704520124, -12.672356508 ], [ -45.704520124, -12.671997184 ] ] ] ] } },
{ "type": "Feature", "properties": { "id": 202615, "left": -45.704520123999998, "top": -12.672356508, "right": -45.7041608, "bottom": -12.672715832, "centroid_x": -45.70434, "centroid_y": -12.672536, "talhao": "PL LOTE 01" }, "geometry": { "type": "MultiPolygon", "coordinates": [ [ [ [ -45.704520124, -12.672356508 ], [ -45.7041608, -12.672356508 ], [ -45.7041608, -12.672715832 ], [ -45.704520124, -12.672715832 ], [ -45.704520124, -12.672356508 ] ] ] ] } },
{ "type": "Feature", "properties": { "id": 202616, "left": -45.704520123999998, "top": -12.672715832, "right": -45.7041608, "bottom": -12.673075156, "centroid_x": -45.70434, "centroid_y": -12.672895, "talhao": "PL LOTE 01" }, "geometry": { "type": "MultiPolygon", "coordinates": [ [ [ [ -45.704520124, -12.672715832 ], [ -45.7041608, -12.672715832 ], [ -45.7041608, -12.673075156 ], [ -45.704520124, -12.673075156 ], [ -45.704520124, -12.672715832 ] ] ] ] } },
{ "type": "Feature", "properties": { "id": 202617, "left": -45.704520123999998, "top": -12.673075156, "right": -45.7041608, "bottom": -12.67343448, "centroid_x": -45.70434, "centroid_y": -12.673255, "talhao": "PL LOTE 01" }, "geometry": { "type": "MultiPolygon", "coordinates": [ [ [ [ -45.704520124, -12.673075156 ], [ -45.7041608, -12.673075156 ], [ -45.7041608, -12.67343448 ], [ -45.704520124, -12.67343448 ], [ -45.704520124, -12.673075156 ] ] ] ] } },
{ "type": "Feature", "properties": { "id": 202618, "left": -45.704520123999998, "top": -12.67343448, "right": -45.7041608, "bottom": -12.673793804000001, "centroid_x": -45.70434, "centroid_y": -12.673614, "talhao": "PL LOTE 01" }, "geometry": { "type": "MultiPolygon", "coordinates": [ [ [ [ -45.704520124, -12.67343448 ], [ -45.7041608, -12.67343448 ], [ -45.7041608, -12.673793804 ], [ -45.704520124, -12.673793804 ], [ -45.704520124, -12.67343448 ] ] ] ] } },
{ "type": "Feature", "properties": { "id": 202619, "left": -45.704520123999998, "top": -12.673793804000001, "right": -45.7041608, "bottom": -12.674153128, "centroid_x": -45.70434, "centroid_y": -12.673973, "talhao": "PL LOTE 01" }, "geometry": { "type": "MultiPolygon", "coordinates": [ [ [ [ -45.704520124, -12.673793804 ], [ -45.7041608, -12.673793804 ], [ -45.7041608, -12.674153128 ], [ -45.704520124, -12.674153128 ], [ -45.704520124, -12.673793804 ] ] ] ] } },
{ "type": "Feature", "properties": { "id": 202620, "left": -45.704520123999998, "top": -12.674153128, "right": -45.7041608, "bottom": -12.674512452, "centroid_x": -45.70434, "centroid_y": -12.674333, "talhao": "PL LOTE 01" }, "geometry": { "type": "MultiPolygon", "coordinates": [ [ [ [ -45.704520124, -12.674153128 ], [ -45.7041608, -12.674153128 ], [ -45.7041608, -12.674512452 ], [ -45.704520124, -12.674512452 ], [ -45.704520124, -12.674153128 ] ] ] ] } },
{ "type": "Feature", "properties": { "id": 202621, "left": -45.704520123999998, "top": -12.674512452, "right": -45.7041608, "bottom": -12.674871776, "centroid_x": -45.70434, "centroid_y": -12.674692, "talhao": "PL LOTE 01" }, "geometry": { "type": "MultiPolygon", "coordinates": [ [ [ [ -45.704520124, -12.674512452 ], [ -45.7041608, -12.674512452 ], [ -45.7041608, -12.674871776 ], [ -45.704520124, -12.674871776 ], [ -45.704520124, -12.674512452 ] ] ] ] } },
{ "type": "Feature", "properties": { "id": 202622, "left": -45.704520123999998, "top": -12.674871776, "right": -45.7041608, "bottom": -12.6752311, "centroid_x": -45.70434, "centroid_y": -12.675051, "talhao": "PL LOTE 01" }, "geometry": { "type": "MultiPolygon", "coordinates": [ [ [ [ -45.704520124, -12.674871776 ], [ -45.7041608, -12.674871776 ], [ -45.7041608, -12.6752311 ], [ -45.704520124, -12.6752311 ], [ -45.704520124, -12.674871776 ] ] ] ] } },
{ "type": "Feature", "properties": { "id": 202623, "left": -45.704520123999998, "top": -12.6752311, "right": -45.7041608, "bottom": -12.675590424, "centroid_x": -45.70434, "centroid_y": -12.675411, "talhao": "PL LOTE 01" }, "geometry": { "type": "MultiPolygon", "coordinates": [ [ [ [ -45.704520124, -12.6752311 ], [ -45.7041608, -12.6752311 ], [ -45.7041608, -12.675590424 ], [ -45.704520124, -12.675590424 ], [ -45.704520124, -12.6752311 ] ] ] ] } },
{ "type": "Feature", "properties": { "id": 202624, "left": -45.704520123999998, "top": -12.675590424, "right": -45.7041608, "bottom": -12.675949748000001, "centroid_x": -45.70434, "centroid_y": -12.67577, "talhao": "PL LOTE 01" }, "geometry": { "type": "MultiPolygon", "coordinates": [ [ [ [ -45.704520124, -12.675590424 ], [ -45.7041608, -12.675590424 ], [ -45.7041608, -12.675949748 ], [ -45.704520124, -12.675949748 ], [ -45.704520124, -12.675590424 ] ] ] ] } },
{ "type": "Feature", "properties": { "id": 202625, "left": -45.704520123999998, "top": -12.675949748000001, "right": -45.7041608, "bottom": -12.676309072, "centroid_x": -45.70434, "centroid_y": -12.676129, "talhao": "PL LOTE 01" }, "geometry": { "type": "MultiPolygon", "coordinates": [ [ [ [ -45.704520124, -12.675949748 ], [ -45.7041608, -12.675949748 ], [ -45.7041608, -12.676309072 ], [ -45.704520124, -12.676309072 ], [ -45.704520124, -12.675949748 ] ] ] ] } },
{ "type": "Feature", "properties": { "id": 202626, "left": -45.704520123999998, "top": -12.676309072, "right": -45.7041608, "bottom": -12.676668395999998, "centroid_x": -45.70434, "centroid_y": -12.676489, "talhao": "PL LOTE 01" }, "geometry": { "type": "MultiPolygon", "coordinates": [ [ [ [ -45.704520124, -12.676309072 ], [ -45.7041608, -12.676309072 ], [ -45.7041608, -12.676668396 ], [ -45.704520124, -12.676668396 ], [ -45.704520124, -12.676309072 ] ] ] ] } },
{ "type": "Feature", "properties": { "id": 202627, "left": -45.704520123999998, "top": -12.676668396, "right": -45.7041608, "bottom": -12.67702772, "centroid_x": -45.70434, "centroid_y": -12.676848, "talhao": "PL LOTE 01" }, "geometry": { "type": "MultiPolygon", "coordinates": [ [ [ [ -45.704520124, -12.676668396 ], [ -45.7041608, -12.676668396 ], [ -45.7041608, -12.67702772 ], [ -45.704520124, -12.67702772 ], [ -45.704520124, -12.676668396 ] ] ] ] } },
{ "type": "Feature", "properties": { "id": 202628, "left": -45.704520123999998, "top": -12.67702772, "right": -45.7041608, "bottom": -12.677387044, "centroid_x": -45.70434, "centroid_y": -12.677207, "talhao": "PL LOTE 01" }, "geometry": { "type": "MultiPolygon", "coordinates": [ [ [ [ -45.704520124, -12.67702772 ], [ -45.7041608, -12.67702772 ], [ -45.7041608, -12.677387044 ], [ -45.704520124, -12.677387044 ], [ -45.704520124, -12.67702772 ] ] ] ] } },
{ "type": "Feature", "properties": { "id": 202629, "left": -45.704520123999998, "top": -12.677387044, "right": -45.7041608, "bottom": -12.677746368, "centroid_x": -45.70434, "centroid_y": -12.677567, "talhao": "PL LOTE 01" }, "geometry": { "type": "MultiPolygon", "coordinates": [ [ [ [ -45.704520124, -12.677387044 ], [ -45.7041608, -12.677387044 ], [ -45.7041608, -12.677746368 ], [ -45.704520124, -12.677746368 ], [ -45.704520124, -12.677387044 ] ] ] ] } },
{ "type": "Feature", "properties": { "id": 202630, "left": -45.704520123999998, "top": -12.677746368, "right": -45.7041608, "bottom": -12.678105692000001, "centroid_x": -45.70434, "centroid_y": -12.677926, "talhao": "PL LOTE 01" }, "geometry": { "type": "MultiPolygon", "coordinates": [ [ [ [ -45.704520124, -12.677746368 ], [ -45.7041608, -12.677746368 ], [ -45.7041608, -12.678105692 ], [ -45.704520124, -12.678105692 ], [ -45.704520124, -12.677746368 ] ] ] ] } },
{ "type": "Feature", "properties": { "id": 202631, "left": -45.704520123999998, "top": -12.678105692000001, "right": -45.7041608, "bottom": -12.678465016000001, "centroid_x": -45.704366, "centroid_y": -12.678255, "talhao": "PL LOTE 01" }, "geometry": { "type": "MultiPolygon", "coordinates": [ [ [ [ -45.704341, -12.678398 ], [ -45.704430354666663, -12.678465016 ], [ -45.704520124, -12.678465016 ], [ -45.704520124, -12.678105692 ], [ -45.7041608, -12.678105692 ], [ -45.7041608, -12.678249442261901 ], [ -45.704341, -12.678398 ] ] ] ] } },
{ "type": "Feature", "properties": { "id": 202632, "left": -45.704520123999998, "top": -12.678465016000001, "right": -45.7041608, "bottom": -12.67882434, "centroid_x": -45.704465, "centroid_y": -12.678704, "talhao": "PL LOTE 01" }, "geometry": { "type": "MultiPolygon", "coordinates": [ [ [ [ -45.704445, -12.678476 ], [ -45.704477, -12.678512 ], [ -45.704494, -12.678539 ], [ -45.704504, -12.678588 ], [ -45.704497, -12.678637 ], [ -45.704489, -12.678656 ], [ -45.704466, -12.678686 ], [ -45.704431, -12.678723 ], [ -45.7043184, -12.67882434 ], [ -45.704520124, -12.67882434 ], [ -45.704520124, -12.678465016 ], [ -45.704430354666663, -12.678465016 ], [ -45.704445, -12.678476 ] ] ] ] } },
{ "type": "Feature", "properties": { "id": 202633, "left": -45.704520123999998, "top": -12.67882434, "right": -45.7041608, "bottom": -12.679183664, "centroid_x": -45.704353, "centroid_y": -12.679017, "talhao": "PL LOTE 01" }, "geometry": { "type": "MultiPolygon", "coordinates": [ [ [ [ -45.704191, -12.678939 ], [ -45.7041608, -12.678967238961043 ], [ -45.7041608, -12.679183664 ], [ -45.704520124, -12.679183664 ], [ -45.704520124, -12.67882434 ], [ -45.7043184, -12.67882434 ], [ -45.704191, -12.678939 ] ] ] ] } },
{ "type": "Feature", "properties": { "id": 202634, "left": -45.704520123999998, "top": -12.679183664, "right": -45.7041608, "bottom": -12.679542988, "centroid_x": -45.70434, "centroid_y": -12.679363, "talhao": "PL LOTE 01" }, "geometry": { "type": "MultiPolygon", "coordinates": [ [ [ [ -45.704520124, -12.679183664 ], [ -45.7041608, -12.679183664 ], [ -45.7041608, -12.679542988 ], [ -45.704520124, -12.679542988 ], [ -45.704520124, -12.679183664 ] ] ] ] } },
{ "type": "Feature", "properties": { "id": 202635, "left": -45.704520123999998, "top": -12.679542988, "right": -45.7041608, "bottom": -12.679902312, "centroid_x": -45.70434, "centroid_y": -12.679723, "talhao": "PL LOTE 01" }, "geometry": { "type": "MultiPolygon", "coordinates": [ [ [ [ -45.704520124, -12.679542988 ], [ -45.7041608, -12.679542988 ], [ -45.7041608, -12.679902312 ], [ -45.704520124, -12.679902312 ], [ -45.704520124, -12.679542988 ] ] ] ] } },
{ "type": "Feature", "properties": { "id": 202636, "left": -45.704520123999998, "top": -12.679902312, "right": -45.7041608, "bottom": -12.680261636, "centroid_x": -45.704377, "centroid_y": -12.680027, "talhao": "PL LOTE 01" }, "geometry": { "type": "MultiPolygon", "coordinates": [ [ [ [ -45.704294, -12.680091 ], [ -45.704520124, -12.680259330521089 ], [ -45.704520124, -12.679902312 ], [ -45.7041608, -12.679902312 ], [ -45.7041608, -12.679985932758617 ], [ -45.704294, -12.680091 ] ] ] ] } },
{ "type": "Feature", "properties": { "id": 202653, "left": -45.7041608, "top": -12.666966648000001, "right": -45.703801476000002, "bottom": -12.667325972, "centroid_x": -45.703932, "centroid_y": -12.667303, "talhao": "PL LOTE 01" }, "geometry": { "type": "MultiPolygon", "coordinates": [ [ [ [ -45.704139, -12.667315 ], [ -45.703942, -12.667284 ], [ -45.703801476, -12.667256247611286 ], [ -45.703801476, -12.667325972 ], [ -45.7041608, -12.667325972 ], [ -45.7041608, -12.667317015126052 ], [ -45.704139, -12.667315 ] ] ] ] } },
{ "type": "Feature", "properties": { "id": 202654, "left": -45.7041608, "top": -12.667325972, "right": -45.703801476000002, "bottom": -12.667685295999998, "centroid_x": -45.703981, "centroid_y": -12.667506, "talhao": "PL LOTE 01" }, "geometry": { "type": "MultiPolygon", "coordinates": [ [ [ [ -45.7041608, -12.667325972 ], [ -45.703801476, -12.667325972 ], [ -45.703801476, -12.667685296 ], [ -45.7041608, -12.667685296 ], [ -45.7041608, -12.667325972 ] ] ] ] } },
{ "type": "Feature", "properties": { "id": 202655, "left": -45.7041608, "top": -12.667685296, "right": -45.703801476000002, "bottom": -12.66804462, "centroid_x": -45.703981, "centroid_y": -12.667865, "talhao": "PL LOTE 01" }, "geometry": { "type": "MultiPolygon", "coordinates": [ [ [ [ -45.7041608, -12.667685296 ], [ -45.703801476, -12.667685296 ], [ -45.703801476, -12.66804462 ], [ -45.7041608, -12.66804462 ], [ -45.7041608, -12.667685296 ] ] ] ] } },
{ "type": "Feature", "properties": { "id": 202656, "left": -45.7041608, "top": -12.66804462, "right": -45.703801476000002, "bottom": -12.668403944, "centroid_x": -45.703981, "centroid_y": -12.668224, "talhao": "PL LOTE 01" }, "geometry": { "type": "MultiPolygon", "coordinates": [ [ [ [ -45.7041608, -12.66804462 ], [ -45.703801476, -12.66804462 ], [ -45.703801476, -12.668403944 ], [ -45.7041608, -12.668403944 ], [ -45.7041608, -12.66804462 ] ] ] ] } },
{ "type": "Feature", "properties": { "id": 202657, "left": -45.7041608, "top": -12.668403944, "right": -45.703801476000002, "bottom": -12.668763268, "centroid_x": -45.703981, "centroid_y": -12.668584, "talhao": "PL LOTE 01" }, "geometry": { "type": "MultiPolygon", "coordinates": [ [ [ [ -45.7041608, -12.668403944 ], [ -45.703801476, -12.668403944 ], [ -45.703801476, -12.668763268 ], [ -45.7041608, -12.668763268 ], [ -45.7041608, -12.668403944 ] ] ] ] } },
{ "type": "Feature", "properties": { "id": 202658, "left": -45.7041608, "top": -12.668763268, "right": -45.703801476000002, "bottom": -12.669122592000001, "centroid_x": -45.703981, "centroid_y": -12.668943, "talhao": "PL LOTE 01" }, "geometry": { "type": "MultiPolygon", "coordinates": [ [ [ [ -45.7041608, -12.668763268 ], [ -45.703801476, -12.668763268 ], [ -45.703801476, -12.669122592 ], [ -45.7041608, -12.669122592 ], [ -45.7041608, -12.668763268 ] ] ] ] } },
{ "type": "Feature", "properties": { "id": 202659, "left": -45.7041608, "top": -12.669122592000001, "right": -45.703801476000002, "bottom": -12.669481916000001, "centroid_x": -45.703981, "centroid_y": -12.669302, "talhao": "PL LOTE 01" }, "geometry": { "type": "MultiPolygon", "coordinates": [ [ [ [ -45.7041608, -12.669122592 ], [ -45.703801476, -12.669122592 ], [ -45.703801476, -12.669481916 ], [ -45.7041608, -12.669481916 ], [ -45.7041608, -12.669122592 ] ] ] ] } },
{ "type": "Feature", "properties": { "id": 202660, "left": -45.7041608, "top": -12.669481916000001, "right": -45.703801476000002, "bottom": -12.66984124, "centroid_x": -45.703981, "centroid_y": -12.669662, "talhao": "PL LOTE 01" }, "geometry": { "type": "MultiPolygon", "coordinates": [ [ [ [ -45.7041608, -12.669481916 ], [ -45.703801476, -12.669481916 ], [ -45.703801476, -12.66984124 ], [ -45.7041608, -12.66984124 ], [ -45.7041608, -12.669481916 ] ] ] ] } },
{ "type": "Feature", "properties": { "id": 202661, "left": -45.7041608, "top": -12.66984124, "right": -45.703801476000002, "bottom": -12.670200564, "centroid_x": -45.703981, "centroid_y": -12.670021, "talhao": "PL LOTE 01" }, "geometry": { "type": "MultiPolygon", "coordinates": [ [ [ [ -45.7041608, -12.66984124 ], [ -45.703801476, -12.66984124 ], [ -45.703801476, -12.670200564 ], [ -45.7041608, -12.670200564 ], [ -45.7041608, -12.66984124 ] ] ] ] } },
{ "type": "Feature", "properties": { "id": 202662, "left": -45.7041608, "top": -12.670200564, "right": -45.703801476000002, "bottom": -12.670559888, "centroid_x": -45.703981, "centroid_y": -12.67038, "talhao": "PL LOTE 01" }, "geometry": { "type": "MultiPolygon", "coordinates": [ [ [ [ -45.7041608, -12.670200564 ], [ -45.703801476, -12.670200564 ], [ -45.703801476, -12.670559888 ], [ -45.7041608, -12.670559888 ], [ -45.7041608, -12.670200564 ] ] ] ] } },
{ "type": "Feature", "properties": { "id": 202663, "left": -45.7041608, "top": -12.670559888, "right": -45.703801476000002, "bottom": -12.670919212, "centroid_x": -45.703981, "centroid_y": -12.67074, "talhao": "PL LOTE 01" }, "geometry": { "type": "MultiPolygon", "coordinates": [ [ [ [ -45.7041608, -12.670559888 ], [ -45.703801476, -12.670559888 ], [ -45.703801476, -12.670919212 ], [ -45.7041608, -12.670919212 ], [ -45.7041608, -12.670559888 ] ] ] ] } },
{ "type": "Feature", "properties": { "id": 202664, "left": -45.7041608, "top": -12.670919212, "right": -45.703801476000002, "bottom": -12.671278536000001, "centroid_x": -45.703981, "centroid_y": -12.671099, "talhao": "PL LOTE 01" }, "geometry": { "type": "MultiPolygon", "coordinates": [ [ [ [ -45.7041608, -12.670919212 ], [ -45.703801476, -12.670919212 ], [ -45.703801476, -12.671278536 ], [ -45.7041608, -12.671278536 ], [ -45.7041608, -12.670919212 ] ] ] ] } },
{ "type": "Feature", "properties": { "id": 202665, "left": -45.7041608, "top": -12.671278536000001, "right": -45.703801476000002, "bottom": -12.67163786, "centroid_x": -45.703981, "centroid_y": -12.671458, "talhao": "PL LOTE 01" }, "geometry": { "type": "MultiPolygon", "coordinates": [ [ [ [ -45.7041608, -12.671278536 ], [ -45.703801476, -12.671278536 ], [ -45.703801476, -12.67163786 ], [ -45.7041608, -12.67163786 ], [ -45.7041608, -12.671278536 ] ] ] ] } },
{ "type": "Feature", "properties": { "id": 202666, "left": -45.7041608, "top": -12.67163786, "right": -45.703801476000002, "bottom": -12.671997184, "centroid_x": -45.703981, "centroid_y": -12.671818, "talhao": "PL LOTE 01" }, "geometry": { "type": "MultiPolygon", "coordinates": [ [ [ [ -45.7041608, -12.67163786 ], [ -45.703801476, -12.67163786 ], [ -45.703801476, -12.671997184 ], [ -45.7041608, -12.671997184 ], [ -45.7041608, -12.67163786 ] ] ] ] } },
{ "type": "Feature", "properties": { "id": 202667, "left": -45.7041608, "top": -12.671997184, "right": -45.703801476000002, "bottom": -12.672356508, "centroid_x": -45.703981, "centroid_y": -12.672177, "talhao": "PL LOTE 01" }, "geometry": { "type": "MultiPolygon", "coordinates": [ [ [ [ -45.7041608, -12.671997184 ], [ -45.703801476, -12.671997184 ], [ -45.703801476, -12.672356508 ], [ -45.7041608, -12.672356508 ], [ -45.7041608, -12.671997184 ] ] ] ] } },
{ "type": "Feature", "properties": { "id": 202668, "left": -45.7041608, "top": -12.672356508, "right": -45.703801476000002, "bottom": -12.672715832, "centroid_x": -45.703981, "centroid_y": -12.672536, "talhao": "PL LOTE 01" }, "geometry": { "type": "MultiPolygon", "coordinates": [ [ [ [ -45.7041608, -12.672356508 ], [ -45.703801476, -12.672356508 ], [ -45.703801476, -12.672715832 ], [ -45.7041608, -12.672715832 ], [ -45.7041608, -12.672356508 ] ] ] ] } },
{ "type": "Feature", "properties": { "id": 202669, "left": -45.7041608, "top": -12.672715832, "right": -45.703801476000002, "bottom": -12.673075156, "centroid_x": -45.703981, "centroid_y": -12.672895, "talhao": "PL LOTE 01" }, "geometry": { "type": "MultiPolygon", "coordinates": [ [ [ [ -45.7041608, -12.672715832 ], [ -45.703801476, -12.672715832 ], [ -45.703801476, -12.673075156 ], [ -45.7041608, -12.673075156 ], [ -45.7041608, -12.672715832 ] ] ] ] } },
{ "type": "Feature", "properties": { "id": 202670, "left": -45.7041608, "top": -12.673075156, "right": -45.703801476000002, "bottom": -12.67343448, "centroid_x": -45.703981, "centroid_y": -12.673255, "talhao": "PL LOTE 01" }, "geometry": { "type": "MultiPolygon", "coordinates": [ [ [ [ -45.7041608, -12.673075156 ], [ -45.703801476, -12.673075156 ], [ -45.703801476, -12.67343448 ], [ -45.7041608, -12.67343448 ], [ -45.7041608, -12.673075156 ] ] ] ] } },
{ "type": "Feature", "properties": { "id": 202671, "left": -45.7041608, "top": -12.67343448, "right": -45.703801476000002, "bottom": -12.673793804000001, "centroid_x": -45.703981, "centroid_y": -12.673614, "talhao": "PL LOTE 01" }, "geometry": { "type": "MultiPolygon", "coordinates": [ [ [ [ -45.7041608, -12.67343448 ], [ -45.703801476, -12.67343448 ], [ -45.703801476, -12.673793804 ], [ -45.7041608, -12.673793804 ], [ -45.7041608, -12.67343448 ] ] ] ] } },
{ "type": "Feature", "properties": { "id": 202672, "left": -45.7041608, "top": -12.673793804000001, "right": -45.703801476000002, "bottom": -12.674153128, "centroid_x": -45.703981, "centroid_y": -12.673973, "talhao": "PL LOTE 01" }, "geometry": { "type": "MultiPolygon", "coordinates": [ [ [ [ -45.7041608, -12.673793804 ], [ -45.703801476, -12.673793804 ], [ -45.703801476, -12.674153128 ], [ -45.7041608, -12.674153128 ], [ -45.7041608, -12.673793804 ] ] ] ] } },
{ "type": "Feature", "properties": { "id": 202673, "left": -45.7041608, "top": -12.674153128, "right": -45.703801476000002, "bottom": -12.674512452, "centroid_x": -45.703981, "centroid_y": -12.674333, "talhao": "PL LOTE 01" }, "geometry": { "type": "MultiPolygon", "coordinates": [ [ [ [ -45.7041608, -12.674153128 ], [ -45.703801476, -12.674153128 ], [ -45.703801476, -12.674512452 ], [ -45.7041608, -12.674512452 ], [ -45.7041608, -12.674153128 ] ] ] ] } },
{ "type": "Feature", "properties": { "id": 202674, "left": -45.7041608, "top": -12.674512452, "right": -45.703801476000002, "bottom": -12.674871776, "centroid_x": -45.703981, "centroid_y": -12.674692, "talhao": "PL LOTE 01" }, "geometry": { "type": "MultiPolygon", "coordinates": [ [ [ [ -45.7041608, -12.674512452 ], [ -45.703801476, -12.674512452 ], [ -45.703801476, -12.674871776 ], [ -45.7041608, -12.674871776 ], [ -45.7041608, -12.674512452 ] ] ] ] } },
{ "type": "Feature", "properties": { "id": 202675, "left": -45.7041608, "top": -12.674871776, "right": -45.703801476000002, "bottom": -12.6752311, "centroid_x": -45.703981, "centroid_y": -12.675051, "talhao": "PL LOTE 01" }, "geometry": { "type": "MultiPolygon", "coordinates": [ [ [ [ -45.7041608, -12.674871776 ], [ -45.703801476, -12.674871776 ], [ -45.703801476, -12.6752311 ], [ -45.7041608, -12.6752311 ], [ -45.7041608, -12.674871776 ] ] ] ] } },
{ "type": "Feature", "properties": { "id": 202676, "left": -45.7041608, "top": -12.6752311, "right": -45.703801476000002, "bottom": -12.675590424, "centroid_x": -45.703981, "centroid_y": -12.675411, "talhao": "PL LOTE 01" }, "geometry": { "type": "MultiPolygon", "coordinates": [ [ [ [ -45.7041608, -12.6752311 ], [ -45.703801476, -12.6752311 ], [ -45.703801476, -12.675590424 ], [ -45.7041608, -12.675590424 ], [ -45.7041608, -12.6752311 ] ] ] ] } },
{ "type": "Feature", "properties": { "id": 202677, "left": -45.7041608, "top": -12.675590424, "right": -45.703801476000002, "bottom": -12.675949748000001, "centroid_x": -45.703981, "centroid_y": -12.67577, "talhao": "PL LOTE 01" }, "geometry": { "type": "MultiPolygon", "coordinates": [ [ [ [ -45.7041608, -12.675590424 ], [ -45.703801476, -12.675590424 ], [ -45.703801476, -12.675949748 ], [ -45.7041608, -12.675949748 ], [ -45.7041608, -12.675590424 ] ] ] ] } },
{ "type": "Feature", "properties": { "id": 202678, "left": -45.7041608, "top": -12.675949748000001, "right": -45.703801476000002, "bottom": -12.676309072, "centroid_x": -45.703981, "centroid_y": -12.676129, "talhao": "PL LOTE 01" }, "geometry": { "type": "MultiPolygon", "coordinates": [ [ [ [ -45.7041608, -12.675949748 ], [ -45.703801476, -12.675949748 ], [ -45.703801476, -12.676309072 ], [ -45.7041608, -12.676309072 ], [ -45.7041608, -12.675949748 ] ] ] ] } },
{ "type": "Feature", "properties": { "id": 202679, "left": -45.7041608, "top": -12.676309072, "right": -45.703801476000002, "bottom": -12.676668395999998, "centroid_x": -45.703981, "centroid_y": -12.676489, "talhao": "PL LOTE 01" }, "geometry": { "type": "MultiPolygon", "coordinates": [ [ [ [ -45.7041608, -12.676309072 ], [ -45.703801476, -12.676309072 ], [ -45.703801476, -12.676668396 ], [ -45.7041608, -12.676668396 ], [ -45.7041608, -12.676309072 ] ] ] ] } },
{ "type": "Feature", "properties": { "id": 202680, "left": -45.7041608, "top": -12.676668396, "right": -45.703801476000002, "bottom": -12.67702772, "centroid_x": -45.703981, "centroid_y": -12.676848, "talhao": "PL LOTE 01" }, "geometry": { "type": "MultiPolygon", "coordinates": [ [ [ [ -45.7041608, -12.676668396 ], [ -45.703801476, -12.676668396 ], [ -45.703801476, -12.67702772 ], [ -45.7041608, -12.67702772 ], [ -45.7041608, -12.676668396 ] ] ] ] } },
{ "type": "Feature", "properties": { "id": 202681, "left": -45.7041608, "top": -12.67702772, "right": -45.703801476000002, "bottom": -12.677387044, "centroid_x": -45.703981, "centroid_y": -12.677207, "talhao": "PL LOTE 01" }, "geometry": { "type": "MultiPolygon", "coordinates": [ [ [ [ -45.7041608, -12.67702772 ], [ -45.703801476, -12.67702772 ], [ -45.703801476, -12.677387044 ], [ -45.7041608, -12.677387044 ], [ -45.7041608, -12.67702772 ] ] ] ] } },
{ "type": "Feature", "properties": { "id": 202682, "left": -45.7041608, "top": -12.677387044, "right": -45.703801476000002, "bottom": -12.677746368, "centroid_x": -45.703981, "centroid_y": -12.677567, "talhao": "PL LOTE 01" }, "geometry": { "type": "MultiPolygon", "coordinates": [ [ [ [ -45.7041608, -12.677387044 ], [ -45.703801476, -12.677387044 ], [ -45.703801476, -12.677746368 ], [ -45.7041608, -12.677746368 ], [ -45.7041608, -12.677387044 ] ] ] ] } },
{ "type": "Feature", "properties": { "id": 202683, "left": -45.7041608, "top": -12.677746368, "right": -45.703801476000002, "bottom": -12.678105692000001, "centroid_x": -45.703996, "centroid_y": -12.67791, "talhao": "PL LOTE 01" }, "geometry": { "type": "MultiPolygon", "coordinates": [ [ [ [ -45.7039867185036, -12.678105692 ], [ -45.7041608, -12.678105692 ], [ -45.7041608, -12.677746368 ], [ -45.703801476, -12.677746368 ], [ -45.703801476, -12.677950579301205 ], [ -45.7039867185036, -12.678105692 ] ] ] ] } },
{ "type": "Feature", "properties": { "id": 202684, "left": -45.7041608, "top": -12.678105692000001, "right": -45.703801476000002, "bottom": -12.678465016000001, "centroid_x": -45.704103, "centroid_y": -12.678154, "talhao": "PL LOTE 01" }, "geometry": { "type": "MultiPolygon", "coordinates": [ [ [ [ -45.704005, -12.678121 ], [ -45.7041608, -12.678249442261908 ], [ -45.7041608, -12.678105692 ], [ -45.7039867185036, -12.678105692 ], [ -45.704005, -12.678121 ] ] ] ] } },
{ "type": "Feature", "properties": { "id": 202686, "left": -45.7041608, "top": -12.67882434, "right": -45.703801476000002, "bottom": -12.679183664, "centroid_x": -45.704084, "centroid_y": -12.679112, "talhao": "PL LOTE 01" }, "geometry": { "type": "MultiPolygon", "coordinates": [ [ [ [ -45.703929345444443, -12.679183664 ], [ -45.7041608, -12.679183664 ], [ -45.7041608, -12.678967238961036 ], [ -45.703929345444443, -12.679183664 ] ] ] ] } },
{ "type": "Feature", "properties": { "id": 202687, "left": -45.7041608, "top": -12.679183664, "right": -45.703801476000002, "bottom": -12.679542988, "centroid_x": -45.703991, "centroid_y": -12.679373, "talhao": "PL LOTE 01" }, "geometry": { "type": "MultiPolygon", "coordinates": [ [ [ [ -45.703883, -12.679227 ], [ -45.703801476, -12.679319540756754 ], [ -45.703801476, -12.679542988 ], [ -45.7041608, -12.679542988 ], [ -45.7041608, -12.679183664 ], [ -45.703929345444443, -12.679183664 ], [ -45.703883, -12.679227 ] ] ] ] } },
{ "type": "Feature", "properties": { "id": 202688, "left": -45.7041608, "top": -12.679542988, "right": -45.703801476000002, "bottom": -12.679902312, "centroid_x": -45.704002, "centroid_y": -12.679697, "talhao": "PL LOTE 01" }, "geometry": { "type": "MultiPolygon", "coordinates": [ [ [ [ -45.703823, -12.679736 ], [ -45.704054096325585, -12.679902312 ], [ -45.7041608, -12.679902312 ], [ -45.7041608, -12.679542988 ], [ -45.703801476, -12.679542988 ], [ -45.703801476, -12.679715118507467 ], [ -45.703823, -12.679736 ] ] ] ] } },
{ "type": "Feature", "properties": { "id": 202689, "left": -45.7041608, "top": -12.679902312, "right": -45.703801476000002, "bottom": -12.680261636, "centroid_x": -45.704125, "centroid_y": -12.67993, "talhao": "PL LOTE 01" }, "geometry": { "type": "MultiPolygon", "coordinates": [ [ [ [ -45.704062, -12.679908 ], [ -45.7041608, -12.679985932758624 ], [ -45.7041608, -12.679902312 ], [ -45.704054096325585, -12.679902312 ], [ -45.704062, -12.679908 ] ] ] ] } },
{ "type": "Feature", "properties": { "id": 202706, "left": -45.703801476000002, "top": -12.666966648000001, "right": -45.703442152000001, "bottom": -12.667325972, "centroid_x": -45.7036, "centroid_y": -12.66727, "talhao": "PL LOTE 01" }, "geometry": { "type": "MultiPolygon", "coordinates": [ [ [ [ -45.703623, -12.667221 ], [ -45.703442152, -12.667178915874214 ], [ -45.703442152, -12.667325972 ], [ -45.703801476, -12.667325972 ], [ -45.703801476, -12.667256247611286 ], [ -45.703623, -12.667221 ] ] ] ] } },
{ "type": "Feature", "properties": { "id": 202707, "left": -45.703801476000002, "top": -12.667325972, "right": -45.703442152000001, "bottom": -12.667685295999998, "centroid_x": -45.703622, "centroid_y": -12.667506, "talhao": "PL LOTE 01" }, "geometry": { "type": "MultiPolygon", "coordinates": [ [ [ [ -45.703801476, -12.667325972 ], [ -45.703442152, -12.667325972 ], [ -45.703442152, -12.667685296 ], [ -45.703801476, -12.667685296 ], [ -45.703801476, -12.667325972 ] ] ] ] } },
{ "type": "Feature", "properties": { "id": 202708, "left": -45.703801476000002, "top": -12.667685296, "right": -45.703442152000001, "bottom": -12.66804462, "centroid_x": -45.703622, "centroid_y": -12.667865, "talhao": "PL LOTE 01" }, "geometry": { "type": "MultiPolygon", "coordinates": [ [ [ [ -45.703801476, -12.667685296 ], [ -45.703442152, -12.667685296 ], [ -45.703442152, -12.66804462 ], [ -45.703801476, -12.66804462 ], [ -45.703801476, -12.667685296 ] ] ] ] } },
{ "type": "Feature", "properties": { "id": 202709, "left": -45.703801476000002, "top": -12.66804462, "right": -45.703442152000001, "bottom": -12.668403944, "centroid_x": -45.703622, "centroid_y": -12.668224, "talhao": "PL LOTE 01" }, "geometry": { "type": "MultiPolygon", "coordinates": [ [ [ [ -45.703801476, -12.66804462 ], [ -45.703442152, -12.66804462 ], [ -45.703442152, -12.668403944 ], [ -45.703801476, -12.668403944 ], [ -45.703801476, -12.66804462 ] ] ] ] } },
{ "type": "Feature", "properties": { "id": 202710, "left": -45.703801476000002, "top": -12.668403944, "right": -45.703442152000001, "bottom": -12.668763268, "centroid_x": -45.703622, "centroid_y": -12.668584, "talhao": "PL LOTE 01" }, "geometry": { "type": "MultiPolygon", "coordinates": [ [ [ [ -45.703801476, -12.668403944 ], [ -45.703442152, -12.668403944 ], [ -45.703442152, -12.668763268 ], [ -45.703801476, -12.668763268 ], [ -45.703801476, -12.668403944 ] ] ] ] } },
{ "type": "Feature", "properties": { "id": 202711, "left": -45.703801476000002, "top": -12.668763268, "right": -45.703442152000001, "bottom": -12.669122592000001, "centroid_x": -45.703622, "centroid_y": -12.668943, "talhao": "PL LOTE 01" }, "geometry": { "type": "MultiPolygon", "coordinates": [ [ [ [ -45.703801476, -12.668763268 ], [ -45.703442152, -12.668763268 ], [ -45.703442152, -12.669122592 ], [ -45.703801476, -12.669122592 ], [ -45.703801476, -12.668763268 ] ] ] ] } },
{ "type": "Feature", "properties": { "id": 202712, "left": -45.703801476000002, "top": -12.669122592000001, "right": -45.703442152000001, "bottom": -12.669481916000001, "centroid_x": -45.703622, "centroid_y": -12.669302, "talhao": "PL LOTE 01" }, "geometry": { "type": "MultiPolygon", "coordinates": [ [ [ [ -45.703801476, -12.669122592 ], [ -45.703442152, -12.669122592 ], [ -45.703442152, -12.669481916 ], [ -45.703801476, -12.669481916 ], [ -45.703801476, -12.669122592 ] ] ] ] } },
{ "type": "Feature", "properties": { "id": 202713, "left": -45.703801476000002, "top": -12.669481916000001, "right": -45.703442152000001, "bottom": -12.66984124, "centroid_x": -45.703622, "centroid_y": -12.669662, "talhao": "PL LOTE 01" }, "geometry": { "type": "MultiPolygon", "coordinates": [ [ [ [ -45.703801476, -12.669481916 ], [ -45.703442152, -12.669481916 ], [ -45.703442152, -12.66984124 ], [ -45.703801476, -12.66984124 ], [ -45.703801476, -12.669481916 ] ] ] ] } },
{ "type": "Feature", "properties": { "id": 202714, "left": -45.703801476000002, "top": -12.66984124, "right": -45.703442152000001, "bottom": -12.670200564, "centroid_x": -45.703622, "centroid_y": -12.670021, "talhao": "PL LOTE 01" }, "geometry": { "type": "MultiPolygon", "coordinates": [ [ [ [ -45.703801476, -12.66984124 ], [ -45.703442152, -12.66984124 ], [ -45.703442152, -12.670200564 ], [ -45.703801476, -12.670200564 ], [ -45.703801476, -12.66984124 ] ] ] ] } },
{ "type": "Feature", "properties": { "id": 202715, "left": -45.703801476000002, "top": -12.670200564, "right": -45.703442152000001, "bottom": -12.670559888, "centroid_x": -45.703622, "centroid_y": -12.67038, "talhao": "PL LOTE 01" }, "geometry": { "type": "MultiPolygon", "coordinates": [ [ [ [ -45.703801476, -12.670200564 ], [ -45.703442152, -12.670200564 ], [ -45.703442152, -12.670559888 ], [ -45.703801476, -12.670559888 ], [ -45.703801476, -12.670200564 ] ] ] ] } },
{ "type": "Feature", "properties": { "id": 202716, "left": -45.703801476000002, "top": -12.670559888, "right": -45.703442152000001, "bottom": -12.670919212, "centroid_x": -45.703622, "centroid_y": -12.67074, "talhao": "PL LOTE 01" }, "geometry": { "type": "MultiPolygon", "coordinates": [ [ [ [ -45.703801476, -12.670559888 ], [ -45.703442152, -12.670559888 ], [ -45.703442152, -12.670919212 ], [ -45.703801476, -12.670919212 ], [ -45.703801476, -12.670559888 ] ] ] ] } },
{ "type": "Feature", "properties": { "id": 202717, "left": -45.703801476000002, "top": -12.670919212, "right": -45.703442152000001, "bottom": -12.671278536000001, "centroid_x": -45.703622, "centroid_y": -12.671099, "talhao": "PL LOTE 01" }, "geometry": { "type": "MultiPolygon", "coordinates": [ [ [ [ -45.703801476, -12.670919212 ], [ -45.703442152, -12.670919212 ], [ -45.703442152, -12.671278536 ], [ -45.703801476, -12.671278536 ], [ -45.703801476, -12.670919212 ] ] ] ] } },
{ "type": "Feature", "properties": { "id": 202718, "left": -45.703801476000002, "top": -12.671278536000001, "right": -45.703442152000001, "bottom": -12.67163786, "centroid_x": -45.703622, "centroid_y": -12.671458, "talhao": "PL LOTE 01" }, "geometry": { "type": "MultiPolygon", "coordinates": [ [ [ [ -45.703801476, -12.671278536 ], [ -45.703442152, -12.671278536 ], [ -45.703442152, -12.67163786 ], [ -45.703801476, -12.67163786 ], [ -45.703801476, -12.671278536 ] ] ] ] } },
{ "type": "Feature", "properties": { "id": 202719, "left": -45.703801476000002, "top": -12.67163786, "right": -45.703442152000001, "bottom": -12.671997184, "centroid_x": -45.703622, "centroid_y": -12.671818, "talhao": "PL LOTE 01" }, "geometry": { "type": "MultiPolygon", "coordinates": [ [ [ [ -45.703801476, -12.67163786 ], [ -45.703442152, -12.67163786 ], [ -45.703442152, -12.671997184 ], [ -45.703801476, -12.671997184 ], [ -45.703801476, -12.67163786 ] ] ] ] } },
{ "type": "Feature", "properties": { "id": 202720, "left": -45.703801476000002, "top": -12.671997184, "right": -45.703442152000001, "bottom": -12.672356508, "centroid_x": -45.703622, "centroid_y": -12.672177, "talhao": "PL LOTE 01" }, "geometry": { "type": "MultiPolygon", "coordinates": [ [ [ [ -45.703801476, -12.671997184 ], [ -45.703442152, -12.671997184 ], [ -45.703442152, -12.672356508 ], [ -45.703801476, -12.672356508 ], [ -45.703801476, -12.671997184 ] ] ] ] } },
{ "type": "Feature", "properties": { "id": 202721, "left": -45.703801476000002, "top": -12.672356508, "right": -45.703442152000001, "bottom": -12.672715832, "centroid_x": -45.703622, "centroid_y": -12.672536, "talhao": "PL LOTE 01" }, "geometry": { "type": "MultiPolygon", "coordinates": [ [ [ [ -45.703801476, -12.672356508 ], [ -45.703442152, -12.672356508 ], [ -45.703442152, -12.672715832 ], [ -45.703801476, -12.672715832 ], [ -45.703801476, -12.672356508 ] ] ] ] } },
{ "type": "Feature", "properties": { "id": 202722, "left": -45.703801476000002, "top": -12.672715832, "right": -45.703442152000001, "bottom": -12.673075156, "centroid_x": -45.703622, "centroid_y": -12.672895, "talhao": "PL LOTE 01" }, "geometry": { "type": "MultiPolygon", "coordinates": [ [ [ [ -45.703801476, -12.672715832 ], [ -45.703442152, -12.672715832 ], [ -45.703442152, -12.673075156 ], [ -45.703801476, -12.673075156 ], [ -45.703801476, -12.672715832 ] ] ] ] } },
{ "type": "Feature", "properties": { "id": 202723, "left": -45.703801476000002, "top": -12.673075156, "right": -45.703442152000001, "bottom": -12.67343448, "centroid_x": -45.703622, "centroid_y": -12.673255, "talhao": "PL LOTE 01" }, "geometry": { "type": "MultiPolygon", "coordinates": [ [ [ [ -45.703801476, -12.673075156 ], [ -45.703442152, -12.673075156 ], [ -45.703442152, -12.67343448 ], [ -45.703801476, -12.67343448 ], [ -45.703801476, -12.673075156 ] ] ] ] } },
{ "type": "Feature", "properties": { "id": 202724, "left": -45.703801476000002, "top": -12.67343448, "right": -45.703442152000001, "bottom": -12.673793804000001, "centroid_x": -45.703622, "centroid_y": -12.673614, "talhao": "PL LOTE 01" }, "geometry": { "type": "MultiPolygon", "coordinates": [ [ [ [ -45.703801476, -12.67343448 ], [ -45.703442152, -12.67343448 ], [ -45.703442152, -12.673793804 ], [ -45.703801476, -12.673793804 ], [ -45.703801476, -12.67343448 ] ] ] ] } },
{ "type": "Feature", "properties": { "id": 202725, "left": -45.703801476000002, "top": -12.673793804000001, "right": -45.703442152000001, "bottom": -12.674153128, "centroid_x": -45.703622, "centroid_y": -12.673973, "talhao": "PL LOTE 01" }, "geometry": { "type": "MultiPolygon", "coordinates": [ [ [ [ -45.703801476, -12.673793804 ], [ -45.703442152, -12.673793804 ], [ -45.703442152, -12.674153128 ], [ -45.703801476, -12.674153128 ], [ -45.703801476, -12.673793804 ] ] ] ] } },
{ "type": "Feature", "properties": { "id": 202726, "left": -45.703801476000002, "top": -12.674153128, "right": -45.703442152000001, "bottom": -12.674512452, "centroid_x": -45.703622, "centroid_y": -12.674333, "talhao": "PL LOTE 01" }, "geometry": { "type": "MultiPolygon", "coordinates": [ [ [ [ -45.703801476, -12.674153128 ], [ -45.703442152, -12.674153128 ], [ -45.703442152, -12.674512452 ], [ -45.703801476, -12.674512452 ], [ -45.703801476, -12.674153128 ] ] ] ] } },
{ "type": "Feature", "properties": { "id": 202727, "left": -45.703801476000002, "top": -12.674512452, "right": -45.703442152000001, "bottom": -12.674871776, "centroid_x": -45.703622, "centroid_y": -12.674692, "talhao": "PL LOTE 01" }, "geometry": { "type": "MultiPolygon", "coordinates": [ [ [ [ -45.703801476, -12.674512452 ], [ -45.703442152, -12.674512452 ], [ -45.703442152, -12.674871776 ], [ -45.703801476, -12.674871776 ], [ -45.703801476, -12.674512452 ] ] ] ] } },
{ "type": "Feature", "properties": { "id": 202728, "left": -45.703801476000002, "top": -12.674871776, "right": -45.703442152000001, "bottom": -12.6752311, "centroid_x": -45.703622, "centroid_y": -12.675051, "talhao": "PL LOTE 01" }, "geometry": { "type": "MultiPolygon", "coordinates": [ [ [ [ -45.703801476, -12.674871776 ], [ -45.703442152, -12.674871776 ], [ -45.703442152, -12.6752311 ], [ -45.703801476, -12.6752311 ], [ -45.703801476, -12.674871776 ] ] ] ] } },
{ "type": "Feature", "properties": { "id": 202729, "left": -45.703801476000002, "top": -12.6752311, "right": -45.703442152000001, "bottom": -12.675590424, "centroid_x": -45.703622, "centroid_y": -12.675411, "talhao": "PL LOTE 01" }, "geometry": { "type": "MultiPolygon", "coordinates": [ [ [ [ -45.703801476, -12.6752311 ], [ -45.703442152, -12.6752311 ], [ -45.703442152, -12.675590424 ], [ -45.703801476, -12.675590424 ], [ -45.703801476, -12.6752311 ] ] ] ] } },
{ "type": "Feature", "properties": { "id": 202730, "left": -45.703801476000002, "top": -12.675590424, "right": -45.703442152000001, "bottom": -12.675949748000001, "centroid_x": -45.703622, "centroid_y": -12.67577, "talhao": "PL LOTE 01" }, "geometry": { "type": "MultiPolygon", "coordinates": [ [ [ [ -45.703801476, -12.675590424 ], [ -45.703442152, -12.675590424 ], [ -45.703442152, -12.675949748 ], [ -45.703801476, -12.675949748 ], [ -45.703801476, -12.675590424 ] ] ] ] } },
{ "type": "Feature", "properties": { "id": 202731, "left": -45.703801476000002, "top": -12.675949748000001, "right": -45.703442152000001, "bottom": -12.676309072, "centroid_x": -45.703622, "centroid_y": -12.676129, "talhao": "PL LOTE 01" }, "geometry": { "type": "MultiPolygon", "coordinates": [ [ [ [ -45.703801476, -12.675949748 ], [ -45.703442152, -12.675949748 ], [ -45.703442152, -12.676309072 ], [ -45.703801476, -12.676309072 ], [ -45.703801476, -12.675949748 ] ] ] ] } },
{ "type": "Feature", "properties": { "id": 202732, "left": -45.703801476000002, "top": -12.676309072, "right": -45.703442152000001, "bottom": -12.676668395999998, "centroid_x": -45.703622, "centroid_y": -12.676489, "talhao": "PL LOTE 01" }, "geometry": { "type": "MultiPolygon", "coordinates": [ [ [ [ -45.703801476, -12.676309072 ], [ -45.703442152, -12.676309072 ], [ -45.703442152, -12.676668396 ], [ -45.703801476, -12.676668396 ], [ -45.703801476, -12.676309072 ] ] ] ] } },
{ "type": "Feature", "properties": { "id": 202733, "left": -45.703801476000002, "top": -12.676668396, "right": -45.703442152000001, "bottom": -12.67702772, "centroid_x": -45.703622, "centroid_y": -12.676848, "talhao": "PL LOTE 01" }, "geometry": { "type": "MultiPolygon", "coordinates": [ [ [ [ -45.703801476, -12.676668396 ], [ -45.703442152, -12.676668396 ], [ -45.703442152, -12.67702772 ], [ -45.703801476, -12.67702772 ], [ -45.703801476, -12.676668396 ] ] ] ] } },
{ "type": "Feature", "properties": { "id": 202734, "left": -45.703801476000002, "top": -12.67702772, "right": -45.703442152000001, "bottom": -12.677387044, "centroid_x": -45.703622, "centroid_y": -12.677207, "talhao": "PL LOTE 01" }, "geometry": { "type": "MultiPolygon", "coordinates": [ [ [ [ -45.703801476, -12.67702772 ], [ -45.703442152, -12.67702772 ], [ -45.703442152, -12.677387044 ], [ -45.703801476, -12.677387044 ], [ -45.703801476, -12.67702772 ] ] ] ] } },
{ "type": "Feature", "properties": { "id": 202735, "left": -45.703801476000002, "top": -12.677387044, "right": -45.703442152000001, "bottom": -12.677746368, "centroid_x": -45.703628, "centroid_y": -12.67756, "talhao": "PL LOTE 01" }, "geometry": { "type": "MultiPolygon", "coordinates": [ [ [ [ -45.703557597755399, -12.677746368 ], [ -45.703801476, -12.677746368 ], [ -45.703801476, -12.677387044 ], [ -45.703442152, -12.677387044 ], [ -45.703442152, -12.677649699566265 ], [ -45.703557597755399, -12.677746368 ] ] ] ] } },
{ "type": "Feature", "properties": { "id": 202736, "left": -45.703801476000002, "top": -12.677746368, "right": -45.703442152000001, "bottom": -12.678105692000001, "centroid_x": -45.70372, "centroid_y": -12.677814, "talhao": "PL LOTE 01" }, "geometry": { "type": "MultiPolygon", "coordinates": [ [ [ [ -45.703801476, -12.677950579301205 ], [ -45.703801476, -12.677746368 ], [ -45.703557597755399, -12.677746368 ], [ -45.703801476, -12.677950579301205 ] ] ] ] } },
{ "type": "Feature", "properties": { "id": 202740, "left": -45.703801476000002, "top": -12.679183664, "right": -45.703442152000001, "bottom": -12.679542988, "centroid_x": -45.703757, "centroid_y": -12.67946, "talhao": "PL LOTE 01" }, "geometry": { "type": "MultiPolygon", "coordinates": [ [ [ [ -45.703772, -12.679353 ], [ -45.703722, -12.679424 ], [ -45.703698, -12.679481 ], [ -45.703693, -12.679508 ], [ -45.703693945621623, -12.679542988 ], [ -45.703801476, -12.679542988 ], [ -45.703801476, -12.679319540756754 ], [ -45.703772, -12.679353 ] ] ] ] } },
{ "type": "Feature", "properties": { "id": 202741, "left": -45.703801476000002, "top": -12.679542988, "right": -45.703442152000001, "bottom": -12.679902312, "centroid_x": -45.70376, "centroid_y": -12.679606, "talhao": "PL LOTE 01" }, "geometry": { "type": "MultiPolygon", "coordinates": [ [ [ [ -45.703694, -12.679545 ], [ -45.703707, -12.679593 ], [ -45.703733, -12.67964 ], [ -45.703756, -12.679671 ], [ -45.703801476, -12.679715118507467 ], [ -45.703801476, -12.679542988 ], [ -45.703693945621623, -12.679542988 ], [ -45.703694, -12.679545 ] ] ] ] } },
{ "type": "Feature", "properties": { "id": 202759, "left": -45.703442152000001, "top": -12.666966648000001, "right": -45.703082828, "bottom": -12.667325972, "centroid_x": -45.703247, "centroid_y": -12.667227, "talhao": "PL LOTE 01" }, "geometry": { "type": "MultiPolygon", "coordinates": [ [ [ [ -45.703305, -12.667147 ], [ -45.703082828, -12.667080577443297 ], [ -45.703082828, -12.667325972 ], [ -45.703442152, -12.667325972 ], [ -45.703442152, -12.667178915874214 ], [ -45.703305, -12.667147 ] ] ] ] } },
{ "type": "Feature", "properties": { "id": 202760, "left": -45.703442152000001, "top": -12.667325972, "right": -45.703082828, "bottom": -12.667685295999998, "centroid_x": -45.703262, "centroid_y": -12.667506, "talhao": "PL LOTE 01" }, "geometry": { "type": "MultiPolygon", "coordinates": [ [ [ [ -45.703442152, -12.667325972 ], [ -45.703082828, -12.667325972 ], [ -45.703082828, -12.667685296 ], [ -45.703442152, -12.667685296 ], [ -45.703442152, -12.667325972 ] ] ] ] } },
{ "type": "Feature", "properties": { "id": 202761, "left": -45.703442152000001, "top": -12.667685296, "right": -45.703082828, "bottom": -12.66804462, "centroid_x": -45.703262, "centroid_y": -12.667865, "talhao": "PL LOTE 01" }, "geometry": { "type": "MultiPolygon", "coordinates": [ [ [ [ -45.703442152, -12.667685296 ], [ -45.703082828, -12.667685296 ], [ -45.703082828, -12.66804462 ], [ -45.703442152, -12.66804462 ], [ -45.703442152, -12.667685296 ] ] ] ] } },
{ "type": "Feature", "properties": { "id": 202762, "left": -45.703442152000001, "top": -12.66804462, "right": -45.703082828, "bottom": -12.668403944, "centroid_x": -45.703262, "centroid_y": -12.668224, "talhao": "PL LOTE 01" }, "geometry": { "type": "MultiPolygon", "coordinates": [ [ [ [ -45.703442152, -12.66804462 ], [ -45.703082828, -12.66804462 ], [ -45.703082828, -12.668403944 ], [ -45.703442152, -12.668403944 ], [ -45.703442152, -12.66804462 ] ] ] ] } },
{ "type": "Feature", "properties": { "id": 202763, "left": -45.703442152000001, "top": -12.668403944, "right": -45.703082828, "bottom": -12.668763268, "centroid_x": -45.703262, "centroid_y": -12.668584, "talhao": "PL LOTE 01" }, "geometry": { "type": "MultiPolygon", "coordinates": [ [ [ [ -45.703442152, -12.668403944 ], [ -45.703082828, -12.668403944 ], [ -45.703082828, -12.668763268 ], [ -45.703442152, -12.668763268 ], [ -45.703442152, -12.668403944 ] ] ] ] } },
{ "type": "Feature", "properties": { "id": 202764, "left": -45.703442152000001, "top": -12.668763268, "right": -45.703082828, "bottom": -12.669122592000001, "centroid_x": -45.703262, "centroid_y": -12.668943, "talhao": "PL LOTE 01" }, "geometry": { "type": "MultiPolygon", "coordinates": [ [ [ [ -45.703442152, -12.668763268 ], [ -45.703082828, -12.668763268 ], [ -45.703082828, -12.669122592 ], [ -45.703442152, -12.669122592 ], [ -45.703442152, -12.668763268 ] ] ] ] } },
{ "type": "Feature", "properties": { "id": 202765, "left": -45.703442152000001, "top": -12.669122592000001, "right": -45.703082828, "bottom": -12.669481916000001, "centroid_x": -45.703262, "centroid_y": -12.669302, "talhao": "PL LOTE 01" }, "geometry": { "type": "MultiPolygon", "coordinates": [ [ [ [ -45.703442152, -12.669122592 ], [ -45.703082828, -12.669122592 ], [ -45.703082828, -12.669481916 ], [ -45.703442152, -12.669481916 ], [ -45.703442152, -12.669122592 ] ] ] ] } },
{ "type": "Feature", "properties": { "id": 202766, "left": -45.703442152000001, "top": -12.669481916000001, "right": -45.703082828, "bottom": -12.66984124, "centroid_x": -45.703262, "centroid_y": -12.669662, "talhao": "PL LOTE 01" }, "geometry": { "type": "MultiPolygon", "coordinates": [ [ [ [ -45.703442152, -12.669481916 ], [ -45.703082828, -12.669481916 ], [ -45.703082828, -12.66984124 ], [ -45.703442152, -12.66984124 ], [ -45.703442152, -12.669481916 ] ] ] ] } },
{ "type": "Feature", "properties": { "id": 202767, "left": -45.703442152000001, "top": -12.66984124, "right": -45.703082828, "bottom": -12.670200564, "centroid_x": -45.703262, "centroid_y": -12.670021, "talhao": "PL LOTE 01" }, "geometry": { "type": "MultiPolygon", "coordinates": [ [ [ [ -45.703442152, -12.66984124 ], [ -45.703082828, -12.66984124 ], [ -45.703082828, -12.670200564 ], [ -45.703442152, -12.670200564 ], [ -45.703442152, -12.66984124 ] ] ] ] } },
{ "type": "Feature", "properties": { "id": 202768, "left": -45.703442152000001, "top": -12.670200564, "right": -45.703082828, "bottom": -12.670559888, "centroid_x": -45.703262, "centroid_y": -12.67038, "talhao": "PL LOTE 01" }, "geometry": { "type": "MultiPolygon", "coordinates": [ [ [ [ -45.703442152, -12.670200564 ], [ -45.703082828, -12.670200564 ], [ -45.703082828, -12.670559888 ], [ -45.703442152, -12.670559888 ], [ -45.703442152, -12.670200564 ] ] ] ] } },
{ "type": "Feature", "properties": { "id": 202769, "left": -45.703442152000001, "top": -12.670559888, "right": -45.703082828, "bottom": -12.670919212, "centroid_x": -45.703262, "centroid_y": -12.67074, "talhao": "PL LOTE 01" }, "geometry": { "type": "MultiPolygon", "coordinates": [ [ [ [ -45.703442152, -12.670559888 ], [ -45.703082828, -12.670559888 ], [ -45.703082828, -12.670919212 ], [ -45.703442152, -12.670919212 ], [ -45.703442152, -12.670559888 ] ] ] ] } },
{ "type": "Feature", "properties": { "id": 202770, "left": -45.703442152000001, "top": -12.670919212, "right": -45.703082828, "bottom": -12.671278536000001, "centroid_x": -45.703262, "centroid_y": -12.671099, "talhao": "PL LOTE 01" }, "geometry": { "type": "MultiPolygon", "coordinates": [ [ [ [ -45.703442152, -12.670919212 ], [ -45.703082828, -12.670919212 ], [ -45.703082828, -12.671278536 ], [ -45.703442152, -12.671278536 ], [ -45.703442152, -12.670919212 ] ] ] ] } },
{ "type": "Feature", "properties": { "id": 202771, "left": -45.703442152000001, "top": -12.671278536000001, "right": -45.703082828, "bottom": -12.67163786, "centroid_x": -45.703262, "centroid_y": -12.671458, "talhao": "PL LOTE 01" }, "geometry": { "type": "MultiPolygon", "coordinates": [ [ [ [ -45.703442152, -12.671278536 ], [ -45.703082828, -12.671278536 ], [ -45.703082828, -12.67163786 ], [ -45.703442152, -12.67163786 ], [ -45.703442152, -12.671278536 ] ] ] ] } },
{ "type": "Feature", "properties": { "id": 202772, "left": -45.703442152000001, "top": -12.67163786, "right": -45.703082828, "bottom": -12.671997184, "centroid_x": -45.703262, "centroid_y": -12.671818, "talhao": "PL LOTE 01" }, "geometry": { "type": "MultiPolygon", "coordinates": [ [ [ [ -45.703442152, -12.67163786 ], [ -45.703082828, -12.67163786 ], [ -45.703082828, -12.671997184 ], [ -45.703442152, -12.671997184 ], [ -45.703442152, -12.67163786 ] ] ] ] } },
{ "type": "Feature", "properties": { "id": 202773, "left": -45.703442152000001, "top": -12.671997184, "right": -45.703082828, "bottom": -12.672356508, "centroid_x": -45.703262, "centroid_y": -12.672177, "talhao": "PL LOTE 01" }, "geometry": { "type": "MultiPolygon", "coordinates": [ [ [ [ -45.703442152, -12.671997184 ], [ -45.703082828, -12.671997184 ], [ -45.703082828, -12.672356508 ], [ -45.703442152, -12.672356508 ], [ -45.703442152, -12.671997184 ] ] ] ] } },
{ "type": "Feature", "properties": { "id": 202774, "left": -45.703442152000001, "top": -12.672356508, "right": -45.703082828, "bottom": -12.672715832, "centroid_x": -45.703262, "centroid_y": -12.672536, "talhao": "PL LOTE 01" }, "geometry": { "type": "MultiPolygon", "coordinates": [ [ [ [ -45.703442152, -12.672356508 ], [ -45.703082828, -12.672356508 ], [ -45.703082828, -12.672715832 ], [ -45.703442152, -12.672715832 ], [ -45.703442152, -12.672356508 ] ] ] ] } },
{ "type": "Feature", "properties": { "id": 202775, "left": -45.703442152000001, "top": -12.672715832, "right": -45.703082828, "bottom": -12.673075156, "centroid_x": -45.703262, "centroid_y": -12.672895, "talhao": "PL LOTE 01" }, "geometry": { "type": "MultiPolygon", "coordinates": [ [ [ [ -45.703442152, -12.672715832 ], [ -45.703082828, -12.672715832 ], [ -45.703082828, -12.673075156 ], [ -45.703442152, -12.673075156 ], [ -45.703442152, -12.672715832 ] ] ] ] } },
{ "type": "Feature", "properties": { "id": 202776, "left": -45.703442152000001, "top": -12.673075156, "right": -45.703082828, "bottom": -12.67343448, "centroid_x": -45.703262, "centroid_y": -12.673255, "talhao": "PL LOTE 01" }, "geometry": { "type": "MultiPolygon", "coordinates": [ [ [ [ -45.703442152, -12.673075156 ], [ -45.703082828, -12.673075156 ], [ -45.703082828, -12.67343448 ], [ -45.703442152, -12.67343448 ], [ -45.703442152, -12.673075156 ] ] ] ] } },
{ "type": "Feature", "properties": { "id": 202777, "left": -45.703442152000001, "top": -12.67343448, "right": -45.703082828, "bottom": -12.673793804000001, "centroid_x": -45.703262, "centroid_y": -12.673614, "talhao": "PL LOTE 01" }, "geometry": { "type": "MultiPolygon", "coordinates": [ [ [ [ -45.703442152, -12.67343448 ], [ -45.703082828, -12.67343448 ], [ -45.703082828, -12.673793804 ], [ -45.703442152, -12.673793804 ], [ -45.703442152, -12.67343448 ] ] ] ] } },
{ "type": "Feature", "properties": { "id": 202778, "left": -45.703442152000001, "top": -12.673793804000001, "right": -45.703082828, "bottom": -12.674153128, "centroid_x": -45.703262, "centroid_y": -12.673973, "talhao": "PL LOTE 01" }, "geometry": { "type": "MultiPolygon", "coordinates": [ [ [ [ -45.703442152, -12.673793804 ], [ -45.703082828, -12.673793804 ], [ -45.703082828, -12.674153128 ], [ -45.703442152, -12.674153128 ], [ -45.703442152, -12.673793804 ] ] ] ] } },
{ "type": "Feature", "properties": { "id": 202779, "left": -45.703442152000001, "top": -12.674153128, "right": -45.703082828, "bottom": -12.674512452, "centroid_x": -45.703262, "centroid_y": -12.674333, "talhao": "PL LOTE 01" }, "geometry": { "type": "MultiPolygon", "coordinates": [ [ [ [ -45.703442152, -12.674153128 ], [ -45.703082828, -12.674153128 ], [ -45.703082828, -12.674512452 ], [ -45.703442152, -12.674512452 ], [ -45.703442152, -12.674153128 ] ] ] ] } },
{ "type": "Feature", "properties": { "id": 202780, "left": -45.703442152000001, "top": -12.674512452, "right": -45.703082828, "bottom": -12.674871776, "centroid_x": -45.703262, "centroid_y": -12.674692, "talhao": "PL LOTE 01" }, "geometry": { "type": "MultiPolygon", "coordinates": [ [ [ [ -45.703442152, -12.674512452 ], [ -45.703082828, -12.674512452 ], [ -45.703082828, -12.674871776 ], [ -45.703442152, -12.674871776 ], [ -45.703442152, -12.674512452 ] ] ] ] } },
{ "type": "Feature", "properties": { "id": 202781, "left": -45.703442152000001, "top": -12.674871776, "right": -45.703082828, "bottom": -12.6752311, "centroid_x": -45.703262, "centroid_y": -12.675051, "talhao": "PL LOTE 01" }, "geometry": { "type": "MultiPolygon", "coordinates": [ [ [ [ -45.703442152, -12.674871776 ], [ -45.703082828, -12.674871776 ], [ -45.703082828, -12.6752311 ], [ -45.703442152, -12.6752311 ], [ -45.703442152, -12.674871776 ] ] ] ] } },
{ "type": "Feature", "properties": { "id": 202782, "left": -45.703442152000001, "top": -12.6752311, "right": -45.703082828, "bottom": -12.675590424, "centroid_x": -45.703262, "centroid_y": -12.675411, "talhao": "PL LOTE 01" }, "geometry": { "type": "MultiPolygon", "coordinates": [ [ [ [ -45.703442152, -12.6752311 ], [ -45.703082828, -12.6752311 ], [ -45.703082828, -12.675590424 ], [ -45.703442152, -12.675590424 ], [ -45.703442152, -12.6752311 ] ] ] ] } },
{ "type": "Feature", "properties": { "id": 202783, "left": -45.703442152000001, "top": -12.675590424, "right": -45.703082828, "bottom": -12.675949748000001, "centroid_x": -45.703262, "centroid_y": -12.67577, "talhao": "PL LOTE 01" }, "geometry": { "type": "MultiPolygon", "coordinates": [ [ [ [ -45.703442152, -12.675590424 ], [ -45.703082828, -12.675590424 ], [ -45.703082828, -12.675949748 ], [ -45.703442152, -12.675949748 ], [ -45.703442152, -12.675590424 ] ] ] ] } },
{ "type": "Feature", "properties": { "id": 202784, "left": -45.703442152000001, "top": -12.675949748000001, "right": -45.703082828, "bottom": -12.676309072, "centroid_x": -45.703262, "centroid_y": -12.676129, "talhao": "PL LOTE 01" }, "geometry": { "type": "MultiPolygon", "coordinates": [ [ [ [ -45.703442152, -12.675949748 ], [ -45.703082828, -12.675949748 ], [ -45.703082828, -12.676309072 ], [ -45.703442152, -12.676309072 ], [ -45.703442152, -12.675949748 ] ] ] ] } },
{ "type": "Feature", "properties": { "id": 202785, "left": -45.703442152000001, "top": -12.676309072, "right": -45.703082828, "bottom": -12.676668395999998, "centroid_x": -45.703262, "centroid_y": -12.676489, "talhao": "PL LOTE 01" }, "geometry": { "type": "MultiPolygon", "coordinates": [ [ [ [ -45.703442152, -12.676309072 ], [ -45.703082828, -12.676309072 ], [ -45.703082828, -12.676668396 ], [ -45.703442152, -12.676668396 ], [ -45.703442152, -12.676309072 ] ] ] ] } },
{ "type": "Feature", "properties": { "id": 202786, "left": -45.703442152000001, "top": -12.676668396, "right": -45.703082828, "bottom": -12.67702772, "centroid_x": -45.703262, "centroid_y": -12.676848, "talhao": "PL LOTE 01" }, "geometry": { "type": "MultiPolygon", "coordinates": [ [ [ [ -45.703442152, -12.676668396 ], [ -45.703082828, -12.676668396 ], [ -45.703082828, -12.67702772 ], [ -45.703442152, -12.67702772 ], [ -45.703442152, -12.676668396 ] ] ] ] } },
{ "type": "Feature", "properties": { "id": 202787, "left": -45.703442152000001, "top": -12.67702772, "right": -45.703082828, "bottom": -12.677387044, "centroid_x": -45.703264, "centroid_y": -12.677206, "talhao": "PL LOTE 01" }, "geometry": { "type": "MultiPolygon", "coordinates": [ [ [ [ -45.703128477007198, -12.677387044 ], [ -45.703442152, -12.677387044 ], [ -45.703442152, -12.67702772 ], [ -45.703082828, -12.67702772 ], [ -45.703082828, -12.677348819831325 ], [ -45.703128477007198, -12.677387044 ] ] ] ] } },
{ "type": "Feature", "properties": { "id": 202788, "left": -45.703442152000001, "top": -12.677387044, "right": -45.703082828, "bottom": -12.677746368, "centroid_x": -45.703338, "centroid_y": -12.677475, "talhao": "PL LOTE 01" }, "geometry": { "type": "MultiPolygon", "coordinates": [ [ [ [ -45.703442152, -12.677649699566265 ], [ -45.703442152, -12.677387044 ], [ -45.703128477007198, -12.677387044 ], [ -45.703442152, -12.677649699566265 ] ] ] ] } },
{ "type": "Feature", "properties": { "id": 202811, "left": -45.703082828, "top": -12.666607324, "right": -45.702723503999998, "bottom": -12.666966648000001, "centroid_x": -45.702728, "centroid_y": -12.666965, "talhao": "PL LOTE 01" }, "geometry": { "type": "MultiPolygon", "coordinates": [ [ [ [ -45.702723504, -12.666961511754476 ], [ -45.702723504, -12.666966648 ], [ -45.702736982335566, -12.666966648 ], [ -45.702723504, -12.666961511754476 ] ] ] ] } },
{ "type": "Feature", "properties": { "id": 202812, "left": -45.703082828, "top": -12.666966648000001, "right": -45.702723503999998, "bottom": -12.667325972, "centroid_x": -45.702892, "centroid_y": -12.667173, "talhao": "PL LOTE 01" }, "geometry": { "type": "MultiPolygon", "coordinates": [ [ [ [ -45.703014, -12.66706 ], [ -45.702835, -12.667004 ], [ -45.702736982335566, -12.666966648 ], [ -45.702723504, -12.666966648 ], [ -45.702723504, -12.667325972 ], [ -45.703082828, -12.667325972 ], [ -45.703082828, -12.667080577443297 ], [ -45.703014, -12.66706 ] ] ] ] } },
{ "type": "Feature", "properties": { "id": 202813, "left": -45.703082828, "top": -12.667325972, "right": -45.702723503999998, "bottom": -12.667685295999998, "centroid_x": -45.702903, "centroid_y": -12.667506, "talhao": "PL LOTE 01" }, "geometry": { "type": "MultiPolygon", "coordinates": [ [ [ [ -45.703082828, -12.667325972 ], [ -45.702723504, -12.667325972 ], [ -45.702723504, -12.667685296 ], [ -45.703082828, -12.667685296 ], [ -45.703082828, -12.667325972 ] ] ] ] } },
{ "type": "Feature", "properties": { "id": 202814, "left": -45.703082828, "top": -12.667685296, "right": -45.702723503999998, "bottom": -12.66804462, "centroid_x": -45.702903, "centroid_y": -12.667865, "talhao": "PL LOTE 01" }, "geometry": { "type": "MultiPolygon", "coordinates": [ [ [ [ -45.703082828, -12.667685296 ], [ -45.702723504, -12.667685296 ], [ -45.702723504, -12.66804462 ], [ -45.703082828, -12.66804462 ], [ -45.703082828, -12.667685296 ] ] ] ] } },
{ "type": "Feature", "properties": { "id": 202815, "left": -45.703082828, "top": -12.66804462, "right": -45.702723503999998, "bottom": -12.668403944, "centroid_x": -45.702903, "centroid_y": -12.668224, "talhao": "PL LOTE 01" }, "geometry": { "type": "MultiPolygon", "coordinates": [ [ [ [ -45.703082828, -12.66804462 ], [ -45.702723504, -12.66804462 ], [ -45.702723504, -12.668403944 ], [ -45.703082828, -12.668403944 ], [ -45.703082828, -12.66804462 ] ] ] ] } },
{ "type": "Feature", "properties": { "id": 202816, "left": -45.703082828, "top": -12.668403944, "right": -45.702723503999998, "bottom": -12.668763268, "centroid_x": -45.702903, "centroid_y": -12.668584, "talhao": "PL LOTE 01" }, "geometry": { "type": "MultiPolygon", "coordinates": [ [ [ [ -45.703082828, -12.668403944 ], [ -45.702723504, -12.668403944 ], [ -45.702723504, -12.668763268 ], [ -45.703082828, -12.668763268 ], [ -45.703082828, -12.668403944 ] ] ] ] } },
{ "type": "Feature", "properties": { "id": 202817, "left": -45.703082828, "top": -12.668763268, "right": -45.702723503999998, "bottom": -12.669122592000001, "centroid_x": -45.702903, "centroid_y": -12.668943, "talhao": "PL LOTE 01" }, "geometry": { "type": "MultiPolygon", "coordinates": [ [ [ [ -45.703082828, -12.668763268 ], [ -45.702723504, -12.668763268 ], [ -45.702723504, -12.669122592 ], [ -45.703082828, -12.669122592 ], [ -45.703082828, -12.668763268 ] ] ] ] } },
{ "type": "Feature", "properties": { "id": 202818, "left": -45.703082828, "top": -12.669122592000001, "right": -45.702723503999998, "bottom": -12.669481916000001, "centroid_x": -45.702903, "centroid_y": -12.669302, "talhao": "PL LOTE 01" }, "geometry": { "type": "MultiPolygon", "coordinates": [ [ [ [ -45.703082828, -12.669122592 ], [ -45.702723504, -12.669122592 ], [ -45.702723504, -12.669481916 ], [ -45.703082828, -12.669481916 ], [ -45.703082828, -12.669122592 ] ] ] ] } },
{ "type": "Feature", "properties": { "id": 202819, "left": -45.703082828, "top": -12.669481916000001, "right": -45.702723503999998, "bottom": -12.66984124, "centroid_x": -45.702903, "centroid_y": -12.669662, "talhao": "PL LOTE 01" }, "geometry": { "type": "MultiPolygon", "coordinates": [ [ [ [ -45.703082828, -12.669481916 ], [ -45.702723504, -12.669481916 ], [ -45.702723504, -12.66984124 ], [ -45.703082828, -12.66984124 ], [ -45.703082828, -12.669481916 ] ] ] ] } },
{ "type": "Feature", "properties": { "id": 202820, "left": -45.703082828, "top": -12.66984124, "right": -45.702723503999998, "bottom": -12.670200564, "centroid_x": -45.702903, "centroid_y": -12.670021, "talhao": "PL LOTE 01" }, "geometry": { "type": "MultiPolygon", "coordinates": [ [ [ [ -45.703082828, -12.66984124 ], [ -45.702723504, -12.66984124 ], [ -45.702723504, -12.670200564 ], [ -45.703082828, -12.670200564 ], [ -45.703082828, -12.66984124 ] ] ] ] } },
{ "type": "Feature", "properties": { "id": 202821, "left": -45.703082828, "top": -12.670200564, "right": -45.702723503999998, "bottom": -12.670559888, "centroid_x": -45.702903, "centroid_y": -12.67038, "talhao": "PL LOTE 01" }, "geometry": { "type": "MultiPolygon", "coordinates": [ [ [ [ -45.703082828, -12.670200564 ], [ -45.702723504, -12.670200564 ], [ -45.702723504, -12.670559888 ], [ -45.703082828, -12.670559888 ], [ -45.703082828, -12.670200564 ] ] ] ] } },
{ "type": "Feature", "properties": { "id": 202822, "left": -45.703082828, "top": -12.670559888, "right": -45.702723503999998, "bottom": -12.670919212, "centroid_x": -45.702903, "centroid_y": -12.67074, "talhao": "PL LOTE 01" }, "geometry": { "type": "MultiPolygon", "coordinates": [ [ [ [ -45.703082828, -12.670559888 ], [ -45.702723504, -12.670559888 ], [ -45.702723504, -12.670919212 ], [ -45.703082828, -12.670919212 ], [ -45.703082828, -12.670559888 ] ] ] ] } },
{ "type": "Feature", "properties": { "id": 202823, "left": -45.703082828, "top": -12.670919212, "right": -45.702723503999998, "bottom": -12.671278536000001, "centroid_x": -45.702903, "centroid_y": -12.671099, "talhao": "PL LOTE 01" }, "geometry": { "type": "MultiPolygon", "coordinates": [ [ [ [ -45.703082828, -12.670919212 ], [ -45.702723504, -12.670919212 ], [ -45.702723504, -12.671278536 ], [ -45.703082828, -12.671278536 ], [ -45.703082828, -12.670919212 ] ] ] ] } },
{ "type": "Feature", "properties": { "id": 202824, "left": -45.703082828, "top": -12.671278536000001, "right": -45.702723503999998, "bottom": -12.67163786, "centroid_x": -45.702903, "centroid_y": -12.671458, "talhao": "PL LOTE 01" }, "geometry": { "type": "MultiPolygon", "coordinates": [ [ [ [ -45.703082828, -12.671278536 ], [ -45.702723504, -12.671278536 ], [ -45.702723504, -12.67163786 ], [ -45.703082828, -12.67163786 ], [ -45.703082828, -12.671278536 ] ] ] ] } },
{ "type": "Feature", "properties": { "id": 202825, "left": -45.703082828, "top": -12.67163786, "right": -45.702723503999998, "bottom": -12.671997184, "centroid_x": -45.702903, "centroid_y": -12.671818, "talhao": "PL LOTE 01" }, "geometry": { "type": "MultiPolygon", "coordinates": [ [ [ [ -45.703082828, -12.67163786 ], [ -45.702723504, -12.67163786 ], [ -45.702723504, -12.671997184 ], [ -45.703082828, -12.671997184 ], [ -45.703082828, -12.67163786 ] ] ] ] } },
{ "type": "Feature", "properties": { "id": 202826, "left": -45.703082828, "top": -12.671997184, "right": -45.702723503999998, "bottom": -12.672356508, "centroid_x": -45.702903, "centroid_y": -12.672177, "talhao": "PL LOTE 01" }, "geometry": { "type": "MultiPolygon", "coordinates": [ [ [ [ -45.703082828, -12.671997184 ], [ -45.702723504, -12.671997184 ], [ -45.702723504, -12.672356508 ], [ -45.703082828, -12.672356508 ], [ -45.703082828, -12.671997184 ] ] ] ] } },
{ "type": "Feature", "properties": { "id": 202827, "left": -45.703082828, "top": -12.672356508, "right": -45.702723503999998, "bottom": -12.672715832, "centroid_x": -45.702903, "centroid_y": -12.672536, "talhao": "PL LOTE 01" }, "geometry": { "type": "MultiPolygon", "coordinates": [ [ [ [ -45.703082828, -12.672356508 ], [ -45.702723504, -12.672356508 ], [ -45.702723504, -12.672715832 ], [ -45.703082828, -12.672715832 ], [ -45.703082828, -12.672356508 ] ] ] ] } },
{ "type": "Feature", "properties": { "id": 202828, "left": -45.703082828, "top": -12.672715832, "right": -45.702723503999998, "bottom": -12.673075156, "centroid_x": -45.702903, "centroid_y": -12.672895, "talhao": "PL LOTE 01" }, "geometry": { "type": "MultiPolygon", "coordinates": [ [ [ [ -45.703082828, -12.672715832 ], [ -45.702723504, -12.672715832 ], [ -45.702723504, -12.673075156 ], [ -45.703082828, -12.673075156 ], [ -45.703082828, -12.672715832 ] ] ] ] } },
{ "type": "Feature", "properties": { "id": 202829, "left": -45.703082828, "top": -12.673075156, "right": -45.702723503999998, "bottom": -12.67343448, "centroid_x": -45.702903, "centroid_y": -12.673255, "talhao": "PL LOTE 01" }, "geometry": { "type": "MultiPolygon", "coordinates": [ [ [ [ -45.703082828, -12.673075156 ], [ -45.702723504, -12.673075156 ], [ -45.702723504, -12.67343448 ], [ -45.703082828, -12.67343448 ], [ -45.703082828, -12.673075156 ] ] ] ] } },
{ "type": "Feature", "properties": { "id": 202830, "left": -45.703082828, "top": -12.67343448, "right": -45.702723503999998, "bottom": -12.673793804000001, "centroid_x": -45.702903, "centroid_y": -12.673614, "talhao": "PL LOTE 01" }, "geometry": { "type": "MultiPolygon", "coordinates": [ [ [ [ -45.703082828, -12.67343448 ], [ -45.702723504, -12.67343448 ], [ -45.702723504, -12.673793804 ], [ -45.703082828, -12.673793804 ], [ -45.703082828, -12.67343448 ] ] ] ] } },
{ "type": "Feature", "properties": { "id": 202831, "left": -45.703082828, "top": -12.673793804000001, "right": -45.702723503999998, "bottom": -12.674153128, "centroid_x": -45.702903, "centroid_y": -12.673973, "talhao": "PL LOTE 01" }, "geometry": { "type": "MultiPolygon", "coordinates": [ [ [ [ -45.703082828, -12.673793804 ], [ -45.702723504, -12.673793804 ], [ -45.702723504, -12.674153128 ], [ -45.703082828, -12.674153128 ], [ -45.703082828, -12.673793804 ] ] ] ] } },
{ "type": "Feature", "properties": { "id": 202832, "left": -45.703082828, "top": -12.674153128, "right": -45.702723503999998, "bottom": -12.674512452, "centroid_x": -45.702903, "centroid_y": -12.674333, "talhao": "PL LOTE 01" }, "geometry": { "type": "MultiPolygon", "coordinates": [ [ [ [ -45.703082828, -12.674153128 ], [ -45.702723504, -12.674153128 ], [ -45.702723504, -12.674512452 ], [ -45.703082828, -12.674512452 ], [ -45.703082828, -12.674153128 ] ] ] ] } },
{ "type": "Feature", "properties": { "id": 202833, "left": -45.703082828, "top": -12.674512452, "right": -45.702723503999998, "bottom": -12.674871776, "centroid_x": -45.702903, "centroid_y": -12.674692, "talhao": "PL LOTE 01" }, "geometry": { "type": "MultiPolygon", "coordinates": [ [ [ [ -45.703082828, -12.674512452 ], [ -45.702723504, -12.674512452 ], [ -45.702723504, -12.674871776 ], [ -45.703082828, -12.674871776 ], [ -45.703082828, -12.674512452 ] ] ] ] } },
{ "type": "Feature", "properties": { "id": 202834, "left": -45.703082828, "top": -12.674871776, "right": -45.702723503999998, "bottom": -12.6752311, "centroid_x": -45.702903, "centroid_y": -12.675051, "talhao": "PL LOTE 01" }, "geometry": { "type": "MultiPolygon", "coordinates": [ [ [ [ -45.703082828, -12.674871776 ], [ -45.702723504, -12.674871776 ], [ -45.702723504, -12.6752311 ], [ -45.703082828, -12.6752311 ], [ -45.703082828, -12.674871776 ] ] ] ] } },
{ "type": "Feature", "properties": { "id": 202835, "left": -45.703082828, "top": -12.6752311, "right": -45.702723503999998, "bottom": -12.675590424, "centroid_x": -45.702903, "centroid_y": -12.675411, "talhao": "PL LOTE 01" }, "geometry": { "type": "MultiPolygon", "coordinates": [ [ [ [ -45.703082828, -12.6752311 ], [ -45.702723504, -12.6752311 ], [ -45.702723504, -12.675590424 ], [ -45.703082828, -12.675590424 ], [ -45.703082828, -12.6752311 ] ] ] ] } },
{ "type": "Feature", "properties": { "id": 202836, "left": -45.703082828, "top": -12.675590424, "right": -45.702723503999998, "bottom": -12.675949748000001, "centroid_x": -45.702903, "centroid_y": -12.67577, "talhao": "PL LOTE 01" }, "geometry": { "type": "MultiPolygon", "coordinates": [ [ [ [ -45.703082828, -12.675590424 ], [ -45.702723504, -12.675590424 ], [ -45.702723504, -12.675949748 ], [ -45.703082828, -12.675949748 ], [ -45.703082828, -12.675590424 ] ] ] ] } },
{ "type": "Feature", "properties": { "id": 202837, "left": -45.703082828, "top": -12.675949748000001, "right": -45.702723503999998, "bottom": -12.676309072, "centroid_x": -45.702903, "centroid_y": -12.676129, "talhao": "PL LOTE 01" }, "geometry": { "type": "MultiPolygon", "coordinates": [ [ [ [ -45.703082828, -12.675949748 ], [ -45.702723504, -12.675949748 ], [ -45.702723504, -12.676309072 ], [ -45.703082828, -12.676309072 ], [ -45.703082828, -12.675949748 ] ] ] ] } },
{ "type": "Feature", "properties": { "id": 202838, "left": -45.703082828, "top": -12.676309072, "right": -45.702723503999998, "bottom": -12.676668395999998, "centroid_x": -45.702903, "centroid_y": -12.676489, "talhao": "PL LOTE 01" }, "geometry": { "type": "MultiPolygon", "coordinates": [ [ [ [ -45.703082828, -12.676309072 ], [ -45.702723504, -12.676309072 ], [ -45.702723504, -12.676668396 ], [ -45.703082828, -12.676668396 ], [ -45.703082828, -12.676309072 ] ] ] ] } },
{ "type": "Feature", "properties": { "id": 202839, "left": -45.703082828, "top": -12.676668396, "right": -45.702723503999998, "bottom": -12.67702772, "centroid_x": -45.702903, "centroid_y": -12.676848, "talhao": "PL LOTE 01" }, "geometry": { "type": "MultiPolygon", "coordinates": [ [ [ [ -45.703082828, -12.676668396 ], [ -45.702723504, -12.676668396 ], [ -45.702723504, -12.67702772 ], [ -45.703082828, -12.67702772 ], [ -45.703082828, -12.676668396 ] ] ] ] } },
{ "type": "Feature", "properties": { "id": 202840, "left": -45.703082828, "top": -12.67702772, "right": -45.702723503999998, "bottom": -12.677387044, "centroid_x": -45.702956, "centroid_y": -12.677135, "talhao": "PL LOTE 01" }, "geometry": { "type": "MultiPolygon", "coordinates": [ [ [ [ -45.703082828, -12.677348819831325 ], [ -45.703082828, -12.67702772 ], [ -45.702723504, -12.67702772 ], [ -45.702723504, -12.677047940096383 ], [ -45.703082828, -12.677348819831325 ] ] ] ] } },
{ "type": "Feature", "properties": { "id": 202864, "left": -45.702723503999998, "top": -12.666607324, "right": -45.70236418, "bottom": -12.666966648000001, "centroid_x": -45.702487, "centroid_y": -12.666918, "talhao": "PL LOTE 01" }, "geometry": { "type": "MultiPolygon", "coordinates": [ [ [ [ -45.702444, -12.666855 ], [ -45.70236418, -12.666818036375837 ], [ -45.70236418, -12.666966648 ], [ -45.702723504, -12.666966648 ], [ -45.702723504, -12.666961511754476 ], [ -45.702444, -12.666855 ] ] ] ] } },
{ "type": "Feature", "properties": { "id": 202865, "left": -45.702723503999998, "top": -12.666966648000001, "right": -45.70236418, "bottom": -12.667325972, "centroid_x": -45.702544, "centroid_y": -12.667146, "talhao": "PL LOTE 01" }, "geometry": { "type": "MultiPolygon", "coordinates": [ [ [ [ -45.702723504, -12.666966648 ], [ -45.70236418, -12.666966648 ], [ -45.70236418, -12.667325972 ], [ -45.702723504, -12.667325972 ], [ -45.702723504, -12.666966648 ] ] ] ] } },
{ "type": "Feature", "properties": { "id": 202866, "left": -45.702723503999998, "top": -12.667325972, "right": -45.70236418, "bottom": -12.667685295999998, "centroid_x": -45.702544, "centroid_y": -12.667506, "talhao": "PL LOTE 01" }, "geometry": { "type": "MultiPolygon", "coordinates": [ [ [ [ -45.702723504, -12.667325972 ], [ -45.70236418, -12.667325972 ], [ -45.70236418, -12.667685296 ], [ -45.702723504, -12.667685296 ], [ -45.702723504, -12.667325972 ] ] ] ] } },
{ "type": "Feature", "properties": { "id": 202867, "left": -45.702723503999998, "top": -12.667685296, "right": -45.70236418, "bottom": -12.66804462, "centroid_x": -45.702544, "centroid_y": -12.667865, "talhao": "PL LOTE 01" }, "geometry": { "type": "MultiPolygon", "coordinates": [ [ [ [ -45.702723504, -12.667685296 ], [ -45.70236418, -12.667685296 ], [ -45.70236418, -12.66804462 ], [ -45.702723504, -12.66804462 ], [ -45.702723504, -12.667685296 ] ] ] ] } },
{ "type": "Feature", "properties": { "id": 202868, "left": -45.702723503999998, "top": -12.66804462, "right": -45.70236418, "bottom": -12.668403944, "centroid_x": -45.702544, "centroid_y": -12.668224, "talhao": "PL LOTE 01" }, "geometry": { "type": "MultiPolygon", "coordinates": [ [ [ [ -45.702723504, -12.66804462 ], [ -45.70236418, -12.66804462 ], [ -45.70236418, -12.668403944 ], [ -45.702723504, -12.668403944 ], [ -45.702723504, -12.66804462 ] ] ] ] } },
{ "type": "Feature", "properties": { "id": 202869, "left": -45.702723503999998, "top": -12.668403944, "right": -45.70236418, "bottom": -12.668763268, "centroid_x": -45.702544, "centroid_y": -12.668584, "talhao": "PL LOTE 01" }, "geometry": { "type": "MultiPolygon", "coordinates": [ [ [ [ -45.702723504, -12.668403944 ], [ -45.70236418, -12.668403944 ], [ -45.70236418, -12.668763268 ], [ -45.702723504, -12.668763268 ], [ -45.702723504, -12.668403944 ] ] ] ] } },
{ "type": "Feature", "properties": { "id": 202870, "left": -45.702723503999998, "top": -12.668763268, "right": -45.70236418, "bottom": -12.669122592000001, "centroid_x": -45.702544, "centroid_y": -12.668943, "talhao": "PL LOTE 01" }, "geometry": { "type": "MultiPolygon", "coordinates": [ [ [ [ -45.702723504, -12.668763268 ], [ -45.70236418, -12.668763268 ], [ -45.70236418, -12.669122592 ], [ -45.702723504, -12.669122592 ], [ -45.702723504, -12.668763268 ] ] ] ] } },
{ "type": "Feature", "properties": { "id": 202871, "left": -45.702723503999998, "top": -12.669122592000001, "right": -45.70236418, "bottom": -12.669481916000001, "centroid_x": -45.702544, "centroid_y": -12.669302, "talhao": "PL LOTE 01" }, "geometry": { "type": "MultiPolygon", "coordinates": [ [ [ [ -45.702723504, -12.669122592 ], [ -45.70236418, -12.669122592 ], [ -45.70236418, -12.669481916 ], [ -45.702723504, -12.669481916 ], [ -45.702723504, -12.669122592 ] ] ] ] } },
{ "type": "Feature", "properties": { "id": 202872, "left": -45.702723503999998, "top": -12.669481916000001, "right": -45.70236418, "bottom": -12.66984124, "centroid_x": -45.702544, "centroid_y": -12.669662, "talhao": "PL LOTE 01" }, "geometry": { "type": "MultiPolygon", "coordinates": [ [ [ [ -45.702723504, -12.669481916 ], [ -45.70236418, -12.669481916 ], [ -45.70236418, -12.66984124 ], [ -45.702723504, -12.66984124 ], [ -45.702723504, -12.669481916 ] ] ] ] } },
{ "type": "Feature", "properties": { "id": 202873, "left": -45.702723503999998, "top": -12.66984124, "right": -45.70236418, "bottom": -12.670200564, "centroid_x": -45.702544, "centroid_y": -12.670021, "talhao": "PL LOTE 01" }, "geometry": { "type": "MultiPolygon", "coordinates": [ [ [ [ -45.702723504, -12.66984124 ], [ -45.70236418, -12.66984124 ], [ -45.70236418, -12.670200564 ], [ -45.702723504, -12.670200564 ], [ -45.702723504, -12.66984124 ] ] ] ] } },
{ "type": "Feature", "properties": { "id": 202874, "left": -45.702723503999998, "top": -12.670200564, "right": -45.70236418, "bottom": -12.670559888, "centroid_x": -45.702544, "centroid_y": -12.67038, "talhao": "PL LOTE 01" }, "geometry": { "type": "MultiPolygon", "coordinates": [ [ [ [ -45.702723504, -12.670200564 ], [ -45.70236418, -12.670200564 ], [ -45.70236418, -12.670559888 ], [ -45.702723504, -12.670559888 ], [ -45.702723504, -12.670200564 ] ] ] ] } },
{ "type": "Feature", "properties": { "id": 202875, "left": -45.702723503999998, "top": -12.670559888, "right": -45.70236418, "bottom": -12.670919212, "centroid_x": -45.702544, "centroid_y": -12.67074, "talhao": "PL LOTE 01" }, "geometry": { "type": "MultiPolygon", "coordinates": [ [ [ [ -45.702723504, -12.670559888 ], [ -45.70236418, -12.670559888 ], [ -45.70236418, -12.670919212 ], [ -45.702723504, -12.670919212 ], [ -45.702723504, -12.670559888 ] ] ] ] } },
{ "type": "Feature", "properties": { "id": 202876, "left": -45.702723503999998, "top": -12.670919212, "right": -45.70236418, "bottom": -12.671278536000001, "centroid_x": -45.702544, "centroid_y": -12.671099, "talhao": "PL LOTE 01" }, "geometry": { "type": "MultiPolygon", "coordinates": [ [ [ [ -45.702723504, -12.670919212 ], [ -45.70236418, -12.670919212 ], [ -45.70236418, -12.671278536 ], [ -45.702723504, -12.671278536 ], [ -45.702723504, -12.670919212 ] ] ] ] } },
{ "type": "Feature", "properties": { "id": 202877, "left": -45.702723503999998, "top": -12.671278536000001, "right": -45.70236418, "bottom": -12.67163786, "centroid_x": -45.702544, "centroid_y": -12.671458, "talhao": "PL LOTE 01" }, "geometry": { "type": "MultiPolygon", "coordinates": [ [ [ [ -45.702723504, -12.671278536 ], [ -45.70236418, -12.671278536 ], [ -45.70236418, -12.67163786 ], [ -45.702723504, -12.67163786 ], [ -45.702723504, -12.671278536 ] ] ] ] } },
{ "type": "Feature", "properties": { "id": 202878, "left": -45.702723503999998, "top": -12.67163786, "right": -45.70236418, "bottom": -12.671997184, "centroid_x": -45.702544, "centroid_y": -12.671818, "talhao": "PL LOTE 01" }, "geometry": { "type": "MultiPolygon", "coordinates": [ [ [ [ -45.702723504, -12.67163786 ], [ -45.70236418, -12.67163786 ], [ -45.70236418, -12.671997184 ], [ -45.702723504, -12.671997184 ], [ -45.702723504, -12.67163786 ] ] ] ] } },
{ "type": "Feature", "properties": { "id": 202879, "left": -45.702723503999998, "top": -12.671997184, "right": -45.70236418, "bottom": -12.672356508, "centroid_x": -45.702544, "centroid_y": -12.672177, "talhao": "PL LOTE 01" }, "geometry": { "type": "MultiPolygon", "coordinates": [ [ [ [ -45.702723504, -12.671997184 ], [ -45.70236418, -12.671997184 ], [ -45.70236418, -12.672356508 ], [ -45.702723504, -12.672356508 ], [ -45.702723504, -12.671997184 ] ] ] ] } },
{ "type": "Feature", "properties": { "id": 202880, "left": -45.702723503999998, "top": -12.672356508, "right": -45.70236418, "bottom": -12.672715832, "centroid_x": -45.702544, "centroid_y": -12.672536, "talhao": "PL LOTE 01" }, "geometry": { "type": "MultiPolygon", "coordinates": [ [ [ [ -45.702723504, -12.672356508 ], [ -45.70236418, -12.672356508 ], [ -45.70236418, -12.672715832 ], [ -45.702723504, -12.672715832 ], [ -45.702723504, -12.672356508 ] ] ] ] } },
{ "type": "Feature", "properties": { "id": 202881, "left": -45.702723503999998, "top": -12.672715832, "right": -45.70236418, "bottom": -12.673075156, "centroid_x": -45.702544, "centroid_y": -12.672895, "talhao": "PL LOTE 01" }, "geometry": { "type": "MultiPolygon", "coordinates": [ [ [ [ -45.702723504, -12.672715832 ], [ -45.70236418, -12.672715832 ], [ -45.70236418, -12.673075156 ], [ -45.702723504, -12.673075156 ], [ -45.702723504, -12.672715832 ] ] ] ] } },
{ "type": "Feature", "properties": { "id": 202882, "left": -45.702723503999998, "top": -12.673075156, "right": -45.70236418, "bottom": -12.67343448, "centroid_x": -45.702544, "centroid_y": -12.673255, "talhao": "PL LOTE 01" }, "geometry": { "type": "MultiPolygon", "coordinates": [ [ [ [ -45.702723504, -12.673075156 ], [ -45.70236418, -12.673075156 ], [ -45.70236418, -12.67343448 ], [ -45.702723504, -12.67343448 ], [ -45.702723504, -12.673075156 ] ] ] ] } },
{ "type": "Feature", "properties": { "id": 202883, "left": -45.702723503999998, "top": -12.67343448, "right": -45.70236418, "bottom": -12.673793804000001, "centroid_x": -45.702544, "centroid_y": -12.673614, "talhao": "PL LOTE 01" }, "geometry": { "type": "MultiPolygon", "coordinates": [ [ [ [ -45.702723504, -12.67343448 ], [ -45.70236418, -12.67343448 ], [ -45.70236418, -12.673793804 ], [ -45.702723504, -12.673793804 ], [ -45.702723504, -12.67343448 ] ] ] ] } },
{ "type": "Feature", "properties": { "id": 202884, "left": -45.702723503999998, "top": -12.673793804000001, "right": -45.70236418, "bottom": -12.674153128, "centroid_x": -45.702544, "centroid_y": -12.673973, "talhao": "PL LOTE 01" }, "geometry": { "type": "MultiPolygon", "coordinates": [ [ [ [ -45.702723504, -12.673793804 ], [ -45.70236418, -12.673793804 ], [ -45.70236418, -12.674153128 ], [ -45.702723504, -12.674153128 ], [ -45.702723504, -12.673793804 ] ] ] ] } },
{ "type": "Feature", "properties": { "id": 202885, "left": -45.702723503999998, "top": -12.674153128, "right": -45.70236418, "bottom": -12.674512452, "centroid_x": -45.702544, "centroid_y": -12.674333, "talhao": "PL LOTE 01" }, "geometry": { "type": "MultiPolygon", "coordinates": [ [ [ [ -45.702723504, -12.674153128 ], [ -45.70236418, -12.674153128 ], [ -45.70236418, -12.674512452 ], [ -45.702723504, -12.674512452 ], [ -45.702723504, -12.674153128 ] ] ] ] } },
{ "type": "Feature", "properties": { "id": 202886, "left": -45.702723503999998, "top": -12.674512452, "right": -45.70236418, "bottom": -12.674871776, "centroid_x": -45.702544, "centroid_y": -12.674692, "talhao": "PL LOTE 01" }, "geometry": { "type": "MultiPolygon", "coordinates": [ [ [ [ -45.702723504, -12.674512452 ], [ -45.70236418, -12.674512452 ], [ -45.70236418, -12.674871776 ], [ -45.702723504, -12.674871776 ], [ -45.702723504, -12.674512452 ] ] ] ] } },
{ "type": "Feature", "properties": { "id": 202887, "left": -45.702723503999998, "top": -12.674871776, "right": -45.70236418, "bottom": -12.6752311, "centroid_x": -45.702544, "centroid_y": -12.675051, "talhao": "PL LOTE 01" }, "geometry": { "type": "MultiPolygon", "coordinates": [ [ [ [ -45.702723504, -12.674871776 ], [ -45.70236418, -12.674871776 ], [ -45.70236418, -12.6752311 ], [ -45.702723504, -12.6752311 ], [ -45.702723504, -12.674871776 ] ] ] ] } },
{ "type": "Feature", "properties": { "id": 202888, "left": -45.702723503999998, "top": -12.6752311, "right": -45.70236418, "bottom": -12.675590424, "centroid_x": -45.702544, "centroid_y": -12.675411, "talhao": "PL LOTE 01" }, "geometry": { "type": "MultiPolygon", "coordinates": [ [ [ [ -45.702723504, -12.6752311 ], [ -45.70236418, -12.6752311 ], [ -45.70236418, -12.675590424 ], [ -45.702723504, -12.675590424 ], [ -45.702723504, -12.6752311 ] ] ] ] } },
{ "type": "Feature", "properties": { "id": 202889, "left": -45.702723503999998, "top": -12.675590424, "right": -45.70236418, "bottom": -12.675949748000001, "centroid_x": -45.702544, "centroid_y": -12.67577, "talhao": "PL LOTE 01" }, "geometry": { "type": "MultiPolygon", "coordinates": [ [ [ [ -45.702723504, -12.675590424 ], [ -45.70236418, -12.675590424 ], [ -45.70236418, -12.675949748 ], [ -45.702723504, -12.675949748 ], [ -45.702723504, -12.675590424 ] ] ] ] } },
{ "type": "Feature", "properties": { "id": 202890, "left": -45.702723503999998, "top": -12.675949748000001, "right": -45.70236418, "bottom": -12.676309072, "centroid_x": -45.702544, "centroid_y": -12.676129, "talhao": "PL LOTE 01" }, "geometry": { "type": "MultiPolygon", "coordinates": [ [ [ [ -45.702723504, -12.675949748 ], [ -45.70236418, -12.675949748 ], [ -45.70236418, -12.676309072 ], [ -45.702723504, -12.676309072 ], [ -45.702723504, -12.675949748 ] ] ] ] } },
{ "type": "Feature", "properties": { "id": 202891, "left": -45.702723503999998, "top": -12.676309072, "right": -45.70236418, "bottom": -12.676668395999998, "centroid_x": -45.702544, "centroid_y": -12.676489, "talhao": "PL LOTE 01" }, "geometry": { "type": "MultiPolygon", "coordinates": [ [ [ [ -45.702723504, -12.676309072 ], [ -45.70236418, -12.676309072 ], [ -45.70236418, -12.676668396 ], [ -45.702723504, -12.676668396 ], [ -45.702723504, -12.676309072 ] ] ] ] } },
{ "type": "Feature", "properties": { "id": 202892, "left": -45.702723503999998, "top": -12.676668396, "right": -45.70236418, "bottom": -12.67702772, "centroid_x": -45.702583, "centroid_y": -12.676799, "talhao": "PL LOTE 01" }, "geometry": { "type": "MultiPolygon", "coordinates": [ [ [ [ -45.702699356258996, -12.67702772 ], [ -45.702723504, -12.67702772 ], [ -45.702723504, -12.676668396 ], [ -45.70236418, -12.676668396 ], [ -45.70236418, -12.676747060361443 ], [ -45.702699356258996, -12.67702772 ] ] ] ] } },
{ "type": "Feature", "properties": { "id": 202893, "left": -45.702723503999998, "top": -12.67702772, "right": -45.70236418, "bottom": -12.677387044, "centroid_x": -45.702715, "centroid_y": -12.677034, "talhao": "PL LOTE 01" }, "geometry": { "type": "MultiPolygon", "coordinates": [ [ [ [ -45.702723504, -12.677047940096383 ], [ -45.702723504, -12.67702772 ], [ -45.702699356258996, -12.67702772 ], [ -45.702723504, -12.677047940096383 ] ] ] ] } },
{ "type": "Feature", "properties": { "id": 202917, "left": -45.70236418, "top": -12.666607324, "right": -45.702004856000002, "bottom": -12.666966648000001, "centroid_x": -45.702163, "centroid_y": -12.666846, "talhao": "PL LOTE 01" }, "geometry": { "type": "MultiPolygon", "coordinates": [ [ [ [ -45.702004856, -12.666651638013425 ], [ -45.702004856, -12.666966648 ], [ -45.70236418, -12.666966648 ], [ -45.70236418, -12.66681803637584 ], [ -45.702004856, -12.666651638013425 ] ] ] ] } },
{ "type": "Feature", "properties": { "id": 202918, "left": -45.70236418, "top": -12.666966648000001, "right": -45.702004856000002, "bottom": -12.667325972, "centroid_x": -45.702185, "centroid_y": -12.667146, "talhao": "PL LOTE 01" }, "geometry": { "type": "MultiPolygon", "coordinates": [ [ [ [ -45.70236418, -12.666966648 ], [ -45.702004856, -12.666966648 ], [ -45.702004856, -12.667325972 ], [ -45.70236418, -12.667325972 ], [ -45.70236418, -12.666966648 ] ] ] ] } },
{ "type": "Feature", "properties": { "id": 202919, "left": -45.70236418, "top": -12.667325972, "right": -45.702004856000002, "bottom": -12.667685295999998, "centroid_x": -45.702185, "centroid_y": -12.667506, "talhao": "PL LOTE 01" }, "geometry": { "type": "MultiPolygon", "coordinates": [ [ [ [ -45.70236418, -12.667325972 ], [ -45.702004856, -12.667325972 ], [ -45.702004856, -12.667685296 ], [ -45.70236418, -12.667685296 ], [ -45.70236418, -12.667325972 ] ] ] ] } },
{ "type": "Feature", "properties": { "id": 202920, "left": -45.70236418, "top": -12.667685296, "right": -45.702004856000002, "bottom": -12.66804462, "centroid_x": -45.702185, "centroid_y": -12.667865, "talhao": "PL LOTE 01" }, "geometry": { "type": "MultiPolygon", "coordinates": [ [ [ [ -45.70236418, -12.667685296 ], [ -45.702004856, -12.667685296 ], [ -45.702004856, -12.66804462 ], [ -45.70236418, -12.66804462 ], [ -45.70236418, -12.667685296 ] ] ] ] } },
{ "type": "Feature", "properties": { "id": 202921, "left": -45.70236418, "top": -12.66804462, "right": -45.702004856000002, "bottom": -12.668403944, "centroid_x": -45.702185, "centroid_y": -12.668224, "talhao": "PL LOTE 01" }, "geometry": { "type": "MultiPolygon", "coordinates": [ [ [ [ -45.70236418, -12.66804462 ], [ -45.702004856, -12.66804462 ], [ -45.702004856, -12.668403944 ], [ -45.70236418, -12.668403944 ], [ -45.70236418, -12.66804462 ] ] ] ] } },
{ "type": "Feature", "properties": { "id": 202922, "left": -45.70236418, "top": -12.668403944, "right": -45.702004856000002, "bottom": -12.668763268, "centroid_x": -45.702185, "centroid_y": -12.668584, "talhao": "PL LOTE 01" }, "geometry": { "type": "MultiPolygon", "coordinates": [ [ [ [ -45.70236418, -12.668403944 ], [ -45.702004856, -12.668403944 ], [ -45.702004856, -12.668763268 ], [ -45.70236418, -12.668763268 ], [ -45.70236418, -12.668403944 ] ] ] ] } },
{ "type": "Feature", "properties": { "id": 202923, "left": -45.70236418, "top": -12.668763268, "right": -45.702004856000002, "bottom": -12.669122592000001, "centroid_x": -45.702186, "centroid_y": -12.668942, "talhao": "PL LOTE 01" }, "geometry": { "type": "MultiPolygon", "coordinates": [ [ [ [ -45.702015663135732, -12.669122592 ], [ -45.70236418, -12.669122592 ], [ -45.70236418, -12.668763268 ], [ -45.702004856, -12.668763268 ], [ -45.702004856, -12.668972539076918 ], [ -45.702015663135732, -12.669122592 ] ] ] ] } },
{ "type": "Feature", "properties": { "id": 202924, "left": -45.70236418, "top": -12.669122592000001, "right": -45.702004856000002, "bottom": -12.669481916000001, "centroid_x": -45.702195, "centroid_y": -12.669301, "talhao": "PL LOTE 01" }, "geometry": { "type": "MultiPolygon", "coordinates": [ [ [ [ -45.702027, -12.66928 ], [ -45.702028755791304, -12.669481916 ], [ -45.70236418, -12.669481916 ], [ -45.70236418, -12.669122592 ], [ -45.702015663135732, -12.669122592 ], [ -45.702027, -12.66928 ] ] ] ] } },
{ "type": "Feature", "properties": { "id": 202925, "left": -45.70236418, "top": -12.669481916000001, "right": -45.702004856000002, "bottom": -12.66984124, "centroid_x": -45.702196, "centroid_y": -12.669662, "talhao": "PL LOTE 01" }, "geometry": { "type": "MultiPolygon", "coordinates": [ [ [ [ -45.70203, -12.669625 ], [ -45.702020744591437, -12.66984124 ], [ -45.70236418, -12.66984124 ], [ -45.70236418, -12.669481916 ], [ -45.702028755791304, -12.669481916 ], [ -45.70203, -12.669625 ] ] ] ] } },
{ "type": "Feature", "properties": { "id": 202926, "left": -45.70236418, "top": -12.66984124, "right": -45.702004856000002, "bottom": -12.670200564, "centroid_x": -45.702187, "centroid_y": -12.670022, "talhao": "PL LOTE 01" }, "geometry": { "type": "MultiPolygon", "coordinates": [ [ [ [ -45.702019, -12.669882 ], [ -45.702004856, -12.670045539999988 ], [ -45.702004856, -12.670200564 ], [ -45.70236418, -12.670200564 ], [ -45.70236418, -12.66984124 ], [ -45.702020744591437, -12.66984124 ], [ -45.702019, -12.669882 ] ] ] ] } },
{ "type": "Feature", "properties": { "id": 202927, "left": -45.70236418, "top": -12.670200564, "right": -45.702004856000002, "bottom": -12.670559888, "centroid_x": -45.702185, "centroid_y": -12.67038, "talhao": "PL LOTE 01" }, "geometry": { "type": "MultiPolygon", "coordinates": [ [ [ [ -45.70236418, -12.670200564 ], [ -45.702004856, -12.670200564 ], [ -45.702004856, -12.670559888 ], [ -45.70236418, -12.670559888 ], [ -45.70236418, -12.670200564 ] ] ] ] } },
{ "type": "Feature", "properties": { "id": 202928, "left": -45.70236418, "top": -12.670559888, "right": -45.702004856000002, "bottom": -12.670919212, "centroid_x": -45.702185, "centroid_y": -12.67074, "talhao": "PL LOTE 01" }, "geometry": { "type": "MultiPolygon", "coordinates": [ [ [ [ -45.70236418, -12.670559888 ], [ -45.702004856, -12.670559888 ], [ -45.702004856, -12.670919212 ], [ -45.70236418, -12.670919212 ], [ -45.70236418, -12.670559888 ] ] ] ] } },
{ "type": "Feature", "properties": { "id": 202929, "left": -45.70236418, "top": -12.670919212, "right": -45.702004856000002, "bottom": -12.671278536000001, "centroid_x": -45.702185, "centroid_y": -12.671099, "talhao": "PL LOTE 01" }, "geometry": { "type": "MultiPolygon", "coordinates": [ [ [ [ -45.70236418, -12.670919212 ], [ -45.702004856, -12.670919212 ], [ -45.702004856, -12.671278536 ], [ -45.70236418, -12.671278536 ], [ -45.70236418, -12.670919212 ] ] ] ] } },
{ "type": "Feature", "properties": { "id": 202930, "left": -45.70236418, "top": -12.671278536000001, "right": -45.702004856000002, "bottom": -12.67163786, "centroid_x": -45.702185, "centroid_y": -12.671458, "talhao": "PL LOTE 01" }, "geometry": { "type": "MultiPolygon", "coordinates": [ [ [ [ -45.70236418, -12.671278536 ], [ -45.702004856, -12.671278536 ], [ -45.702004856, -12.67163786 ], [ -45.70236418, -12.67163786 ], [ -45.70236418, -12.671278536 ] ] ] ] } },
{ "type": "Feature", "properties": { "id": 202931, "left": -45.70236418, "top": -12.67163786, "right": -45.702004856000002, "bottom": -12.671997184, "centroid_x": -45.702185, "centroid_y": -12.671818, "talhao": "PL LOTE 01" }, "geometry": { "type": "MultiPolygon", "coordinates": [ [ [ [ -45.70236418, -12.67163786 ], [ -45.702004856, -12.67163786 ], [ -45.702004856, -12.671997184 ], [ -45.70236418, -12.671997184 ], [ -45.70236418, -12.67163786 ] ] ] ] } },
{ "type": "Feature", "properties": { "id": 202932, "left": -45.70236418, "top": -12.671997184, "right": -45.702004856000002, "bottom": -12.672356508, "centroid_x": -45.702185, "centroid_y": -12.672177, "talhao": "PL LOTE 01" }, "geometry": { "type": "MultiPolygon", "coordinates": [ [ [ [ -45.70236418, -12.671997184 ], [ -45.702004856, -12.671997184 ], [ -45.702004856, -12.672356508 ], [ -45.70236418, -12.672356508 ], [ -45.70236418, -12.671997184 ] ] ] ] } },
{ "type": "Feature", "properties": { "id": 202933, "left": -45.70236418, "top": -12.672356508, "right": -45.702004856000002, "bottom": -12.672715832, "centroid_x": -45.702185, "centroid_y": -12.672536, "talhao": "PL LOTE 01" }, "geometry": { "type": "MultiPolygon", "coordinates": [ [ [ [ -45.70236418, -12.672356508 ], [ -45.702004856, -12.672356508 ], [ -45.702004856, -12.672715832 ], [ -45.70236418, -12.672715832 ], [ -45.70236418, -12.672356508 ] ] ] ] } },
{ "type": "Feature", "properties": { "id": 202934, "left": -45.70236418, "top": -12.672715832, "right": -45.702004856000002, "bottom": -12.673075156, "centroid_x": -45.702185, "centroid_y": -12.672895, "talhao": "PL LOTE 01" }, "geometry": { "type": "MultiPolygon", "coordinates": [ [ [ [ -45.70236418, -12.672715832 ], [ -45.702004856, -12.672715832 ], [ -45.702004856, -12.673075156 ], [ -45.70236418, -12.673075156 ], [ -45.70236418, -12.672715832 ] ] ] ] } },
{ "type": "Feature", "properties": { "id": 202935, "left": -45.70236418, "top": -12.673075156, "right": -45.702004856000002, "bottom": -12.67343448, "centroid_x": -45.702185, "centroid_y": -12.673255, "talhao": "PL LOTE 01" }, "geometry": { "type": "MultiPolygon", "coordinates": [ [ [ [ -45.70236418, -12.673075156 ], [ -45.702004856, -12.673075156 ], [ -45.702004856, -12.67343448 ], [ -45.70236418, -12.67343448 ], [ -45.70236418, -12.673075156 ] ] ] ] } },
{ "type": "Feature", "properties": { "id": 202936, "left": -45.70236418, "top": -12.67343448, "right": -45.702004856000002, "bottom": -12.673793804000001, "centroid_x": -45.702185, "centroid_y": -12.673614, "talhao": "PL LOTE 01" }, "geometry": { "type": "MultiPolygon", "coordinates": [ [ [ [ -45.70236418, -12.67343448 ], [ -45.702004856, -12.67343448 ], [ -45.702004856, -12.673793804 ], [ -45.70236418, -12.673793804 ], [ -45.70236418, -12.67343448 ] ] ] ] } },
{ "type": "Feature", "properties": { "id": 202937, "left": -45.70236418, "top": -12.673793804000001, "right": -45.702004856000002, "bottom": -12.674153128, "centroid_x": -45.702185, "centroid_y": -12.673973, "talhao": "PL LOTE 01" }, "geometry": { "type": "MultiPolygon", "coordinates": [ [ [ [ -45.70236418, -12.673793804 ], [ -45.702004856, -12.673793804 ], [ -45.702004856, -12.674153128 ], [ -45.70236418, -12.674153128 ], [ -45.70236418, -12.673793804 ] ] ] ] } },
{ "type": "Feature", "properties": { "id": 202938, "left": -45.70236418, "top": -12.674153128, "right": -45.702004856000002, "bottom": -12.674512452, "centroid_x": -45.702185, "centroid_y": -12.674333, "talhao": "PL LOTE 01" }, "geometry": { "type": "MultiPolygon", "coordinates": [ [ [ [ -45.70236418, -12.674153128 ], [ -45.702004856, -12.674153128 ], [ -45.702004856, -12.674512452 ], [ -45.70236418, -12.674512452 ], [ -45.70236418, -12.674153128 ] ] ] ] } },
{ "type": "Feature", "properties": { "id": 202939, "left": -45.70236418, "top": -12.674512452, "right": -45.702004856000002, "bottom": -12.674871776, "centroid_x": -45.702185, "centroid_y": -12.674692, "talhao": "PL LOTE 01" }, "geometry": { "type": "MultiPolygon", "coordinates": [ [ [ [ -45.70236418, -12.674512452 ], [ -45.702004856, -12.674512452 ], [ -45.702004856, -12.674871776 ], [ -45.70236418, -12.674871776 ], [ -45.70236418, -12.674512452 ] ] ] ] } },
{ "type": "Feature", "properties": { "id": 202940, "left": -45.70236418, "top": -12.674871776, "right": -45.702004856000002, "bottom": -12.6752311, "centroid_x": -45.702185, "centroid_y": -12.675051, "talhao": "PL LOTE 01" }, "geometry": { "type": "MultiPolygon", "coordinates": [ [ [ [ -45.70236418, -12.674871776 ], [ -45.702004856, -12.674871776 ], [ -45.702004856, -12.6752311 ], [ -45.70236418, -12.6752311 ], [ -45.70236418, -12.674871776 ] ] ] ] } },
{ "type": "Feature", "properties": { "id": 202941, "left": -45.70236418, "top": -12.6752311, "right": -45.702004856000002, "bottom": -12.675590424, "centroid_x": -45.702185, "centroid_y": -12.675411, "talhao": "PL LOTE 01" }, "geometry": { "type": "MultiPolygon", "coordinates": [ [ [ [ -45.70236418, -12.6752311 ], [ -45.702004856, -12.6752311 ], [ -45.702004856, -12.675590424 ], [ -45.70236418, -12.675590424 ], [ -45.70236418, -12.6752311 ] ] ] ] } },
{ "type": "Feature", "properties": { "id": 202942, "left": -45.70236418, "top": -12.675590424, "right": -45.702004856000002, "bottom": -12.675949748000001, "centroid_x": -45.702185, "centroid_y": -12.67577, "talhao": "PL LOTE 01" }, "geometry": { "type": "MultiPolygon", "coordinates": [ [ [ [ -45.70236418, -12.675590424 ], [ -45.702004856, -12.675590424 ], [ -45.702004856, -12.675949748 ], [ -45.70236418, -12.675949748 ], [ -45.70236418, -12.675590424 ] ] ] ] } },
{ "type": "Feature", "properties": { "id": 202943, "left": -45.70236418, "top": -12.675949748000001, "right": -45.702004856000002, "bottom": -12.676309072, "centroid_x": -45.702185, "centroid_y": -12.676129, "talhao": "PL LOTE 01" }, "geometry": { "type": "MultiPolygon", "coordinates": [ [ [ [ -45.70236418, -12.675949748 ], [ -45.702004856, -12.675949748 ], [ -45.702004856, -12.676309072 ], [ -45.70236418, -12.676309072 ], [ -45.70236418, -12.675949748 ] ] ] ] } },
{ "type": "Feature", "properties": { "id": 202944, "left": -45.70236418, "top": -12.676309072, "right": -45.702004856000002, "bottom": -12.676668395999998, "centroid_x": -45.702212, "centroid_y": -12.676457, "talhao": "PL LOTE 01" }, "geometry": { "type": "MultiPolygon", "coordinates": [ [ [ [ -45.702270235510788, -12.676668396 ], [ -45.70236418, -12.676668396 ], [ -45.70236418, -12.676309072 ], [ -45.702004856, -12.676309072 ], [ -45.702004856, -12.676446180626508 ], [ -45.702270235510788, -12.676668396 ] ] ] ] } },
{ "type": "Feature", "properties": { "id": 202945, "left": -45.70236418, "top": -12.676668396, "right": -45.702004856000002, "bottom": -12.67702772, "centroid_x": -45.702333, "centroid_y": -12.676695, "talhao": "PL LOTE 01" }, "geometry": { "type": "MultiPolygon", "coordinates": [ [ [ [ -45.70236418, -12.676747060361448 ], [ -45.70236418, -12.676668396 ], [ -45.702270235510795, -12.676668396 ], [ -45.70236418, -12.676747060361448 ] ] ] ] } },
{ "type": "Feature", "properties": { "id": 202969, "left": -45.702004856000002, "top": -12.666248, "right": -45.701645532000001, "bottom": -12.666607324, "centroid_x": -45.701737, "centroid_y": -12.666555, "talhao": "PL LOTE 01" }, "geometry": { "type": "MultiPolygon", "coordinates": [ [ [ [ -45.701809, -12.666545 ], [ -45.701645532, -12.666449643666667 ], [ -45.701645532, -12.666607324 ], [ -45.70192275642718, -12.666607324 ], [ -45.701809, -12.666545 ] ] ] ] } },
{ "type": "Feature", "properties": { "id": 202970, "left": -45.702004856000002, "top": -12.666607324, "right": -45.701645532000001, "bottom": -12.666966648000001, "centroid_x": -45.701823, "centroid_y": -12.666789, "talhao": "PL LOTE 01" }, "geometry": { "type": "MultiPolygon", "coordinates": [ [ [ [ -45.701997, -12.666648 ], [ -45.70192275642718, -12.666607324 ], [ -45.701645532, -12.666607324 ], [ -45.701645532, -12.666966648 ], [ -45.702004856, -12.666966648 ], [ -45.702004856, -12.666651638013425 ], [ -45.701997, -12.666648 ] ] ] ] } },
{ "type": "Feature", "properties": { "id": 202971, "left": -45.702004856000002, "top": -12.666966648000001, "right": -45.701645532000001, "bottom": -12.667325972, "centroid_x": -45.701825, "centroid_y": -12.667146, "talhao": "PL LOTE 01" }, "geometry": { "type": "MultiPolygon", "coordinates": [ [ [ [ -45.702004856, -12.666966648 ], [ -45.701645532, -12.666966648 ], [ -45.701645532, -12.667325972 ], [ -45.702004856, -12.667325972 ], [ -45.702004856, -12.666966648 ] ] ] ] } },
{ "type": "Feature", "properties": { "id": 202972, "left": -45.702004856000002, "top": -12.667325972, "right": -45.701645532000001, "bottom": -12.667685295999998, "centroid_x": -45.701846, "centroid_y": -12.667494, "talhao": "PL LOTE 01" }, "geometry": { "type": "MultiPolygon", "coordinates": [ [ [ [ -45.701692, -12.667506 ], [ -45.701750899169085, -12.667685296 ], [ -45.702004856, -12.667685296 ], [ -45.702004856, -12.667325972 ], [ -45.701645532, -12.667325972 ], [ -45.701645532, -12.667382463121951 ], [ -45.701692, -12.667506 ] ] ] ] } },
{ "type": "Feature", "properties": { "id": 202973, "left": -45.702004856000002, "top": -12.667685296, "right": -45.701645532000001, "bottom": -12.66804462, "centroid_x": -45.701901, "centroid_y": -12.667851, "talhao": "PL LOTE 01" }, "geometry": { "type": "MultiPolygon", "coordinates": [ [ [ [ -45.70176, -12.667713 ], [ -45.701826, -12.667951 ], [ -45.701847392285011, -12.66804462 ], [ -45.702004856, -12.66804462 ], [ -45.702004856, -12.667685296 ], [ -45.701750899169085, -12.667685296 ], [ -45.70176, -12.667713 ] ] ] ] } },
{ "type": "Feature", "properties": { "id": 202974, "left": -45.702004856000002, "top": -12.66804462, "right": -45.701645532000001, "bottom": -12.668403944, "centroid_x": -45.701944, "centroid_y": -12.668203, "talhao": "PL LOTE 01" }, "geometry": { "type": "MultiPolygon", "coordinates": [ [ [ [ -45.701919, -12.668358 ], [ -45.701926765183096, -12.668403944 ], [ -45.702004856, -12.668403944 ], [ -45.702004856, -12.66804462 ], [ -45.701847392285011, -12.66804462 ], [ -45.701919, -12.668358 ] ] ] ] } },
{ "type": "Feature", "properties": { "id": 202975, "left": -45.702004856000002, "top": -12.668403944, "right": -45.701645532000001, "bottom": -12.668763268, "centroid_x": -45.701978, "centroid_y": -12.668549, "talhao": "PL LOTE 01" }, "geometry": { "type": "MultiPolygon", "coordinates": [ [ [ [ -45.701967, -12.668642 ], [ -45.701981884880873, -12.668763268 ], [ -45.702004856, -12.668763268 ], [ -45.702004856, -12.668403944 ], [ -45.701926765183096, -12.668403944 ], [ -45.701967, -12.668642 ] ] ] ] } },
{ "type": "Feature", "properties": { "id": 202976, "left": -45.702004856000002, "top": -12.668763268, "right": -45.701645532000001, "bottom": -12.669122592000001, "centroid_x": -45.701997, "centroid_y": -12.668828, "talhao": "PL LOTE 01" }, "geometry": { "type": "MultiPolygon", "coordinates": [ [ [ [ -45.702001, -12.668919 ], [ -45.702004856, -12.668972539076918 ], [ -45.702004856, -12.668763268 ], [ -45.701981884880873, -12.668763268 ], [ -45.702001, -12.668919 ] ] ] ] } },
{ "type": "Feature", "properties": { "id": 202979, "left": -45.702004856000002, "top": -12.66984124, "right": -45.701645532000001, "bottom": -12.670200564, "centroid_x": -45.702, "centroid_y": -12.670149, "talhao": "PL LOTE 01" }, "geometry": { "type": "MultiPolygon", "coordinates": [ [ [ [ -45.701991448518918, -12.670200564 ], [ -45.702004856, -12.670200564 ], [ -45.702004856, -12.670045539999988 ], [ -45.701991448518918, -12.670200564 ] ] ] ] } },
{ "type": "Feature", "properties": { "id": 202980, "left": -45.702004856000002, "top": -12.670200564, "right": -45.701645532000001, "bottom": -12.670559888, "centroid_x": -45.701983, "centroid_y": -12.670424, "talhao": "PL LOTE 01" }, "geometry": { "type": "MultiPolygon", "coordinates": [ [ [ [ -45.701987, -12.670252 ], [ -45.701971, -12.670374 ], [ -45.701939737018186, -12.670559888 ], [ -45.702004856, -12.670559888 ], [ -45.702004856, -12.670200564 ], [ -45.701991448518918, -12.670200564 ], [ -45.701987, -12.670252 ] ] ] ] } },
{ "type": "Feature", "properties": { "id": 202981, "left": -45.702004856000002, "top": -12.670559888, "right": -45.701645532000001, "bottom": -12.670919212, "centroid_x": -45.701955, "centroid_y": -12.67076, "talhao": "PL LOTE 01" }, "geometry": { "type": "MultiPolygon", "coordinates": [ [ [ [ -45.701897, -12.670814 ], [ -45.701871761283236, -12.670919212 ], [ -45.702004856, -12.670919212 ], [ -45.702004856, -12.670559888 ], [ -45.701939737018186, -12.670559888 ], [ -45.701897, -12.670814 ] ] ] ] } },
{ "type": "Feature", "properties": { "id": 202982, "left": -45.702004856000002, "top": -12.670919212, "right": -45.701645532000001, "bottom": -12.671278536000001, "centroid_x": -45.701914, "centroid_y": -12.671114, "talhao": "PL LOTE 01" }, "geometry": { "type": "MultiPolygon", "coordinates": [ [ [ [ -45.701814, -12.67116 ], [ -45.701780482924143, -12.671278536 ], [ -45.702004856, -12.671278536 ], [ -45.702004856, -12.670919212 ], [ -45.701871761283236, -12.670919212 ], [ -45.701814, -12.67116 ] ] ] ] } },
{ "type": "Feature", "properties": { "id": 202983, "left": -45.702004856000002, "top": -12.671278536000001, "right": -45.701645532000001, "bottom": -12.67163786, "centroid_x": -45.701862, "centroid_y": -12.671471, "talhao": "PL LOTE 01" }, "geometry": { "type": "MultiPolygon", "coordinates": [ [ [ [ -45.701773, -12.671305 ], [ -45.701665, -12.671634 ], [ -45.70166352295918, -12.67163786 ], [ -45.702004856, -12.67163786 ], [ -45.702004856, -12.671278536 ], [ -45.701780482924143, -12.671278536 ], [ -45.701773, -12.671305 ] ] ] ] } },
{ "type": "Feature", "properties": { "id": 202984, "left": -45.702004856000002, "top": -12.67163786, "right": -45.701645532000001, "bottom": -12.671997184, "centroid_x": -45.701826, "centroid_y": -12.671818, "talhao": "PL LOTE 01" }, "geometry": { "type": "MultiPolygon", "coordinates": [ [ [ [ -45.701645532, -12.67168487637333 ], [ -45.701645532, -12.671997184 ], [ -45.702004856, -12.671997184 ], [ -45.702004856, -12.67163786 ], [ -45.70166352295918, -12.67163786 ], [ -45.701645532, -12.67168487637333 ] ] ] ] } },
{ "type": "Feature", "properties": { "id": 202985, "left": -45.702004856000002, "top": -12.671997184, "right": -45.701645532000001, "bottom": -12.672356508, "centroid_x": -45.701825, "centroid_y": -12.672177, "talhao": "PL LOTE 01" }, "geometry": { "type": "MultiPolygon", "coordinates": [ [ [ [ -45.702004856, -12.671997184 ], [ -45.701645532, -12.671997184 ], [ -45.701645532, -12.672356508 ], [ -45.702004856, -12.672356508 ], [ -45.702004856, -12.671997184 ] ] ] ] } },
{ "type": "Feature", "properties": { "id": 202986, "left": -45.702004856000002, "top": -12.672356508, "right": -45.701645532000001, "bottom": -12.672715832, "centroid_x": -45.701825, "centroid_y": -12.672536, "talhao": "PL LOTE 01" }, "geometry": { "type": "MultiPolygon", "coordinates": [ [ [ [ -45.702004856, -12.672356508 ], [ -45.701645532, -12.672356508 ], [ -45.701645532, -12.672715832 ], [ -45.702004856, -12.672715832 ], [ -45.702004856, -12.672356508 ] ] ] ] } },
{ "type": "Feature", "properties": { "id": 202987, "left": -45.702004856000002, "top": -12.672715832, "right": -45.701645532000001, "bottom": -12.673075156, "centroid_x": -45.701825, "centroid_y": -12.672895, "talhao": "PL LOTE 01" }, "geometry": { "type": "MultiPolygon", "coordinates": [ [ [ [ -45.702004856, -12.672715832 ], [ -45.701645532, -12.672715832 ], [ -45.701645532, -12.673075156 ], [ -45.702004856, -12.673075156 ], [ -45.702004856, -12.672715832 ] ] ] ] } },
{ "type": "Feature", "properties": { "id": 202988, "left": -45.702004856000002, "top": -12.673075156, "right": -45.701645532000001, "bottom": -12.67343448, "centroid_x": -45.701825, "centroid_y": -12.673255, "talhao": "PL LOTE 01" }, "geometry": { "type": "MultiPolygon", "coordinates": [ [ [ [ -45.702004856, -12.673075156 ], [ -45.701645532, -12.673075156 ], [ -45.701645532, -12.67343448 ], [ -45.702004856, -12.67343448 ], [ -45.702004856, -12.673075156 ] ] ] ] } },
{ "type": "Feature", "properties": { "id": 202989, "left": -45.702004856000002, "top": -12.67343448, "right": -45.701645532000001, "bottom": -12.673793804000001, "centroid_x": -45.701825, "centroid_y": -12.673614, "talhao": "PL LOTE 01" }, "geometry": { "type": "MultiPolygon", "coordinates": [ [ [ [ -45.702004856, -12.67343448 ], [ -45.701645532, -12.67343448 ], [ -45.701645532, -12.673793804 ], [ -45.702004856, -12.673793804 ], [ -45.702004856, -12.67343448 ] ] ] ] } },
{ "type": "Feature", "properties": { "id": 202990, "left": -45.702004856000002, "top": -12.673793804000001, "right": -45.701645532000001, "bottom": -12.674153128, "centroid_x": -45.701825, "centroid_y": -12.673973, "talhao": "PL LOTE 01" }, "geometry": { "type": "MultiPolygon", "coordinates": [ [ [ [ -45.702004856, -12.673793804 ], [ -45.701645532, -12.673793804 ], [ -45.701645532, -12.674153128 ], [ -45.702004856, -12.674153128 ], [ -45.702004856, -12.673793804 ] ] ] ] } },
{ "type": "Feature", "properties": { "id": 202991, "left": -45.702004856000002, "top": -12.674153128, "right": -45.701645532000001, "bottom": -12.674512452, "centroid_x": -45.701825, "centroid_y": -12.674333, "talhao": "PL LOTE 01" }, "geometry": { "type": "MultiPolygon", "coordinates": [ [ [ [ -45.702004856, -12.674153128 ], [ -45.701645532, -12.674153128 ], [ -45.701645532, -12.674512452 ], [ -45.702004856, -12.674512452 ], [ -45.702004856, -12.674153128 ] ] ] ] } },
{ "type": "Feature", "properties": { "id": 202992, "left": -45.702004856000002, "top": -12.674512452, "right": -45.701645532000001, "bottom": -12.674871776, "centroid_x": -45.701825, "centroid_y": -12.674692, "talhao": "PL LOTE 01" }, "geometry": { "type": "MultiPolygon", "coordinates": [ [ [ [ -45.702004856, -12.674512452 ], [ -45.701645532, -12.674512452 ], [ -45.701645532, -12.674871776 ], [ -45.702004856, -12.674871776 ], [ -45.702004856, -12.674512452 ] ] ] ] } },
{ "type": "Feature", "properties": { "id": 202993, "left": -45.702004856000002, "top": -12.674871776, "right": -45.701645532000001, "bottom": -12.6752311, "centroid_x": -45.701825, "centroid_y": -12.675051, "talhao": "PL LOTE 01" }, "geometry": { "type": "MultiPolygon", "coordinates": [ [ [ [ -45.702004856, -12.674871776 ], [ -45.701645532, -12.674871776 ], [ -45.701645532, -12.6752311 ], [ -45.702004856, -12.6752311 ], [ -45.702004856, -12.674871776 ] ] ] ] } },
{ "type": "Feature", "properties": { "id": 202994, "left": -45.702004856000002, "top": -12.6752311, "right": -45.701645532000001, "bottom": -12.675590424, "centroid_x": -45.701825, "centroid_y": -12.675411, "talhao": "PL LOTE 01" }, "geometry": { "type": "MultiPolygon", "coordinates": [ [ [ [ -45.702004856, -12.6752311 ], [ -45.701645532, -12.6752311 ], [ -45.701645532, -12.675590424 ], [ -45.702004856, -12.675590424 ], [ -45.702004856, -12.6752311 ] ] ] ] } },
{ "type": "Feature", "properties": { "id": 202995, "left": -45.702004856000002, "top": -12.675590424, "right": -45.701645532000001, "bottom": -12.675949748000001, "centroid_x": -45.701825, "centroid_y": -12.67577, "talhao": "PL LOTE 01" }, "geometry": { "type": "MultiPolygon", "coordinates": [ [ [ [ -45.702004856, -12.675590424 ], [ -45.701645532, -12.675590424 ], [ -45.701645532, -12.675949748 ], [ -45.702004856, -12.675949748 ], [ -45.702004856, -12.675590424 ] ] ] ] } },
{ "type": "Feature", "properties": { "id": 202996, "left": -45.702004856000002, "top": -12.675949748000001, "right": -45.701645532000001, "bottom": -12.676309072, "centroid_x": -45.701841, "centroid_y": -12.676112, "talhao": "PL LOTE 01" }, "geometry": { "type": "MultiPolygon", "coordinates": [ [ [ [ -45.701841114762587, -12.676309072 ], [ -45.702004856, -12.676309072 ], [ -45.702004856, -12.675949748 ], [ -45.701645532, -12.675949748 ], [ -45.701645532, -12.676145300891566 ], [ -45.701841114762587, -12.676309072 ] ] ] ] } },
{ "type": "Feature", "properties": { "id": 202997, "left": -45.702004856000002, "top": -12.676309072, "right": -45.701645532000001, "bottom": -12.676668395999998, "centroid_x": -45.70195, "centroid_y": -12.676355, "talhao": "PL LOTE 01" }, "geometry": { "type": "MultiPolygon", "coordinates": [ [ [ [ -45.702004856, -12.676446180626508 ], [ -45.702004856, -12.676309072 ], [ -45.701841114762587, -12.676309072 ], [ -45.702004856, -12.676446180626508 ] ] ] ] } },
{ "type": "Feature", "properties": { "id": 203022, "left": -45.701645532000001, "top": -12.666248, "right": -45.701286208, "bottom": -12.666607324, "centroid_x": -45.701442, "centroid_y": -12.666467, "talhao": "PL LOTE 01" }, "geometry": { "type": "MultiPolygon", "coordinates": [ [ [ [ -45.701299545577982, -12.666607324 ], [ -45.701645532, -12.666607324 ], [ -45.701645532, -12.666449643666667 ], [ -45.701497, -12.666363 ], [ -45.701336, -12.666259 ], [ -45.701294, -12.666248 ], [ -45.701286208, -12.666250226285714 ], [ -45.701286208, -12.666581818807012 ], [ -45.701299545577982, -12.666607324 ] ] ] ] } },
{ "type": "Feature", "properties": { "id": 203023, "left": -45.701645532000001, "top": -12.666607324, "right": -45.701286208, "bottom": -12.666966648000001, "centroid_x": -45.701513, "centroid_y": -12.666766, "talhao": "PL LOTE 01" }, "geometry": { "type": "MultiPolygon", "coordinates": [ [ [ [ -45.701382, -12.666765 ], [ -45.701448, -12.666901 ], [ -45.701476573410069, -12.666966648 ], [ -45.701645532, -12.666966648 ], [ -45.701645532, -12.666607324 ], [ -45.701299545577982, -12.666607324 ], [ -45.701382, -12.666765 ] ] ] ] } },
{ "type": "Feature", "properties": { "id": 203024, "left": -45.701645532000001, "top": -12.666966648000001, "right": -45.701286208, "bottom": -12.667325972, "centroid_x": -45.701589, "centroid_y": -12.667098, "talhao": "PL LOTE 01" }, "geometry": { "type": "MultiPolygon", "coordinates": [ [ [ [ -45.701569, -12.667179 ], [ -45.701624283045874, -12.667325972 ], [ -45.701645532, -12.667325972 ], [ -45.701645532, -12.666966648 ], [ -45.701476573410069, -12.666966648 ], [ -45.701569, -12.667179 ] ] ] ] } },
{ "type": "Feature", "properties": { "id": 203025, "left": -45.701645532000001, "top": -12.667325972, "right": -45.701286208, "bottom": -12.667685295999998, "centroid_x": -45.701638, "centroid_y": -12.667345, "talhao": "PL LOTE 01" }, "geometry": { "type": "MultiPolygon", "coordinates": [ [ [ [ -45.701645532, -12.667382463121951 ], [ -45.701645532, -12.667325972 ], [ -45.701624283045874, -12.667325972 ], [ -45.701645532, -12.667382463121951 ] ] ] ] } },
{ "type": "Feature", "properties": { "id": 203037, "left": -45.701645532000001, "top": -12.67163786, "right": -45.701286208, "bottom": -12.671997184, "centroid_x": -45.701604, "centroid_y": -12.671895, "talhao": "PL LOTE 01" }, "geometry": { "type": "MultiPolygon", "coordinates": [ [ [ [ -45.70159, -12.67183 ], [ -45.701518018, -12.671997184 ], [ -45.701645532, -12.671997184 ], [ -45.701645532, -12.67168487637333 ], [ -45.70159, -12.67183 ] ] ] ] } },
{ "type": "Feature", "properties": { "id": 203038, "left": -45.701645532000001, "top": -12.671997184, "right": -45.701286208, "bottom": -12.672356508, "centroid_x": -45.701536, "centroid_y": -12.672201, "talhao": "PL LOTE 01" }, "geometry": { "type": "MultiPolygon", "coordinates": [ [ [ [ -45.701435, -12.67219 ], [ -45.701349931748183, -12.672356508 ], [ -45.701645532, -12.672356508 ], [ -45.701645532, -12.671997184 ], [ -45.701518018, -12.671997184 ], [ -45.701435, -12.67219 ] ] ] ] } },
{ "type": "Feature", "properties": { "id": 203039, "left": -45.701645532000001, "top": -12.672356508, "right": -45.701286208, "bottom": -12.672715832, "centroid_x": -45.701471, "centroid_y": -12.672541, "talhao": "PL LOTE 01" }, "geometry": { "type": "MultiPolygon", "coordinates": [ [ [ [ -45.701286208, -12.672481237421806 ], [ -45.701286208, -12.672715832 ], [ -45.701645532, -12.672715832 ], [ -45.701645532, -12.672356508 ], [ -45.701349931748183, -12.672356508 ], [ -45.701286208, -12.672481237421806 ] ] ] ] } },
{ "type": "Feature", "properties": { "id": 203040, "left": -45.701645532000001, "top": -12.672715832, "right": -45.701286208, "bottom": -12.673075156, "centroid_x": -45.701466, "centroid_y": -12.672895, "talhao": "PL LOTE 01" }, "geometry": { "type": "MultiPolygon", "coordinates": [ [ [ [ -45.701645532, -12.672715832 ], [ -45.701286208, -12.672715832 ], [ -45.701286208, -12.673075156 ], [ -45.701645532, -12.673075156 ], [ -45.701645532, -12.672715832 ] ] ] ] } },
{ "type": "Feature", "properties": { "id": 203041, "left": -45.701645532000001, "top": -12.673075156, "right": -45.701286208, "bottom": -12.67343448, "centroid_x": -45.701466, "centroid_y": -12.673255, "talhao": "PL LOTE 01" }, "geometry": { "type": "MultiPolygon", "coordinates": [ [ [ [ -45.701645532, -12.673075156 ], [ -45.701286208, -12.673075156 ], [ -45.701286208, -12.67343448 ], [ -45.701645532, -12.67343448 ], [ -45.701645532, -12.673075156 ] ] ] ] } },
{ "type": "Feature", "properties": { "id": 203042, "left": -45.701645532000001, "top": -12.67343448, "right": -45.701286208, "bottom": -12.673793804000001, "centroid_x": -45.701466, "centroid_y": -12.673614, "talhao": "PL LOTE 01" }, "geometry": { "type": "MultiPolygon", "coordinates": [ [ [ [ -45.701645532, -12.67343448 ], [ -45.701286208, -12.67343448 ], [ -45.701286208, -12.673793804 ], [ -45.701645532, -12.673793804 ], [ -45.701645532, -12.67343448 ] ] ] ] } },
{ "type": "Feature", "properties": { "id": 203043, "left": -45.701645532000001, "top": -12.673793804000001, "right": -45.701286208, "bottom": -12.674153128, "centroid_x": -45.701466, "centroid_y": -12.673973, "talhao": "PL LOTE 01" }, "geometry": { "type": "MultiPolygon", "coordinates": [ [ [ [ -45.701645532, -12.673793804 ], [ -45.701286208, -12.673793804 ], [ -45.701286208, -12.674153128 ], [ -45.701645532, -12.674153128 ], [ -45.701645532, -12.673793804 ] ] ] ] } },
{ "type": "Feature", "properties": { "id": 203044, "left": -45.701645532000001, "top": -12.674153128, "right": -45.701286208, "bottom": -12.674512452, "centroid_x": -45.701466, "centroid_y": -12.674333, "talhao": "PL LOTE 01" }, "geometry": { "type": "MultiPolygon", "coordinates": [ [ [ [ -45.701645532, -12.674153128 ], [ -45.701286208, -12.674153128 ], [ -45.701286208, -12.674512452 ], [ -45.701645532, -12.674512452 ], [ -45.701645532, -12.674153128 ] ] ] ] } },
{ "type": "Feature", "properties": { "id": 203045, "left": -45.701645532000001, "top": -12.674512452, "right": -45.701286208, "bottom": -12.674871776, "centroid_x": -45.701466, "centroid_y": -12.674692, "talhao": "PL LOTE 01" }, "geometry": { "type": "MultiPolygon", "coordinates": [ [ [ [ -45.701645532, -12.674512452 ], [ -45.701286208, -12.674512452 ], [ -45.701286208, -12.674871776 ], [ -45.701645532, -12.674871776 ], [ -45.701645532, -12.674512452 ] ] ] ] } },
{ "type": "Feature", "properties": { "id": 203046, "left": -45.701645532000001, "top": -12.674871776, "right": -45.701286208, "bottom": -12.6752311, "centroid_x": -45.701466, "centroid_y": -12.675051, "talhao": "PL LOTE 01" }, "geometry": { "type": "MultiPolygon", "coordinates": [ [ [ [ -45.701645532, -12.674871776 ], [ -45.701286208, -12.674871776 ], [ -45.701286208, -12.6752311 ], [ -45.701645532, -12.6752311 ], [ -45.701645532, -12.674871776 ] ] ] ] } },
{ "type": "Feature", "properties": { "id": 203047, "left": -45.701645532000001, "top": -12.6752311, "right": -45.701286208, "bottom": -12.675590424, "centroid_x": -45.701466, "centroid_y": -12.675411, "talhao": "PL LOTE 01" }, "geometry": { "type": "MultiPolygon", "coordinates": [ [ [ [ -45.701645532, -12.6752311 ], [ -45.701286208, -12.6752311 ], [ -45.701286208, -12.675590424 ], [ -45.701645532, -12.675590424 ], [ -45.701645532, -12.6752311 ] ] ] ] } },
{ "type": "Feature", "properties": { "id": 203048, "left": -45.701645532000001, "top": -12.675590424, "right": -45.701286208, "bottom": -12.675949748000001, "centroid_x": -45.701473, "centroid_y": -12.675762, "talhao": "PL LOTE 01" }, "geometry": { "type": "MultiPolygon", "coordinates": [ [ [ [ -45.701411994014386, -12.675949748 ], [ -45.701645532, -12.675949748 ], [ -45.701645532, -12.675590424 ], [ -45.701286208, -12.675590424 ], [ -45.701286208, -12.675844421156626 ], [ -45.701411994014386, -12.675949748 ] ] ] ] } },
{ "type": "Feature", "properties": { "id": 203049, "left": -45.701645532000001, "top": -12.675949748000001, "right": -45.701286208, "bottom": -12.676309072, "centroid_x": -45.701568, "centroid_y": -12.676015, "talhao": "PL LOTE 01" }, "geometry": { "type": "MultiPolygon", "coordinates": [ [ [ [ -45.701645532, -12.676145300891566 ], [ -45.701645532, -12.675949748 ], [ -45.701411994014386, -12.675949748 ], [ -45.701645532, -12.676145300891566 ] ] ] ] } },
{ "type": "Feature", "properties": { "id": 203075, "left": -45.701286208, "top": -12.666248, "right": -45.700926883999998, "bottom": -12.666607324, "centroid_x": -45.701251, "centroid_y": -12.666396, "talhao": "PL LOTE 01" }, "geometry": { "type": "MultiPolygon", "coordinates": [ [ [ [ -45.701201, -12.666339 ], [ -45.701191, -12.666356 ], [ -45.701188, -12.666372 ], [ -45.701193, -12.666393 ], [ -45.701211, -12.666438 ], [ -45.701286208, -12.666581818807012 ], [ -45.701286208, -12.666250226285714 ], [ -45.701273, -12.666254 ], [ -45.701239, -12.666281 ], [ -45.701217, -12.666306 ], [ -45.701241, -12.666298 ], [ -45.701201, -12.666339 ] ] ] ] } },
{ "type": "Feature", "properties": { "id": 203092, "left": -45.701286208, "top": -12.672356508, "right": -45.700926883999998, "bottom": -12.672715832, "centroid_x": -45.701244, "centroid_y": -12.672639, "talhao": "PL LOTE 01" }, "geometry": { "type": "MultiPolygon", "coordinates": [ [ [ [ -45.701224, -12.672603 ], [ -45.701158462850302, -12.672715832 ], [ -45.701286208, -12.672715832 ], [ -45.701286208, -12.672481237421806 ], [ -45.701224, -12.672603 ] ] ] ] } },
{ "type": "Feature", "properties": { "id": 203093, "left": -45.701286208, "top": -12.672715832, "right": -45.700926883999998, "bottom": -12.673075156, "centroid_x": -45.701156, "centroid_y": -12.672924, "talhao": "PL LOTE 01" }, "geometry": { "type": "MultiPolygon", "coordinates": [ [ [ [ -45.701127, -12.67277 ], [ -45.700928745783443, -12.673075156 ], [ -45.701286208, -12.673075156 ], [ -45.701286208, -12.672715832 ], [ -45.701158462850302, -12.672715832 ], [ -45.701127, -12.67277 ] ] ] ] } },
{ "type": "Feature", "properties": { "id": 203094, "left": -45.701286208, "top": -12.673075156, "right": -45.700926883999998, "bottom": -12.67343448, "centroid_x": -45.701107, "centroid_y": -12.673255, "talhao": "PL LOTE 01" }, "geometry": { "type": "MultiPolygon", "coordinates": [ [ [ [ -45.700926884, -12.673078021686282 ], [ -45.700926884, -12.67343448 ], [ -45.701286208, -12.67343448 ], [ -45.701286208, -12.673075156 ], [ -45.700928745783443, -12.673075156 ], [ -45.700926884, -12.673078021686282 ] ] ] ] } },
{ "type": "Feature", "properties": { "id": 203095, "left": -45.701286208, "top": -12.67343448, "right": -45.700926883999998, "bottom": -12.673793804000001, "centroid_x": -45.701107, "centroid_y": -12.673614, "talhao": "PL LOTE 01" }, "geometry": { "type": "MultiPolygon", "coordinates": [ [ [ [ -45.701286208, -12.67343448 ], [ -45.700926884, -12.67343448 ], [ -45.700926884, -12.673793804 ], [ -45.701286208, -12.673793804 ], [ -45.701286208, -12.67343448 ] ] ] ] } },
{ "type": "Feature", "properties": { "id": 203096, "left": -45.701286208, "top": -12.673793804000001, "right": -45.700926883999998, "bottom": -12.674153128, "centroid_x": -45.701107, "centroid_y": -12.673973, "talhao": "PL LOTE 01" }, "geometry": { "type": "MultiPolygon", "coordinates": [ [ [ [ -45.701286208, -12.673793804 ], [ -45.700926884, -12.673793804 ], [ -45.700926884, -12.674153128 ], [ -45.701286208, -12.674153128 ], [ -45.701286208, -12.673793804 ] ] ] ] } },
{ "type": "Feature", "properties": { "id": 203097, "left": -45.701286208, "top": -12.674153128, "right": -45.700926883999998, "bottom": -12.674512452, "centroid_x": -45.701107, "centroid_y": -12.674333, "talhao": "PL LOTE 01" }, "geometry": { "type": "MultiPolygon", "coordinates": [ [ [ [ -45.701286208, -12.674153128 ], [ -45.700926884, -12.674153128 ], [ -45.700926884, -12.674512452 ], [ -45.701286208, -12.674512452 ], [ -45.701286208, -12.674153128 ] ] ] ] } },
{ "type": "Feature", "properties": { "id": 203098, "left": -45.701286208, "top": -12.674512452, "right": -45.700926883999998, "bottom": -12.674871776, "centroid_x": -45.701107, "centroid_y": -12.674692, "talhao": "PL LOTE 01" }, "geometry": { "type": "MultiPolygon", "coordinates": [ [ [ [ -45.701286208, -12.674512452 ], [ -45.700926884, -12.674512452 ], [ -45.700926884, -12.674871776 ], [ -45.701286208, -12.674871776 ], [ -45.701286208, -12.674512452 ] ] ] ] } },
{ "type": "Feature", "properties": { "id": 203099, "left": -45.701286208, "top": -12.674871776, "right": -45.700926883999998, "bottom": -12.6752311, "centroid_x": -45.701107, "centroid_y": -12.675051, "talhao": "PL LOTE 01" }, "geometry": { "type": "MultiPolygon", "coordinates": [ [ [ [ -45.701286208, -12.674871776 ], [ -45.700926884, -12.674871776 ], [ -45.700926884, -12.6752311 ], [ -45.701286208, -12.6752311 ], [ -45.701286208, -12.674871776 ] ] ] ] } },
{ "type": "Feature", "properties": { "id": 203100, "left": -45.701286208, "top": -12.6752311, "right": -45.700926883999998, "bottom": -12.675590424, "centroid_x": -45.701108, "centroid_y": -12.675409, "talhao": "PL LOTE 01" }, "geometry": { "type": "MultiPolygon", "coordinates": [ [ [ [ -45.700982873266184, -12.675590424 ], [ -45.701286208, -12.675590424 ], [ -45.701286208, -12.6752311 ], [ -45.700926884, -12.6752311 ], [ -45.700926884, -12.675543541421685 ], [ -45.700982873266184, -12.675590424 ] ] ] ] } },
{ "type": "Feature", "properties": { "id": 203101, "left": -45.701286208, "top": -12.675590424, "right": -45.700926883999998, "bottom": -12.675949748000001, "centroid_x": -45.701185, "centroid_y": -12.675675, "talhao": "PL LOTE 01" }, "geometry": { "type": "MultiPolygon", "coordinates": [ [ [ [ -45.701286208, -12.675844421156626 ], [ -45.701286208, -12.675590424 ], [ -45.700982873266184, -12.675590424 ], [ -45.701286208, -12.675844421156626 ] ] ] ] } },
{ "type": "Feature", "properties": { "id": 203147, "left": -45.700926883999998, "top": -12.673075156, "right": -45.70056756, "bottom": -12.67343448, "centroid_x": -45.700839, "centroid_y": -12.673316, "talhao": "PL LOTE 01" }, "geometry": { "type": "MultiPolygon", "coordinates": [ [ [ [ -45.700923, -12.673084 ], [ -45.700702, -12.673384 ], [ -45.700660217567567, -12.67343448 ], [ -45.700926884, -12.67343448 ], [ -45.700926884, -12.673078021686282 ], [ -45.700923, -12.673084 ] ] ] ] } },
{ "type": "Feature", "properties": { "id": 203148, "left": -45.700926883999998, "top": -12.67343448, "right": -45.70056756, "bottom": -12.673793804000001, "centroid_x": -45.700753, "centroid_y": -12.67362, "talhao": "PL LOTE 01" }, "geometry": { "type": "MultiPolygon", "coordinates": [ [ [ [ -45.70056756, -12.673546425469391 ], [ -45.70056756, -12.673793804 ], [ -45.700926884, -12.673793804 ], [ -45.700926884, -12.67343448 ], [ -45.700660217567567, -12.67343448 ], [ -45.70056756, -12.673546425469391 ] ] ] ] } },
{ "type": "Feature", "properties": { "id": 203149, "left": -45.700926883999998, "top": -12.673793804000001, "right": -45.70056756, "bottom": -12.674153128, "centroid_x": -45.700747, "centroid_y": -12.673973, "talhao": "PL LOTE 01" }, "geometry": { "type": "MultiPolygon", "coordinates": [ [ [ [ -45.700926884, -12.673793804 ], [ -45.70056756, -12.673793804 ], [ -45.70056756, -12.674153128 ], [ -45.700926884, -12.674153128 ], [ -45.700926884, -12.673793804 ] ] ] ] } },
{ "type": "Feature", "properties": { "id": 203150, "left": -45.700926883999998, "top": -12.674153128, "right": -45.70056756, "bottom": -12.674512452, "centroid_x": -45.700747, "centroid_y": -12.674333, "talhao": "PL LOTE 01" }, "geometry": { "type": "MultiPolygon", "coordinates": [ [ [ [ -45.700926884, -12.674153128 ], [ -45.70056756, -12.674153128 ], [ -45.70056756, -12.674512452 ], [ -45.700926884, -12.674512452 ], [ -45.700926884, -12.674153128 ] ] ] ] } },
{ "type": "Feature", "properties": { "id": 203151, "left": -45.700926883999998, "top": -12.674512452, "right": -45.70056756, "bottom": -12.674871776, "centroid_x": -45.700747, "centroid_y": -12.674692, "talhao": "PL LOTE 01" }, "geometry": { "type": "MultiPolygon", "coordinates": [ [ [ [ -45.700926884, -12.674512452 ], [ -45.70056756, -12.674512452 ], [ -45.70056756, -12.674871776 ], [ -45.700926884, -12.674871776 ], [ -45.700926884, -12.674512452 ] ] ] ] } },
{ "type": "Feature", "properties": { "id": 203152, "left": -45.700926883999998, "top": -12.674871776, "right": -45.70056756, "bottom": -12.6752311, "centroid_x": -45.700747, "centroid_y": -12.675051, "talhao": "PL LOTE 01" }, "geometry": { "type": "MultiPolygon", "coordinates": [ [ [ [ -45.700926884, -12.674871776 ], [ -45.70056756, -12.674871776 ], [ -45.70056756, -12.6752311 ], [ -45.700926884, -12.6752311 ], [ -45.700926884, -12.674871776 ] ] ] ] } },
{ "type": "Feature", "properties": { "id": 203153, "left": -45.700926883999998, "top": -12.6752311, "right": -45.70056756, "bottom": -12.675590424, "centroid_x": -45.700803, "centroid_y": -12.675335, "talhao": "PL LOTE 01" }, "geometry": { "type": "MultiPolygon", "coordinates": [ [ [ [ -45.700926884, -12.675543541421685 ], [ -45.700926884, -12.6752311 ], [ -45.70056756, -12.6752311 ], [ -45.70056756, -12.675242661686744 ], [ -45.700926884, -12.675543541421685 ] ] ] ] } },
{ "type": "Feature", "properties": { "id": 203201, "left": -45.70056756, "top": -12.67343448, "right": -45.700208236000002, "bottom": -12.673793804000001, "centroid_x": -45.700496, "centroid_y": -12.673713, "talhao": "PL LOTE 01" }, "geometry": { "type": "MultiPolygon", "coordinates": [ [ [ [ -45.700457, -12.67368 ], [ -45.700349286918311, -12.673793804 ], [ -45.70056756, -12.673793804 ], [ -45.70056756, -12.673546425469384 ], [ -45.700457, -12.67368 ] ] ] ] } },
{ "type": "Feature", "properties": { "id": 203202, "left": -45.70056756, "top": -12.673793804000001, "right": -45.700208236000002, "bottom": -12.674153128, "centroid_x": -45.7004, "centroid_y": -12.673985, "talhao": "PL LOTE 01" }, "geometry": { "type": "MultiPolygon", "coordinates": [ [ [ [ -45.700208236, -12.673942831011905 ], [ -45.700208236, -12.674153128 ], [ -45.70056756, -12.674153128 ], [ -45.70056756, -12.673793804 ], [ -45.700349286918311, -12.673793804 ], [ -45.700208236, -12.673942831011905 ] ] ] ] } },
{ "type": "Feature", "properties": { "id": 203203, "left": -45.70056756, "top": -12.674153128, "right": -45.700208236000002, "bottom": -12.674512452, "centroid_x": -45.700388, "centroid_y": -12.674333, "talhao": "PL LOTE 01" }, "geometry": { "type": "MultiPolygon", "coordinates": [ [ [ [ -45.70056756, -12.674153128 ], [ -45.700208236, -12.674153128 ], [ -45.700208236, -12.674512452 ], [ -45.70056756, -12.674512452 ], [ -45.70056756, -12.674153128 ] ] ] ] } },
{ "type": "Feature", "properties": { "id": 203204, "left": -45.70056756, "top": -12.674512452, "right": -45.700208236000002, "bottom": -12.674871776, "centroid_x": -45.700388, "centroid_y": -12.674692, "talhao": "PL LOTE 01" }, "geometry": { "type": "MultiPolygon", "coordinates": [ [ [ [ -45.70056756, -12.674512452 ], [ -45.700208236, -12.674512452 ], [ -45.700208236, -12.674871776 ], [ -45.70056756, -12.674871776 ], [ -45.70056756, -12.674512452 ] ] ] ] } },
{ "type": "Feature", "properties": { "id": 203205, "left": -45.70056756, "top": -12.674871776, "right": -45.700208236000002, "bottom": -12.6752311, "centroid_x": -45.700429, "centroid_y": -12.674999, "talhao": "PL LOTE 01" }, "geometry": { "type": "MultiPolygon", "coordinates": [ [ [ [ -45.700553752517983, -12.6752311 ], [ -45.70056756, -12.6752311 ], [ -45.70056756, -12.674871776 ], [ -45.700208236, -12.674871776 ], [ -45.700208236, -12.674941781951809 ], [ -45.700553752517983, -12.6752311 ] ] ] ] } },
{ "type": "Feature", "properties": { "id": 203206, "left": -45.70056756, "top": -12.6752311, "right": -45.700208236000002, "bottom": -12.675590424, "centroid_x": -45.700563, "centroid_y": -12.675235, "talhao": "PL LOTE 01" }, "geometry": { "type": "MultiPolygon", "coordinates": [ [ [ [ -45.70056756, -12.675242661686751 ], [ -45.70056756, -12.6752311 ], [ -45.700553752517983, -12.6752311 ], [ -45.70056756, -12.675242661686751 ] ] ] ] } },
{ "type": "Feature", "properties": { "id": 203255, "left": -45.700208236000002, "top": -12.673793804000001, "right": -45.699848912, "bottom": -12.674153128, "centroid_x": -45.700138, "centroid_y": -12.674084, "talhao": "PL LOTE 01" }, "geometry": { "type": "MultiPolygon", "coordinates": [ [ [ [ -45.700121, -12.674035 ], [ -45.700008, -12.674141 ], [ -45.699994345398601, -12.674153128 ], [ -45.700208236, -12.674153128 ], [ -45.700208236, -12.673942831011905 ], [ -45.700121, -12.674035 ] ] ] ] } },
{ "type": "Feature", "properties": { "id": 203256, "left": -45.700208236000002, "top": -12.674153128, "right": -45.699848912, "bottom": -12.674512452, "centroid_x": -45.700039, "centroid_y": -12.674344, "talhao": "PL LOTE 01" }, "geometry": { "type": "MultiPolygon", "coordinates": [ [ [ [ -45.699848912, -12.674282301763974 ], [ -45.699848912, -12.674512452 ], [ -45.700208236, -12.674512452 ], [ -45.700208236, -12.674153128 ], [ -45.699994345398601, -12.674153128 ], [ -45.699848912, -12.674282301763974 ] ] ] ] } },
{ "type": "Feature", "properties": { "id": 203257, "left": -45.700208236000002, "top": -12.674512452, "right": -45.699848912, "bottom": -12.674871776, "centroid_x": -45.700057, "centroid_y": -12.674658, "talhao": "PL LOTE 01" }, "geometry": { "type": "MultiPolygon", "coordinates": [ [ [ [ -45.700021, -12.674785 ], [ -45.700124631769782, -12.674871776 ], [ -45.700208236, -12.674871776 ], [ -45.700208236, -12.674512452 ], [ -45.699848912, -12.674512452 ], [ -45.699848912, -12.674639430478688 ], [ -45.700021, -12.674785 ] ] ] ] } },
{ "type": "Feature", "properties": { "id": 203258, "left": -45.700208236000002, "top": -12.674871776, "right": -45.699848912, "bottom": -12.6752311, "centroid_x": -45.70018, "centroid_y": -12.674895, "talhao": "PL LOTE 01" }, "geometry": { "type": "MultiPolygon", "coordinates": [ [ [ [ -45.700208236, -12.674941781951809 ], [ -45.700208236, -12.674871776 ], [ -45.700124631769782, -12.674871776 ], [ -45.700208236, -12.674941781951809 ] ] ] ] } },
{ "type": "Feature", "properties": { "id": 203309, "left": -45.699848912, "top": -12.674153128, "right": -45.699489588, "bottom": -12.674512452, "centroid_x": -45.699779, "centroid_y": -12.674428, "talhao": "PL LOTE 01" }, "geometry": { "type": "MultiPolygon", "coordinates": [ [ [ [ -45.699686, -12.674427 ], [ -45.699677, -12.674452 ], [ -45.699677, -12.67447 ], [ -45.699684, -12.674491 ], [ -45.699703068444443, -12.674512452 ], [ -45.699848912, -12.674512452 ], [ -45.699848912, -12.674282301763974 ], [ -45.699686, -12.674427 ] ] ] ] } },
{ "type": "Feature", "properties": { "id": 203310, "left": -45.699848912, "top": -12.674512452, "right": -45.699489588, "bottom": -12.674871776, "centroid_x": -45.699799, "centroid_y": -12.674555, "talhao": "PL LOTE 01" }, "geometry": { "type": "MultiPolygon", "coordinates": [ [ [ [ -45.699716, -12.674527 ], [ -45.699848912, -12.674639430478688 ], [ -45.699848912, -12.674512452 ], [ -45.699703068444443, -12.674512452 ], [ -45.699716, -12.674527 ] ] ] ] } }
]
}
