{
"type": "FeatureCollection",
"name": "POINTS_PL_PIVO_10B",
"crs": { "type": "name", "properties": { "name": "urn:ogc:def:crs:OGC:1.3:CRS84" } },
"features": [
{ "type": "Feature", "properties": { "id": 1023, "left": -45.700007, "top": -12.655978128000001, "right": -45.699647675999998, "bottom": -12.656337452000001, "centroid_x": -45.699777, "centroid_y": -12.656221, "talhao": "PL PIVO 10B" }, "geometry": { "type": "MultiPolygon", "coordinates": [ [ [ [ -45.700007, -12.656301 ], [ -45.699647676, -12.655995290365833 ], [ -45.699647676, -12.656337452 ], [ -45.699973690413792, -12.656337452 ], [ -45.700007, -12.656301 ] ] ] ] } },
{ "type": "Feature", "properties": { "id": 1024, "left": -45.700007, "top": -12.656337452000001, "right": -45.699647675999998, "bottom": -12.656696776, "centroid_x": -45.699757, "centroid_y": -12.656454, "talhao": "PL PIVO 10B" }, "geometry": { "type": "MultiPolygon", "coordinates": [ [ [ [ -45.699795, -12.656533 ], [ -45.699973690413792, -12.656337452 ], [ -45.699647676, -12.656337452 ], [ -45.699647676, -12.656682057223531 ], [ -45.699795, -12.656533 ] ] ] ] } },
{ "type": "Feature", "properties": { "id": 1051, "left": -45.699647675999998, "top": -12.655618804, "right": -45.699288351999996, "bottom": -12.655978128, "centroid_x": -45.699401, "centroid_y": -12.655882, "talhao": "PL PIVO 10B" }, "geometry": { "type": "MultiPolygon", "coordinates": [ [ [ [ -45.699288352, -12.655689580731668 ], [ -45.699288352, -12.655978128 ], [ -45.699627503754009, -12.655978128 ], [ -45.699288352, -12.655689580731668 ] ] ] ] } },
{ "type": "Feature", "properties": { "id": 1052, "left": -45.699647675999998, "top": -12.655978128000001, "right": -45.699288351999996, "bottom": -12.656337452000001, "centroid_x": -45.699468, "centroid_y": -12.656158, "talhao": "PL PIVO 10B" }, "geometry": { "type": "MultiPolygon", "coordinates": [ [ [ [ -45.699627503754016, -12.655978128 ], [ -45.699288352, -12.655978128 ], [ -45.699288352, -12.656337452 ], [ -45.699647676, -12.656337452 ], [ -45.699647676, -12.655995290365833 ], [ -45.699627503754016, -12.655978128 ] ] ] ] } },
{ "type": "Feature", "properties": { "id": 1053, "left": -45.699647675999998, "top": -12.656337452000001, "right": -45.699288351999996, "bottom": -12.656696776, "centroid_x": -45.699468, "centroid_y": -12.656517, "talhao": "PL PIVO 10B" }, "geometry": { "type": "MultiPolygon", "coordinates": [ [ [ [ -45.699647676, -12.656682057223531 ], [ -45.699647676, -12.656337452 ], [ -45.699288352, -12.656337452 ], [ -45.699288352, -12.656696776 ], [ -45.699633128372092, -12.656696776 ], [ -45.699647676, -12.656682057223531 ] ] ] ] } },
{ "type": "Feature", "properties": { "id": 1054, "left": -45.699647675999998, "top": -12.656696776, "right": -45.699288351999996, "bottom": -12.6570561, "centroid_x": -45.699404, "centroid_y": -12.6568, "talhao": "PL PIVO 10B" }, "geometry": { "type": "MultiPolygon", "coordinates": [ [ [ [ -45.699323, -12.656977 ], [ -45.699625, -12.656705 ], [ -45.699633128372092, -12.656696776 ], [ -45.699288352, -12.656696776 ], [ -45.699288352, -12.657004572 ], [ -45.699323, -12.656977 ] ] ] ] } },
{ "type": "Feature", "properties": { "id": 1079, "left": -45.699288351999996, "top": -12.65525948, "right": -45.698929027999995, "bottom": -12.655618804, "centroid_x": -45.699021, "centroid_y": -12.65554, "talhao": "PL PIVO 10B" }, "geometry": { "type": "MultiPolygon", "coordinates": [ [ [ [ -45.698929028, -12.655383871097504 ], [ -45.698929028, -12.655618804 ], [ -45.699205162674282, -12.655618804 ], [ -45.698929028, -12.655383871097504 ] ] ] ] } },
{ "type": "Feature", "properties": { "id": 1080, "left": -45.699288351999996, "top": -12.655618804, "right": -45.698929027999995, "bottom": -12.655978128, "centroid_x": -45.699105, "centroid_y": -12.655802, "talhao": "PL PIVO 10B" }, "geometry": { "type": "MultiPolygon", "coordinates": [ [ [ [ -45.699205162674282, -12.655618804 ], [ -45.698929028, -12.655618804 ], [ -45.698929028, -12.655978128 ], [ -45.699288352, -12.655978128 ], [ -45.699288352, -12.655689580731668 ], [ -45.699205162674282, -12.655618804 ] ] ] ] } },
{ "type": "Feature", "properties": { "id": 1081, "left": -45.699288351999996, "top": -12.655978128000001, "right": -45.698929027999995, "bottom": -12.656337452000001, "centroid_x": -45.699109, "centroid_y": -12.656158, "talhao": "PL PIVO 10B" }, "geometry": { "type": "MultiPolygon", "coordinates": [ [ [ [ -45.699288352, -12.655978128 ], [ -45.698929028, -12.655978128 ], [ -45.698929028, -12.656337452 ], [ -45.699288352, -12.656337452 ], [ -45.699288352, -12.655978128 ] ] ] ] } },
{ "type": "Feature", "properties": { "id": 1082, "left": -45.699288351999996, "top": -12.656337452000001, "right": -45.698929027999995, "bottom": -12.656696776, "centroid_x": -45.699109, "centroid_y": -12.656517, "talhao": "PL PIVO 10B" }, "geometry": { "type": "MultiPolygon", "coordinates": [ [ [ [ -45.699288352, -12.656337452 ], [ -45.698929028, -12.656337452 ], [ -45.698929028, -12.656696776 ], [ -45.699288352, -12.656696776 ], [ -45.699288352, -12.656337452 ] ] ] ] } },
{ "type": "Feature", "properties": { "id": 1083, "left": -45.699288351999996, "top": -12.656696776, "right": -45.698929027999995, "bottom": -12.6570561, "centroid_x": -45.699107, "centroid_y": -12.656874, "talhao": "PL PIVO 10B" }, "geometry": { "type": "MultiPolygon", "coordinates": [ [ [ [ -45.699288352, -12.657004572 ], [ -45.699288352, -12.656696776 ], [ -45.698929028, -12.656696776 ], [ -45.698929028, -12.6570561 ], [ -45.6992236, -12.6570561 ], [ -45.699288352, -12.657004572 ] ] ] ] } },
{ "type": "Feature", "properties": { "id": 1084, "left": -45.699288351999996, "top": -12.6570561, "right": -45.698929027999995, "bottom": -12.657415424, "centroid_x": -45.699028, "centroid_y": -12.657131, "talhao": "PL PIVO 10B" }, "geometry": { "type": "MultiPolygon", "coordinates": [ [ [ [ -45.698972, -12.657249 ], [ -45.699181, -12.65709 ], [ -45.6992236, -12.6570561 ], [ -45.698929028, -12.6570561 ], [ -45.698929028, -12.657279476595747 ], [ -45.698972, -12.657249 ] ] ] ] } },
{ "type": "Feature", "properties": { "id": 10107, "left": -45.698929028000002, "top": -12.654900156, "right": -45.698569704000001, "bottom": -12.65525948, "centroid_x": -45.698641, "centroid_y": -12.655199, "talhao": "PL PIVO 10B" }, "geometry": { "type": "MultiPolygon", "coordinates": [ [ [ [ -45.698569704, -12.655078161463344 ], [ -45.698569704, -12.65525948 ], [ -45.698782821594556, -12.65525948 ], [ -45.698569704, -12.655078161463344 ] ] ] ] } },
{ "type": "Feature", "properties": { "id": 10108, "left": -45.698929028000002, "top": -12.65525948, "right": -45.698569704000001, "bottom": -12.655618804, "centroid_x": -45.698739, "centroid_y": -12.65545, "talhao": "PL PIVO 10B" }, "geometry": { "type": "MultiPolygon", "coordinates": [ [ [ [ -45.698782821594556, -12.65525948 ], [ -45.698569704, -12.65525948 ], [ -45.698569704, -12.655618804 ], [ -45.698929028, -12.655618804 ], [ -45.698929028, -12.655383871097509 ], [ -45.698782821594556, -12.65525948 ] ] ] ] } },
{ "type": "Feature", "properties": { "id": 10109, "left": -45.698929028000002, "top": -12.655618804, "right": -45.698569704000001, "bottom": -12.655978128, "centroid_x": -45.698749, "centroid_y": -12.655798, "talhao": "PL PIVO 10B" }, "geometry": { "type": "MultiPolygon", "coordinates": [ [ [ [ -45.698929028, -12.655618804 ], [ -45.698569704, -12.655618804 ], [ -45.698569704, -12.655978128 ], [ -45.698929028, -12.655978128 ], [ -45.698929028, -12.655618804 ] ] ] ] } },
{ "type": "Feature", "properties": { "id": 10110, "left": -45.698929028000002, "top": -12.655978128000001, "right": -45.698569704000001, "bottom": -12.656337452000001, "centroid_x": -45.698749, "centroid_y": -12.656158, "talhao": "PL PIVO 10B" }, "geometry": { "type": "MultiPolygon", "coordinates": [ [ [ [ -45.698929028, -12.655978128 ], [ -45.698569704, -12.655978128 ], [ -45.698569704, -12.656337452 ], [ -45.698929028, -12.656337452 ], [ -45.698929028, -12.655978128 ] ] ] ] } },
{ "type": "Feature", "properties": { "id": 10111, "left": -45.698929028000002, "top": -12.656337452000001, "right": -45.698569704000001, "bottom": -12.656696776, "centroid_x": -45.698749, "centroid_y": -12.656517, "talhao": "PL PIVO 10B" }, "geometry": { "type": "MultiPolygon", "coordinates": [ [ [ [ -45.698929028, -12.656337452 ], [ -45.698569704, -12.656337452 ], [ -45.698569704, -12.656696776 ], [ -45.698929028, -12.656696776 ], [ -45.698929028, -12.656337452 ] ] ] ] } },
{ "type": "Feature", "properties": { "id": 10112, "left": -45.698929028000002, "top": -12.656696776, "right": -45.698569704000001, "bottom": -12.6570561, "centroid_x": -45.698749, "centroid_y": -12.656876, "talhao": "PL PIVO 10B" }, "geometry": { "type": "MultiPolygon", "coordinates": [ [ [ [ -45.698929028, -12.656696776 ], [ -45.698569704, -12.656696776 ], [ -45.698569704, -12.6570561 ], [ -45.698929028, -12.6570561 ], [ -45.698929028, -12.656696776 ] ] ] ] } },
{ "type": "Feature", "properties": { "id": 10113, "left": -45.698929028000002, "top": -12.6570561, "right": -45.698569704000001, "bottom": -12.657415424, "centroid_x": -45.698736, "centroid_y": -12.65722, "talhao": "PL PIVO 10B" }, "geometry": { "type": "MultiPolygon", "coordinates": [ [ [ [ -45.698831, -12.657349 ], [ -45.698929028, -12.657279476595741 ], [ -45.698929028, -12.6570561 ], [ -45.698569704, -12.6570561 ], [ -45.698569704, -12.657415424 ], [ -45.698731686446607, -12.657415424 ], [ -45.698831, -12.657349 ] ] ] ] } },
{ "type": "Feature", "properties": { "id": 10114, "left": -45.698929028000002, "top": -12.657415424, "right": -45.698569704000001, "bottom": -12.657774748, "centroid_x": -45.698624, "centroid_y": -12.65745, "talhao": "PL PIVO 10B" }, "geometry": { "type": "MultiPolygon", "coordinates": [ [ [ [ -45.698677, -12.657452 ], [ -45.698731686446607, -12.657415424 ], [ -45.698569704, -12.657415424 ], [ -45.698569704, -12.65751851097076 ], [ -45.698677, -12.657452 ] ] ] ] } },
{ "type": "Feature", "properties": { "id": 10135, "left": -45.698569704000001, "top": -12.654540832, "right": -45.69821038, "bottom": -12.654900156, "centroid_x": -45.69826, "centroid_y": -12.654858, "talhao": "PL PIVO 10B" }, "geometry": { "type": "MultiPolygon", "coordinates": [ [ [ [ -45.69821038, -12.654772451829178 ], [ -45.69821038, -12.654900156 ], [ -45.698360480514829, -12.654900156 ], [ -45.69821038, -12.654772451829178 ] ] ] ] } },
{ "type": "Feature", "properties": { "id": 10136, "left": -45.698569704000001, "top": -12.654900156, "right": -45.69821038, "bottom": -12.65525948, "centroid_x": -45.698372, "centroid_y": -12.6551, "talhao": "PL PIVO 10B" }, "geometry": { "type": "MultiPolygon", "coordinates": [ [ [ [ -45.698360480514829, -12.654900156 ], [ -45.69821038, -12.654900156 ], [ -45.69821038, -12.65525948 ], [ -45.698569704, -12.65525948 ], [ -45.698569704, -12.655078161463344 ], [ -45.698360480514829, -12.654900156 ] ] ] ] } },
{ "type": "Feature", "properties": { "id": 10137, "left": -45.698569704000001, "top": -12.65525948, "right": -45.69821038, "bottom": -12.655618804, "centroid_x": -45.69839, "centroid_y": -12.655439, "talhao": "PL PIVO 10B" }, "geometry": { "type": "MultiPolygon", "coordinates": [ [ [ [ -45.698569704, -12.65525948 ], [ -45.69821038, -12.65525948 ], [ -45.69821038, -12.655618804 ], [ -45.698569704, -12.655618804 ], [ -45.698569704, -12.65525948 ] ] ] ] } },
{ "type": "Feature", "properties": { "id": 10138, "left": -45.698569704000001, "top": -12.655618804, "right": -45.69821038, "bottom": -12.655978128, "centroid_x": -45.69839, "centroid_y": -12.655798, "talhao": "PL PIVO 10B" }, "geometry": { "type": "MultiPolygon", "coordinates": [ [ [ [ -45.698569704, -12.655618804 ], [ -45.69821038, -12.655618804 ], [ -45.69821038, -12.655978128 ], [ -45.698569704, -12.655978128 ], [ -45.698569704, -12.655618804 ] ] ] ] } },
{ "type": "Feature", "properties": { "id": 10139, "left": -45.698569704000001, "top": -12.655978128000001, "right": -45.69821038, "bottom": -12.656337452000001, "centroid_x": -45.69839, "centroid_y": -12.656158, "talhao": "PL PIVO 10B" }, "geometry": { "type": "MultiPolygon", "coordinates": [ [ [ [ -45.698569704, -12.655978128 ], [ -45.69821038, -12.655978128 ], [ -45.69821038, -12.656337452 ], [ -45.698569704, -12.656337452 ], [ -45.698569704, -12.655978128 ] ] ] ] } },
{ "type": "Feature", "properties": { "id": 10140, "left": -45.698569704000001, "top": -12.656337452000001, "right": -45.69821038, "bottom": -12.656696776, "centroid_x": -45.69839, "centroid_y": -12.656517, "talhao": "PL PIVO 10B" }, "geometry": { "type": "MultiPolygon", "coordinates": [ [ [ [ -45.698569704, -12.656337452 ], [ -45.69821038, -12.656337452 ], [ -45.69821038, -12.656696776 ], [ -45.698569704, -12.656696776 ], [ -45.698569704, -12.656337452 ] ] ] ] } },
{ "type": "Feature", "properties": { "id": 10141, "left": -45.698569704000001, "top": -12.656696776, "right": -45.69821038, "bottom": -12.6570561, "centroid_x": -45.69839, "centroid_y": -12.656876, "talhao": "PL PIVO 10B" }, "geometry": { "type": "MultiPolygon", "coordinates": [ [ [ [ -45.698569704, -12.656696776 ], [ -45.69821038, -12.656696776 ], [ -45.69821038, -12.6570561 ], [ -45.698569704, -12.6570561 ], [ -45.698569704, -12.656696776 ] ] ] ] } },
{ "type": "Feature", "properties": { "id": 10142, "left": -45.698569704000001, "top": -12.6570561, "right": -45.69821038, "bottom": -12.657415424, "centroid_x": -45.69839, "centroid_y": -12.657236, "talhao": "PL PIVO 10B" }, "geometry": { "type": "MultiPolygon", "coordinates": [ [ [ [ -45.698569704, -12.6570561 ], [ -45.69821038, -12.6570561 ], [ -45.69821038, -12.657415424 ], [ -45.698569704, -12.657415424 ], [ -45.698569704, -12.6570561 ] ] ] ] } },
{ "type": "Feature", "properties": { "id": 10143, "left": -45.698569704000001, "top": -12.657415424, "right": -45.69821038, "bottom": -12.657774748, "centroid_x": -45.698361, "centroid_y": -12.657528, "talhao": "PL PIVO 10B" }, "geometry": { "type": "MultiPolygon", "coordinates": [ [ [ [ -45.698312, -12.657669 ], [ -45.698506, -12.657558 ], [ -45.698569704, -12.65751851097076 ], [ -45.698569704, -12.657415424 ], [ -45.69821038, -12.657415424 ], [ -45.69821038, -12.657721497416976 ], [ -45.698312, -12.657669 ] ] ] ] } },
{ "type": "Feature", "properties": { "id": 10163, "left": -45.69821038, "top": -12.654181508000001, "right": -45.697851055999998, "bottom": -12.654540832, "centroid_x": -45.69788, "centroid_y": -12.654516, "talhao": "PL PIVO 10B" }, "geometry": { "type": "MultiPolygon", "coordinates": [ [ [ [ -45.697851056, -12.654466742195014 ], [ -45.697851056, -12.654540832 ], [ -45.697938139435102, -12.654540832 ], [ -45.697851056, -12.654466742195014 ] ] ] ] } },
{ "type": "Feature", "properties": { "id": 10164, "left": -45.69821038, "top": -12.654540832, "right": -45.697851055999998, "bottom": -12.654900156, "centroid_x": -45.698002, "centroid_y": -12.654754, "talhao": "PL PIVO 10B" }, "geometry": { "type": "MultiPolygon", "coordinates": [ [ [ [ -45.697938139435102, -12.654540832 ], [ -45.697851056, -12.654540832 ], [ -45.697851056, -12.654900156 ], [ -45.69821038, -12.654900156 ], [ -45.69821038, -12.654772451829178 ], [ -45.697938139435102, -12.654540832 ] ] ] ] } },
{ "type": "Feature", "properties": { "id": 10165, "left": -45.69821038, "top": -12.654900156, "right": -45.697851055999998, "bottom": -12.65525948, "centroid_x": -45.698031, "centroid_y": -12.65508, "talhao": "PL PIVO 10B" }, "geometry": { "type": "MultiPolygon", "coordinates": [ [ [ [ -45.69821038, -12.654900156 ], [ -45.697851056, -12.654900156 ], [ -45.697851056, -12.65525948 ], [ -45.69821038, -12.65525948 ], [ -45.69821038, -12.654900156 ] ] ] ] } },
{ "type": "Feature", "properties": { "id": 10166, "left": -45.69821038, "top": -12.65525948, "right": -45.697851055999998, "bottom": -12.655618804, "centroid_x": -45.698031, "centroid_y": -12.655439, "talhao": "PL PIVO 10B" }, "geometry": { "type": "MultiPolygon", "coordinates": [ [ [ [ -45.69821038, -12.65525948 ], [ -45.697851056, -12.65525948 ], [ -45.697851056, -12.655618804 ], [ -45.69821038, -12.655618804 ], [ -45.69821038, -12.65525948 ] ] ] ] } },
{ "type": "Feature", "properties": { "id": 10167, "left": -45.69821038, "top": -12.655618804, "right": -45.697851055999998, "bottom": -12.655978128, "centroid_x": -45.698031, "centroid_y": -12.655798, "talhao": "PL PIVO 10B" }, "geometry": { "type": "MultiPolygon", "coordinates": [ [ [ [ -45.69821038, -12.655618804 ], [ -45.697851056, -12.655618804 ], [ -45.697851056, -12.655978128 ], [ -45.69821038, -12.655978128 ], [ -45.69821038, -12.655618804 ] ] ] ] } },
{ "type": "Feature", "properties": { "id": 10168, "left": -45.69821038, "top": -12.655978128000001, "right": -45.697851055999998, "bottom": -12.656337452000001, "centroid_x": -45.698031, "centroid_y": -12.656158, "talhao": "PL PIVO 10B" }, "geometry": { "type": "MultiPolygon", "coordinates": [ [ [ [ -45.69821038, -12.655978128 ], [ -45.697851056, -12.655978128 ], [ -45.697851056, -12.656337452 ], [ -45.69821038, -12.656337452 ], [ -45.69821038, -12.655978128 ] ] ] ] } },
{ "type": "Feature", "properties": { "id": 10169, "left": -45.69821038, "top": -12.656337452000001, "right": -45.697851055999998, "bottom": -12.656696776, "centroid_x": -45.698031, "centroid_y": -12.656517, "talhao": "PL PIVO 10B" }, "geometry": { "type": "MultiPolygon", "coordinates": [ [ [ [ -45.69821038, -12.656337452 ], [ -45.697851056, -12.656337452 ], [ -45.697851056, -12.656696776 ], [ -45.69821038, -12.656696776 ], [ -45.69821038, -12.656337452 ] ] ] ] } },
{ "type": "Feature", "properties": { "id": 10170, "left": -45.69821038, "top": -12.656696776, "right": -45.697851055999998, "bottom": -12.6570561, "centroid_x": -45.698031, "centroid_y": -12.656876, "talhao": "PL PIVO 10B" }, "geometry": { "type": "MultiPolygon", "coordinates": [ [ [ [ -45.69821038, -12.656696776 ], [ -45.697851056, -12.656696776 ], [ -45.697851056, -12.6570561 ], [ -45.69821038, -12.6570561 ], [ -45.69821038, -12.656696776 ] ] ] ] } },
{ "type": "Feature", "properties": { "id": 10171, "left": -45.69821038, "top": -12.6570561, "right": -45.697851055999998, "bottom": -12.657415424, "centroid_x": -45.698031, "centroid_y": -12.657236, "talhao": "PL PIVO 10B" }, "geometry": { "type": "MultiPolygon", "coordinates": [ [ [ [ -45.69821038, -12.6570561 ], [ -45.697851056, -12.6570561 ], [ -45.697851056, -12.657415424 ], [ -45.69821038, -12.657415424 ], [ -45.69821038, -12.6570561 ] ] ] ] } },
{ "type": "Feature", "properties": { "id": 10172, "left": -45.69821038, "top": -12.657415424, "right": -45.697851055999998, "bottom": -12.657774748, "centroid_x": -45.698028, "centroid_y": -12.657592, "talhao": "PL PIVO 10B" }, "geometry": { "type": "MultiPolygon", "coordinates": [ [ [ [ -45.69821038, -12.657721497416976 ], [ -45.69821038, -12.657415424 ], [ -45.697851056, -12.657415424 ], [ -45.697851056, -12.657774748 ], [ -45.698107302085717, -12.657774748 ], [ -45.69821038, -12.657721497416976 ] ] ] ] } },
{ "type": "Feature", "properties": { "id": 10173, "left": -45.69821038, "top": -12.657774748, "right": -45.697851055999998, "bottom": -12.658134072, "centroid_x": -45.697937, "centroid_y": -12.657816, "talhao": "PL PIVO 10B" }, "geometry": { "type": "MultiPolygon", "coordinates": [ [ [ [ -45.698041, -12.657809 ], [ -45.698107302085717, -12.657774748 ], [ -45.697851056, -12.657774748 ], [ -45.697851056, -12.657899257078014 ], [ -45.698041, -12.657809 ] ] ] ] } },
{ "type": "Feature", "properties": { "id": 10191, "left": -45.697851055999998, "top": -12.653822184000001, "right": -45.697491731999996, "bottom": -12.654181508000001, "centroid_x": -45.6975, "centroid_y": -12.654175, "talhao": "PL PIVO 10B" }, "geometry": { "type": "MultiPolygon", "coordinates": [ [ [ [ -45.697491732, -12.654161032560848 ], [ -45.697491732, -12.654181508 ], [ -45.697515798355376, -12.654181508 ], [ -45.697491732, -12.654161032560848 ] ] ] ] } },
{ "type": "Feature", "properties": { "id": 10192, "left": -45.697851055999998, "top": -12.654181508000001, "right": -45.697491731999996, "bottom": -12.654540832, "centroid_x": -45.697631, "centroid_y": -12.654411, "talhao": "PL PIVO 10B" }, "geometry": { "type": "MultiPolygon", "coordinates": [ [ [ [ -45.697515798355376, -12.654181508 ], [ -45.697491732, -12.654181508 ], [ -45.697491732, -12.654540832 ], [ -45.697851056, -12.654540832 ], [ -45.697851056, -12.654466742195014 ], [ -45.697515798355376, -12.654181508 ] ] ] ] } },
{ "type": "Feature", "properties": { "id": 10193, "left": -45.697851055999998, "top": -12.654540832, "right": -45.697491731999996, "bottom": -12.654900156, "centroid_x": -45.697671, "centroid_y": -12.65472, "talhao": "PL PIVO 10B" }, "geometry": { "type": "MultiPolygon", "coordinates": [ [ [ [ -45.697851056, -12.654540832 ], [ -45.697491732, -12.654540832 ], [ -45.697491732, -12.654900156 ], [ -45.697851056, -12.654900156 ], [ -45.697851056, -12.654540832 ] ] ] ] } },
{ "type": "Feature", "properties": { "id": 10194, "left": -45.697851055999998, "top": -12.654900156, "right": -45.697491731999996, "bottom": -12.65525948, "centroid_x": -45.697671, "centroid_y": -12.65508, "talhao": "PL PIVO 10B" }, "geometry": { "type": "MultiPolygon", "coordinates": [ [ [ [ -45.697851056, -12.654900156 ], [ -45.697491732, -12.654900156 ], [ -45.697491732, -12.65525948 ], [ -45.697851056, -12.65525948 ], [ -45.697851056, -12.654900156 ] ] ] ] } },
{ "type": "Feature", "properties": { "id": 10195, "left": -45.697851055999998, "top": -12.65525948, "right": -45.697491731999996, "bottom": -12.655618804, "centroid_x": -45.697671, "centroid_y": -12.655439, "talhao": "PL PIVO 10B" }, "geometry": { "type": "MultiPolygon", "coordinates": [ [ [ [ -45.697851056, -12.65525948 ], [ -45.697491732, -12.65525948 ], [ -45.697491732, -12.655618804 ], [ -45.697851056, -12.655618804 ], [ -45.697851056, -12.65525948 ] ] ] ] } },
{ "type": "Feature", "properties": { "id": 10196, "left": -45.697851055999998, "top": -12.655618804, "right": -45.697491731999996, "bottom": -12.655978128, "centroid_x": -45.697671, "centroid_y": -12.655798, "talhao": "PL PIVO 10B" }, "geometry": { "type": "MultiPolygon", "coordinates": [ [ [ [ -45.697851056, -12.655618804 ], [ -45.697491732, -12.655618804 ], [ -45.697491732, -12.655978128 ], [ -45.697851056, -12.655978128 ], [ -45.697851056, -12.655618804 ] ] ] ] } },
{ "type": "Feature", "properties": { "id": 10197, "left": -45.697851055999998, "top": -12.655978128000001, "right": -45.697491731999996, "bottom": -12.656337452000001, "centroid_x": -45.697671, "centroid_y": -12.656158, "talhao": "PL PIVO 10B" }, "geometry": { "type": "MultiPolygon", "coordinates": [ [ [ [ -45.697851056, -12.655978128 ], [ -45.697491732, -12.655978128 ], [ -45.697491732, -12.656337452 ], [ -45.697851056, -12.656337452 ], [ -45.697851056, -12.655978128 ] ] ] ] } },
{ "type": "Feature", "properties": { "id": 10198, "left": -45.697851055999998, "top": -12.656337452000001, "right": -45.697491731999996, "bottom": -12.656696776, "centroid_x": -45.697671, "centroid_y": -12.656517, "talhao": "PL PIVO 10B" }, "geometry": { "type": "MultiPolygon", "coordinates": [ [ [ [ -45.697851056, -12.656337452 ], [ -45.697491732, -12.656337452 ], [ -45.697491732, -12.656696776 ], [ -45.697851056, -12.656696776 ], [ -45.697851056, -12.656337452 ] ] ] ] } },
{ "type": "Feature", "properties": { "id": 10199, "left": -45.697851055999998, "top": -12.656696776, "right": -45.697491731999996, "bottom": -12.6570561, "centroid_x": -45.697671, "centroid_y": -12.656876, "talhao": "PL PIVO 10B" }, "geometry": { "type": "MultiPolygon", "coordinates": [ [ [ [ -45.697851056, -12.656696776 ], [ -45.697491732, -12.656696776 ], [ -45.697491732, -12.6570561 ], [ -45.697851056, -12.6570561 ], [ -45.697851056, -12.656696776 ] ] ] ] } },
{ "type": "Feature", "properties": { "id": 10200, "left": -45.697851055999998, "top": -12.6570561, "right": -45.697491731999996, "bottom": -12.657415424, "centroid_x": -45.697671, "centroid_y": -12.657236, "talhao": "PL PIVO 10B" }, "geometry": { "type": "MultiPolygon", "coordinates": [ [ [ [ -45.697851056, -12.6570561 ], [ -45.697491732, -12.6570561 ], [ -45.697491732, -12.657415424 ], [ -45.697851056, -12.657415424 ], [ -45.697851056, -12.6570561 ] ] ] ] } },
{ "type": "Feature", "properties": { "id": 10201, "left": -45.697851055999998, "top": -12.657415424, "right": -45.697491731999996, "bottom": -12.657774748, "centroid_x": -45.697671, "centroid_y": -12.657595, "talhao": "PL PIVO 10B" }, "geometry": { "type": "MultiPolygon", "coordinates": [ [ [ [ -45.697851056, -12.657415424 ], [ -45.697491732, -12.657415424 ], [ -45.697491732, -12.657774748 ], [ -45.697851056, -12.657774748 ], [ -45.697851056, -12.657415424 ] ] ] ] } },
{ "type": "Feature", "properties": { "id": 10202, "left": -45.697851055999998, "top": -12.657774748, "right": -45.697491731999996, "bottom": -12.658134072, "centroid_x": -45.697649, "centroid_y": -12.657881, "talhao": "PL PIVO 10B" }, "geometry": { "type": "MultiPolygon", "coordinates": [ [ [ [ -45.69764, -12.657994 ], [ -45.697759, -12.657943 ], [ -45.697851056, -12.657899257078014 ], [ -45.697851056, -12.657774748 ], [ -45.697491732, -12.657774748 ], [ -45.697491732, -12.658049978734697 ], [ -45.69764, -12.657994 ] ] ] ] } },
{ "type": "Feature", "properties": { "id": 10220, "left": -45.697491731999996, "top": -12.653822184000001, "right": -45.697132407999995, "bottom": -12.654181508000001, "centroid_x": -45.697259, "centroid_y": -12.654072, "talhao": "PL PIVO 10B" }, "geometry": { "type": "MultiPolygon", "coordinates": [ [ [ [ -45.697132408, -12.653855322926683 ], [ -45.697132408, -12.654181508 ], [ -45.697491732, -12.654181508 ], [ -45.697491732, -12.654161032560848 ], [ -45.697132408, -12.653855322926683 ] ] ] ] } },
{ "type": "Feature", "properties": { "id": 10221, "left": -45.697491731999996, "top": -12.654181508000001, "right": -45.697132407999995, "bottom": -12.654540832, "centroid_x": -45.697312, "centroid_y": -12.654361, "talhao": "PL PIVO 10B" }, "geometry": { "type": "MultiPolygon", "coordinates": [ [ [ [ -45.697491732, -12.654181508 ], [ -45.697132408, -12.654181508 ], [ -45.697132408, -12.654540832 ], [ -45.697491732, -12.654540832 ], [ -45.697491732, -12.654181508 ] ] ] ] } },
{ "type": "Feature", "properties": { "id": 10222, "left": -45.697491731999996, "top": -12.654540832, "right": -45.697132407999995, "bottom": -12.654900156, "centroid_x": -45.697312, "centroid_y": -12.65472, "talhao": "PL PIVO 10B" }, "geometry": { "type": "MultiPolygon", "coordinates": [ [ [ [ -45.697491732, -12.654540832 ], [ -45.697132408, -12.654540832 ], [ -45.697132408, -12.654900156 ], [ -45.697491732, -12.654900156 ], [ -45.697491732, -12.654540832 ] ] ] ] } },
{ "type": "Feature", "properties": { "id": 10223, "left": -45.697491731999996, "top": -12.654900156, "right": -45.697132407999995, "bottom": -12.65525948, "centroid_x": -45.697312, "centroid_y": -12.65508, "talhao": "PL PIVO 10B" }, "geometry": { "type": "MultiPolygon", "coordinates": [ [ [ [ -45.697491732, -12.654900156 ], [ -45.697132408, -12.654900156 ], [ -45.697132408, -12.65525948 ], [ -45.697491732, -12.65525948 ], [ -45.697491732, -12.654900156 ] ] ] ] } },
{ "type": "Feature", "properties": { "id": 10224, "left": -45.697491731999996, "top": -12.65525948, "right": -45.697132407999995, "bottom": -12.655618804, "centroid_x": -45.697312, "centroid_y": -12.655439, "talhao": "PL PIVO 10B" }, "geometry": { "type": "MultiPolygon", "coordinates": [ [ [ [ -45.697491732, -12.65525948 ], [ -45.697132408, -12.65525948 ], [ -45.697132408, -12.655618804 ], [ -45.697491732, -12.655618804 ], [ -45.697491732, -12.65525948 ] ] ] ] } },
{ "type": "Feature", "properties": { "id": 10225, "left": -45.697491731999996, "top": -12.655618804, "right": -45.697132407999995, "bottom": -12.655978128, "centroid_x": -45.697312, "centroid_y": -12.655798, "talhao": "PL PIVO 10B" }, "geometry": { "type": "MultiPolygon", "coordinates": [ [ [ [ -45.697491732, -12.655618804 ], [ -45.697132408, -12.655618804 ], [ -45.697132408, -12.655978128 ], [ -45.697491732, -12.655978128 ], [ -45.697491732, -12.655618804 ] ] ] ] } },
{ "type": "Feature", "properties": { "id": 10226, "left": -45.697491731999996, "top": -12.655978128000001, "right": -45.697132407999995, "bottom": -12.656337452000001, "centroid_x": -45.697312, "centroid_y": -12.656158, "talhao": "PL PIVO 10B" }, "geometry": { "type": "MultiPolygon", "coordinates": [ [ [ [ -45.697491732, -12.655978128 ], [ -45.697132408, -12.655978128 ], [ -45.697132408, -12.656337452 ], [ -45.697491732, -12.656337452 ], [ -45.697491732, -12.655978128 ] ] ] ] } },
{ "type": "Feature", "properties": { "id": 10227, "left": -45.697491731999996, "top": -12.656337452000001, "right": -45.697132407999995, "bottom": -12.656696776, "centroid_x": -45.697312, "centroid_y": -12.656517, "talhao": "PL PIVO 10B" }, "geometry": { "type": "MultiPolygon", "coordinates": [ [ [ [ -45.697491732, -12.656337452 ], [ -45.697132408, -12.656337452 ], [ -45.697132408, -12.656696776 ], [ -45.697491732, -12.656696776 ], [ -45.697491732, -12.656337452 ] ] ] ] } },
{ "type": "Feature", "properties": { "id": 10228, "left": -45.697491731999996, "top": -12.656696776, "right": -45.697132407999995, "bottom": -12.6570561, "centroid_x": -45.697312, "centroid_y": -12.656876, "talhao": "PL PIVO 10B" }, "geometry": { "type": "MultiPolygon", "coordinates": [ [ [ [ -45.697491732, -12.656696776 ], [ -45.697132408, -12.656696776 ], [ -45.697132408, -12.6570561 ], [ -45.697491732, -12.6570561 ], [ -45.697491732, -12.656696776 ] ] ] ] } },
{ "type": "Feature", "properties": { "id": 10229, "left": -45.697491731999996, "top": -12.6570561, "right": -45.697132407999995, "bottom": -12.657415424, "centroid_x": -45.697312, "centroid_y": -12.657236, "talhao": "PL PIVO 10B" }, "geometry": { "type": "MultiPolygon", "coordinates": [ [ [ [ -45.697491732, -12.6570561 ], [ -45.697132408, -12.6570561 ], [ -45.697132408, -12.657415424 ], [ -45.697491732, -12.657415424 ], [ -45.697491732, -12.6570561 ] ] ] ] } },
{ "type": "Feature", "properties": { "id": 10230, "left": -45.697491731999996, "top": -12.657415424, "right": -45.697132407999995, "bottom": -12.657774748, "centroid_x": -45.697312, "centroid_y": -12.657595, "talhao": "PL PIVO 10B" }, "geometry": { "type": "MultiPolygon", "coordinates": [ [ [ [ -45.697491732, -12.657415424 ], [ -45.697132408, -12.657415424 ], [ -45.697132408, -12.657774748 ], [ -45.697491732, -12.657774748 ], [ -45.697491732, -12.657415424 ] ] ] ] } },
{ "type": "Feature", "properties": { "id": 10231, "left": -45.697491731999996, "top": -12.657774748, "right": -45.697132407999995, "bottom": -12.658134072, "centroid_x": -45.697304, "centroid_y": -12.657942, "talhao": "PL PIVO 10B" }, "geometry": { "type": "MultiPolygon", "coordinates": [ [ [ [ -45.697346, -12.658105 ], [ -45.697491732, -12.658049978734697 ], [ -45.697491732, -12.657774748 ], [ -45.697132408, -12.657774748 ], [ -45.697132408, -12.658134072 ], [ -45.697257611741946, -12.658134072 ], [ -45.697346, -12.658105 ] ] ] ] } },
{ "type": "Feature", "properties": { "id": 10232, "left": -45.697491731999996, "top": -12.658134072, "right": -45.697132407999995, "bottom": -12.658493396000001, "centroid_x": -45.697174, "centroid_y": -12.658148, "talhao": "PL PIVO 10B" }, "geometry": { "type": "MultiPolygon", "coordinates": [ [ [ [ -45.697257611741946, -12.658134072 ], [ -45.697132408, -12.658134072 ], [ -45.697132408, -12.658175253071622 ], [ -45.697257611741946, -12.658134072 ] ] ] ] } },
{ "type": "Feature", "properties": { "id": 10248, "left": -45.697132408000002, "top": -12.65346286, "right": -45.696773084, "bottom": -12.653822184, "centroid_x": -45.69688, "centroid_y": -12.653731, "talhao": "PL PIVO 10B" }, "geometry": { "type": "MultiPolygon", "coordinates": [ [ [ [ -45.696773084, -12.653549613292524 ], [ -45.696773084, -12.653822184 ], [ -45.697093457275642, -12.653822184 ], [ -45.696773084, -12.653549613292524 ] ] ] ] } },
{ "type": "Feature", "properties": { "id": 10249, "left": -45.697132408000002, "top": -12.653822184000001, "right": -45.696773084, "bottom": -12.654181508000001, "centroid_x": -45.696952, "centroid_y": -12.654003, "talhao": "PL PIVO 10B" }, "geometry": { "type": "MultiPolygon", "coordinates": [ [ [ [ -45.697093457275649, -12.653822184 ], [ -45.696773084, -12.653822184 ], [ -45.696773084, -12.654181508 ], [ -45.697132408, -12.654181508 ], [ -45.697132408, -12.653855322926688 ], [ -45.697093457275649, -12.653822184 ] ] ] ] } },
{ "type": "Feature", "properties": { "id": 10250, "left": -45.697132408000002, "top": -12.654181508000001, "right": -45.696773084, "bottom": -12.654540832, "centroid_x": -45.696953, "centroid_y": -12.654361, "talhao": "PL PIVO 10B" }, "geometry": { "type": "MultiPolygon", "coordinates": [ [ [ [ -45.697132408, -12.654181508 ], [ -45.696773084, -12.654181508 ], [ -45.696773084, -12.654540832 ], [ -45.697132408, -12.654540832 ], [ -45.697132408, -12.654181508 ] ] ] ] } },
{ "type": "Feature", "properties": { "id": 10251, "left": -45.697132408000002, "top": -12.654540832, "right": -45.696773084, "bottom": -12.654900156, "centroid_x": -45.696953, "centroid_y": -12.65472, "talhao": "PL PIVO 10B" }, "geometry": { "type": "MultiPolygon", "coordinates": [ [ [ [ -45.697132408, -12.654540832 ], [ -45.696773084, -12.654540832 ], [ -45.696773084, -12.654900156 ], [ -45.697132408, -12.654900156 ], [ -45.697132408, -12.654540832 ] ] ] ] } },
{ "type": "Feature", "properties": { "id": 10252, "left": -45.697132408000002, "top": -12.654900156, "right": -45.696773084, "bottom": -12.65525948, "centroid_x": -45.696953, "centroid_y": -12.65508, "talhao": "PL PIVO 10B" }, "geometry": { "type": "MultiPolygon", "coordinates": [ [ [ [ -45.697132408, -12.654900156 ], [ -45.696773084, -12.654900156 ], [ -45.696773084, -12.65525948 ], [ -45.697132408, -12.65525948 ], [ -45.697132408, -12.654900156 ] ] ] ] } },
{ "type": "Feature", "properties": { "id": 10253, "left": -45.697132408000002, "top": -12.65525948, "right": -45.696773084, "bottom": -12.655618804, "centroid_x": -45.696953, "centroid_y": -12.655439, "talhao": "PL PIVO 10B" }, "geometry": { "type": "MultiPolygon", "coordinates": [ [ [ [ -45.697132408, -12.65525948 ], [ -45.696773084, -12.65525948 ], [ -45.696773084, -12.655618804 ], [ -45.697132408, -12.655618804 ], [ -45.697132408, -12.65525948 ] ] ] ] } },
{ "type": "Feature", "properties": { "id": 10254, "left": -45.697132408000002, "top": -12.655618804, "right": -45.696773084, "bottom": -12.655978128, "centroid_x": -45.696953, "centroid_y": -12.655798, "talhao": "PL PIVO 10B" }, "geometry": { "type": "MultiPolygon", "coordinates": [ [ [ [ -45.697132408, -12.655618804 ], [ -45.696773084, -12.655618804 ], [ -45.696773084, -12.655978128 ], [ -45.697132408, -12.655978128 ], [ -45.697132408, -12.655618804 ] ] ] ] } },
{ "type": "Feature", "properties": { "id": 10255, "left": -45.697132408000002, "top": -12.655978128000001, "right": -45.696773084, "bottom": -12.656337452000001, "centroid_x": -45.696953, "centroid_y": -12.656158, "talhao": "PL PIVO 10B" }, "geometry": { "type": "MultiPolygon", "coordinates": [ [ [ [ -45.697132408, -12.655978128 ], [ -45.696773084, -12.655978128 ], [ -45.696773084, -12.656337452 ], [ -45.697132408, -12.656337452 ], [ -45.697132408, -12.655978128 ] ] ] ] } },
{ "type": "Feature", "properties": { "id": 10256, "left": -45.697132408000002, "top": -12.656337452000001, "right": -45.696773084, "bottom": -12.656696776, "centroid_x": -45.696953, "centroid_y": -12.656517, "talhao": "PL PIVO 10B" }, "geometry": { "type": "MultiPolygon", "coordinates": [ [ [ [ -45.697132408, -12.656337452 ], [ -45.696773084, -12.656337452 ], [ -45.696773084, -12.656696776 ], [ -45.697132408, -12.656696776 ], [ -45.697132408, -12.656337452 ] ] ] ] } },
{ "type": "Feature", "properties": { "id": 10257, "left": -45.697132408000002, "top": -12.656696776, "right": -45.696773084, "bottom": -12.6570561, "centroid_x": -45.696953, "centroid_y": -12.656876, "talhao": "PL PIVO 10B" }, "geometry": { "type": "MultiPolygon", "coordinates": [ [ [ [ -45.697132408, -12.656696776 ], [ -45.696773084, -12.656696776 ], [ -45.696773084, -12.6570561 ], [ -45.697132408, -12.6570561 ], [ -45.697132408, -12.656696776 ] ] ] ] } },
{ "type": "Feature", "properties": { "id": 10258, "left": -45.697132408000002, "top": -12.6570561, "right": -45.696773084, "bottom": -12.657415424, "centroid_x": -45.696953, "centroid_y": -12.657236, "talhao": "PL PIVO 10B" }, "geometry": { "type": "MultiPolygon", "coordinates": [ [ [ [ -45.697132408, -12.6570561 ], [ -45.696773084, -12.6570561 ], [ -45.696773084, -12.657415424 ], [ -45.697132408, -12.657415424 ], [ -45.697132408, -12.6570561 ] ] ] ] } },
{ "type": "Feature", "properties": { "id": 10259, "left": -45.697132408000002, "top": -12.657415424, "right": -45.696773084, "bottom": -12.657774748, "centroid_x": -45.696953, "centroid_y": -12.657595, "talhao": "PL PIVO 10B" }, "geometry": { "type": "MultiPolygon", "coordinates": [ [ [ [ -45.697132408, -12.657415424 ], [ -45.696773084, -12.657415424 ], [ -45.696773084, -12.657774748 ], [ -45.697132408, -12.657774748 ], [ -45.697132408, -12.657415424 ] ] ] ] } },
{ "type": "Feature", "properties": { "id": 10260, "left": -45.697132408000002, "top": -12.657774748, "right": -45.696773084, "bottom": -12.658134072, "centroid_x": -45.696953, "centroid_y": -12.657954, "talhao": "PL PIVO 10B" }, "geometry": { "type": "MultiPolygon", "coordinates": [ [ [ [ -45.697132408, -12.657774748 ], [ -45.696773084, -12.657774748 ], [ -45.696773084, -12.658134072 ], [ -45.697132408, -12.658134072 ], [ -45.697132408, -12.657774748 ] ] ] ] } },
{ "type": "Feature", "properties": { "id": 10261, "left": -45.697132408000002, "top": -12.658134072, "right": -45.696773084, "bottom": -12.658493396000001, "centroid_x": -45.696921, "centroid_y": -12.658186, "talhao": "PL PIVO 10B" }, "geometry": { "type": "MultiPolygon", "coordinates": [ [ [ [ -45.696969, -12.658229 ], [ -45.697132408, -12.658175253071619 ], [ -45.697132408, -12.658134072 ], [ -45.696773084, -12.658134072 ], [ -45.696773084, -12.658275839687358 ], [ -45.696969, -12.658229 ] ] ] ] } },
{ "type": "Feature", "properties": { "id": 10276, "left": -45.696773084, "top": -12.653103536, "right": -45.69641376, "bottom": -12.65346286, "centroid_x": -45.6965, "centroid_y": -12.65339, "talhao": "PL PIVO 10B" }, "geometry": { "type": "MultiPolygon", "coordinates": [ [ [ [ -45.69641376, -12.653243903658359 ], [ -45.69641376, -12.65346286 ], [ -45.696671116195915, -12.65346286 ], [ -45.69641376, -12.653243903658359 ] ] ] ] } },
{ "type": "Feature", "properties": { "id": 10277, "left": -45.696773084, "top": -12.65346286, "right": -45.69641376, "bottom": -12.653822184, "centroid_x": -45.696588, "centroid_y": -12.653648, "talhao": "PL PIVO 10B" }, "geometry": { "type": "MultiPolygon", "coordinates": [ [ [ [ -45.696671116195915, -12.65346286 ], [ -45.69641376, -12.65346286 ], [ -45.69641376, -12.653822184 ], [ -45.696773084, -12.653822184 ], [ -45.696773084, -12.653549613292524 ], [ -45.696671116195915, -12.65346286 ] ] ] ] } },
{ "type": "Feature", "properties": { "id": 10278, "left": -45.696773084, "top": -12.653822184000001, "right": -45.69641376, "bottom": -12.654181508000001, "centroid_x": -45.696593, "centroid_y": -12.654002, "talhao": "PL PIVO 10B" }, "geometry": { "type": "MultiPolygon", "coordinates": [ [ [ [ -45.696773084, -12.653822184 ], [ -45.69641376, -12.653822184 ], [ -45.69641376, -12.654181508 ], [ -45.696773084, -12.654181508 ], [ -45.696773084, -12.653822184 ] ] ] ] } },
{ "type": "Feature", "properties": { "id": 10279, "left": -45.696773084, "top": -12.654181508000001, "right": -45.69641376, "bottom": -12.654540832, "centroid_x": -45.696593, "centroid_y": -12.654361, "talhao": "PL PIVO 10B" }, "geometry": { "type": "MultiPolygon", "coordinates": [ [ [ [ -45.696773084, -12.654181508 ], [ -45.69641376, -12.654181508 ], [ -45.69641376, -12.654540832 ], [ -45.696773084, -12.654540832 ], [ -45.696773084, -12.654181508 ] ] ] ] } },
{ "type": "Feature", "properties": { "id": 10280, "left": -45.696773084, "top": -12.654540832, "right": -45.69641376, "bottom": -12.654900156, "centroid_x": -45.696593, "centroid_y": -12.65472, "talhao": "PL PIVO 10B" }, "geometry": { "type": "MultiPolygon", "coordinates": [ [ [ [ -45.696773084, -12.654540832 ], [ -45.69641376, -12.654540832 ], [ -45.69641376, -12.654900156 ], [ -45.696773084, -12.654900156 ], [ -45.696773084, -12.654540832 ] ] ] ] } },
{ "type": "Feature", "properties": { "id": 10281, "left": -45.696773084, "top": -12.654900156, "right": -45.69641376, "bottom": -12.65525948, "centroid_x": -45.696593, "centroid_y": -12.65508, "talhao": "PL PIVO 10B" }, "geometry": { "type": "MultiPolygon", "coordinates": [ [ [ [ -45.696773084, -12.654900156 ], [ -45.69641376, -12.654900156 ], [ -45.69641376, -12.65525948 ], [ -45.696773084, -12.65525948 ], [ -45.696773084, -12.654900156 ] ] ] ] } },
{ "type": "Feature", "properties": { "id": 10282, "left": -45.696773084, "top": -12.65525948, "right": -45.69641376, "bottom": -12.655618804, "centroid_x": -45.696593, "centroid_y": -12.655439, "talhao": "PL PIVO 10B" }, "geometry": { "type": "MultiPolygon", "coordinates": [ [ [ [ -45.696773084, -12.65525948 ], [ -45.69641376, -12.65525948 ], [ -45.69641376, -12.655618804 ], [ -45.696773084, -12.655618804 ], [ -45.696773084, -12.65525948 ] ] ] ] } },
{ "type": "Feature", "properties": { "id": 10283, "left": -45.696773084, "top": -12.655618804, "right": -45.69641376, "bottom": -12.655978128, "centroid_x": -45.696593, "centroid_y": -12.655798, "talhao": "PL PIVO 10B" }, "geometry": { "type": "MultiPolygon", "coordinates": [ [ [ [ -45.696773084, -12.655618804 ], [ -45.69641376, -12.655618804 ], [ -45.69641376, -12.655978128 ], [ -45.696773084, -12.655978128 ], [ -45.696773084, -12.655618804 ] ] ] ] } },
{ "type": "Feature", "properties": { "id": 10284, "left": -45.696773084, "top": -12.655978128000001, "right": -45.69641376, "bottom": -12.656337452000001, "centroid_x": -45.696593, "centroid_y": -12.656158, "talhao": "PL PIVO 10B" }, "geometry": { "type": "MultiPolygon", "coordinates": [ [ [ [ -45.696773084, -12.655978128 ], [ -45.69641376, -12.655978128 ], [ -45.69641376, -12.656337452 ], [ -45.696773084, -12.656337452 ], [ -45.696773084, -12.655978128 ] ] ] ] } },
{ "type": "Feature", "properties": { "id": 10285, "left": -45.696773084, "top": -12.656337452000001, "right": -45.69641376, "bottom": -12.656696776, "centroid_x": -45.696593, "centroid_y": -12.656517, "talhao": "PL PIVO 10B" }, "geometry": { "type": "MultiPolygon", "coordinates": [ [ [ [ -45.696773084, -12.656337452 ], [ -45.69641376, -12.656337452 ], [ -45.69641376, -12.656696776 ], [ -45.696773084, -12.656696776 ], [ -45.696773084, -12.656337452 ] ] ] ] } },
{ "type": "Feature", "properties": { "id": 10286, "left": -45.696773084, "top": -12.656696776, "right": -45.69641376, "bottom": -12.6570561, "centroid_x": -45.696593, "centroid_y": -12.656876, "talhao": "PL PIVO 10B" }, "geometry": { "type": "MultiPolygon", "coordinates": [ [ [ [ -45.696773084, -12.656696776 ], [ -45.69641376, -12.656696776 ], [ -45.69641376, -12.6570561 ], [ -45.696773084, -12.6570561 ], [ -45.696773084, -12.656696776 ] ] ] ] } },
{ "type": "Feature", "properties": { "id": 10287, "left": -45.696773084, "top": -12.6570561, "right": -45.69641376, "bottom": -12.657415424, "centroid_x": -45.696593, "centroid_y": -12.657236, "talhao": "PL PIVO 10B" }, "geometry": { "type": "MultiPolygon", "coordinates": [ [ [ [ -45.696773084, -12.6570561 ], [ -45.69641376, -12.6570561 ], [ -45.69641376, -12.657415424 ], [ -45.696773084, -12.657415424 ], [ -45.696773084, -12.6570561 ] ] ] ] } },
{ "type": "Feature", "properties": { "id": 10288, "left": -45.696773084, "top": -12.657415424, "right": -45.69641376, "bottom": -12.657774748, "centroid_x": -45.696593, "centroid_y": -12.657595, "talhao": "PL PIVO 10B" }, "geometry": { "type": "MultiPolygon", "coordinates": [ [ [ [ -45.696773084, -12.657415424 ], [ -45.69641376, -12.657415424 ], [ -45.69641376, -12.657774748 ], [ -45.696773084, -12.657774748 ], [ -45.696773084, -12.657415424 ] ] ] ] } },
{ "type": "Feature", "properties": { "id": 10289, "left": -45.696773084, "top": -12.657774748, "right": -45.69641376, "bottom": -12.658134072, "centroid_x": -45.696593, "centroid_y": -12.657954, "talhao": "PL PIVO 10B" }, "geometry": { "type": "MultiPolygon", "coordinates": [ [ [ [ -45.696773084, -12.657774748 ], [ -45.69641376, -12.657774748 ], [ -45.69641376, -12.658134072 ], [ -45.696773084, -12.658134072 ], [ -45.696773084, -12.657774748 ] ] ] ] } },
{ "type": "Feature", "properties": { "id": 10290, "left": -45.696773084, "top": -12.658134072, "right": -45.69641376, "bottom": -12.658493396000001, "centroid_x": -45.69658, "centroid_y": -12.658228, "talhao": "PL PIVO 10B" }, "geometry": { "type": "MultiPolygon", "coordinates": [ [ [ [ -45.696534, -12.658333 ], [ -45.696773084, -12.658275839687358 ], [ -45.696773084, -12.658134072 ], [ -45.69641376, -12.658134072 ], [ -45.69641376, -12.658356547 ], [ -45.696534, -12.658333 ] ] ] ] } },
{ "type": "Feature", "properties": { "id": 10304, "left": -45.69641376, "top": -12.652744212, "right": -45.696054435999997, "bottom": -12.653103536, "centroid_x": -45.696119, "centroid_y": -12.653048, "talhao": "PL PIVO 10B" }, "geometry": { "type": "MultiPolygon", "coordinates": [ [ [ [ -45.696054436, -12.652938194024193 ], [ -45.696054436, -12.653103536 ], [ -45.696248775116189, -12.653103536 ], [ -45.696054436, -12.652938194024193 ] ] ] ] } },
{ "type": "Feature", "properties": { "id": 10305, "left": -45.69641376, "top": -12.653103536, "right": -45.696054435999997, "bottom": -12.65346286, "centroid_x": -45.696222, "centroid_y": -12.653296, "talhao": "PL PIVO 10B" }, "geometry": { "type": "MultiPolygon", "coordinates": [ [ [ [ -45.696248775116189, -12.653103536 ], [ -45.696054436, -12.653103536 ], [ -45.696054436, -12.65346286 ], [ -45.69641376, -12.65346286 ], [ -45.69641376, -12.653243903658359 ], [ -45.696248775116189, -12.653103536 ] ] ] ] } },
{ "type": "Feature", "properties": { "id": 10306, "left": -45.69641376, "top": -12.65346286, "right": -45.696054435999997, "bottom": -12.653822184, "centroid_x": -45.696234, "centroid_y": -12.653643, "talhao": "PL PIVO 10B" }, "geometry": { "type": "MultiPolygon", "coordinates": [ [ [ [ -45.69641376, -12.65346286 ], [ -45.696054436, -12.65346286 ], [ -45.696054436, -12.653822184 ], [ -45.69641376, -12.653822184 ], [ -45.69641376, -12.65346286 ] ] ] ] } },
{ "type": "Feature", "properties": { "id": 10307, "left": -45.69641376, "top": -12.653822184000001, "right": -45.696054435999997, "bottom": -12.654181508000001, "centroid_x": -45.696234, "centroid_y": -12.654002, "talhao": "PL PIVO 10B" }, "geometry": { "type": "MultiPolygon", "coordinates": [ [ [ [ -45.69641376, -12.653822184 ], [ -45.696054436, -12.653822184 ], [ -45.696054436, -12.654181508 ], [ -45.69641376, -12.654181508 ], [ -45.69641376, -12.653822184 ] ] ] ] } },
{ "type": "Feature", "properties": { "id": 10308, "left": -45.69641376, "top": -12.654181508000001, "right": -45.696054435999997, "bottom": -12.654540832, "centroid_x": -45.696234, "centroid_y": -12.654361, "talhao": "PL PIVO 10B" }, "geometry": { "type": "MultiPolygon", "coordinates": [ [ [ [ -45.69641376, -12.654181508 ], [ -45.696054436, -12.654181508 ], [ -45.696054436, -12.654540832 ], [ -45.69641376, -12.654540832 ], [ -45.69641376, -12.654181508 ] ] ] ] } },
{ "type": "Feature", "properties": { "id": 10309, "left": -45.69641376, "top": -12.654540832, "right": -45.696054435999997, "bottom": -12.654900156, "centroid_x": -45.696234, "centroid_y": -12.65472, "talhao": "PL PIVO 10B" }, "geometry": { "type": "MultiPolygon", "coordinates": [ [ [ [ -45.69641376, -12.654540832 ], [ -45.696054436, -12.654540832 ], [ -45.696054436, -12.654900156 ], [ -45.69641376, -12.654900156 ], [ -45.69641376, -12.654540832 ] ] ] ] } },
{ "type": "Feature", "properties": { "id": 10310, "left": -45.69641376, "top": -12.654900156, "right": -45.696054435999997, "bottom": -12.65525948, "centroid_x": -45.696234, "centroid_y": -12.65508, "talhao": "PL PIVO 10B" }, "geometry": { "type": "MultiPolygon", "coordinates": [ [ [ [ -45.69641376, -12.654900156 ], [ -45.696054436, -12.654900156 ], [ -45.696054436, -12.65525948 ], [ -45.69641376, -12.65525948 ], [ -45.69641376, -12.654900156 ] ] ] ] } },
{ "type": "Feature", "properties": { "id": 10311, "left": -45.69641376, "top": -12.65525948, "right": -45.696054435999997, "bottom": -12.655618804, "centroid_x": -45.696234, "centroid_y": -12.655439, "talhao": "PL PIVO 10B" }, "geometry": { "type": "MultiPolygon", "coordinates": [ [ [ [ -45.69641376, -12.65525948 ], [ -45.696054436, -12.65525948 ], [ -45.696054436, -12.655618804 ], [ -45.69641376, -12.655618804 ], [ -45.69641376, -12.65525948 ] ] ] ] } },
{ "type": "Feature", "properties": { "id": 10312, "left": -45.69641376, "top": -12.655618804, "right": -45.696054435999997, "bottom": -12.655978128, "centroid_x": -45.696234, "centroid_y": -12.655798, "talhao": "PL PIVO 10B" }, "geometry": { "type": "MultiPolygon", "coordinates": [ [ [ [ -45.69641376, -12.655618804 ], [ -45.696054436, -12.655618804 ], [ -45.696054436, -12.655978128 ], [ -45.69641376, -12.655978128 ], [ -45.69641376, -12.655618804 ] ] ] ] } },
{ "type": "Feature", "properties": { "id": 10313, "left": -45.69641376, "top": -12.655978128000001, "right": -45.696054435999997, "bottom": -12.656337452000001, "centroid_x": -45.696234, "centroid_y": -12.656158, "talhao": "PL PIVO 10B" }, "geometry": { "type": "MultiPolygon", "coordinates": [ [ [ [ -45.69641376, -12.655978128 ], [ -45.696054436, -12.655978128 ], [ -45.696054436, -12.656337452 ], [ -45.69641376, -12.656337452 ], [ -45.69641376, -12.655978128 ] ] ] ] } },
{ "type": "Feature", "properties": { "id": 10314, "left": -45.69641376, "top": -12.656337452000001, "right": -45.696054435999997, "bottom": -12.656696776, "centroid_x": -45.696234, "centroid_y": -12.656517, "talhao": "PL PIVO 10B" }, "geometry": { "type": "MultiPolygon", "coordinates": [ [ [ [ -45.69641376, -12.656337452 ], [ -45.696054436, -12.656337452 ], [ -45.696054436, -12.656696776 ], [ -45.69641376, -12.656696776 ], [ -45.69641376, -12.656337452 ] ] ] ] } },
{ "type": "Feature", "properties": { "id": 10315, "left": -45.69641376, "top": -12.656696776, "right": -45.696054435999997, "bottom": -12.6570561, "centroid_x": -45.696234, "centroid_y": -12.656876, "talhao": "PL PIVO 10B" }, "geometry": { "type": "MultiPolygon", "coordinates": [ [ [ [ -45.69641376, -12.656696776 ], [ -45.696054436, -12.656696776 ], [ -45.696054436, -12.6570561 ], [ -45.69641376, -12.6570561 ], [ -45.69641376, -12.656696776 ] ] ] ] } },
{ "type": "Feature", "properties": { "id": 10316, "left": -45.69641376, "top": -12.6570561, "right": -45.696054435999997, "bottom": -12.657415424, "centroid_x": -45.696234, "centroid_y": -12.657236, "talhao": "PL PIVO 10B" }, "geometry": { "type": "MultiPolygon", "coordinates": [ [ [ [ -45.69641376, -12.6570561 ], [ -45.696054436, -12.6570561 ], [ -45.696054436, -12.657415424 ], [ -45.69641376, -12.657415424 ], [ -45.69641376, -12.6570561 ] ] ] ] } },
{ "type": "Feature", "properties": { "id": 10317, "left": -45.69641376, "top": -12.657415424, "right": -45.696054435999997, "bottom": -12.657774748, "centroid_x": -45.696234, "centroid_y": -12.657595, "talhao": "PL PIVO 10B" }, "geometry": { "type": "MultiPolygon", "coordinates": [ [ [ [ -45.69641376, -12.657415424 ], [ -45.696054436, -12.657415424 ], [ -45.696054436, -12.657774748 ], [ -45.69641376, -12.657774748 ], [ -45.69641376, -12.657415424 ] ] ] ] } },
{ "type": "Feature", "properties": { "id": 10318, "left": -45.69641376, "top": -12.657774748, "right": -45.696054435999997, "bottom": -12.658134072, "centroid_x": -45.696234, "centroid_y": -12.657954, "talhao": "PL PIVO 10B" }, "geometry": { "type": "MultiPolygon", "coordinates": [ [ [ [ -45.69641376, -12.657774748 ], [ -45.696054436, -12.657774748 ], [ -45.696054436, -12.658134072 ], [ -45.69641376, -12.658134072 ], [ -45.69641376, -12.657774748 ] ] ] ] } },
{ "type": "Feature", "properties": { "id": 10319, "left": -45.69641376, "top": -12.658134072, "right": -45.696054435999997, "bottom": -12.658493396000001, "centroid_x": -45.696227, "centroid_y": -12.658262, "talhao": "PL PIVO 10B" }, "geometry": { "type": "MultiPolygon", "coordinates": [ [ [ [ -45.696294, -12.65838 ], [ -45.69641376, -12.658356547 ], [ -45.69641376, -12.658134072 ], [ -45.696054436, -12.658134072 ], [ -45.696054436, -12.65841787225 ], [ -45.696294, -12.65838 ] ] ] ] } },
{ "type": "Feature", "properties": { "id": 10332, "left": -45.696054435999997, "top": -12.652384888, "right": -45.695695111999996, "bottom": -12.652744212, "centroid_x": -45.695739, "centroid_y": -12.652707, "talhao": "PL PIVO 10B" }, "geometry": { "type": "MultiPolygon", "coordinates": [ [ [ [ -45.695695112, -12.652632484390027 ], [ -45.695695112, -12.652744212 ], [ -45.695826434036462, -12.652744212 ], [ -45.695695112, -12.652632484390027 ] ] ] ] } },
{ "type": "Feature", "properties": { "id": 10333, "left": -45.696054435999997, "top": -12.652744212, "right": -45.695695111999996, "bottom": -12.653103536, "centroid_x": -45.695853, "centroid_y": -12.652948, "talhao": "PL PIVO 10B" }, "geometry": { "type": "MultiPolygon", "coordinates": [ [ [ [ -45.695826434036462, -12.652744212 ], [ -45.695695112, -12.652744212 ], [ -45.695695112, -12.653103536 ], [ -45.696054436, -12.653103536 ], [ -45.696054436, -12.652938194024193 ], [ -45.695826434036462, -12.652744212 ] ] ] ] } },
{ "type": "Feature", "properties": { "id": 10334, "left": -45.696054435999997, "top": -12.653103536, "right": -45.695695111999996, "bottom": -12.65346286, "centroid_x": -45.695875, "centroid_y": -12.653283, "talhao": "PL PIVO 10B" }, "geometry": { "type": "MultiPolygon", "coordinates": [ [ [ [ -45.696054436, -12.653103536 ], [ -45.695695112, -12.653103536 ], [ -45.695695112, -12.65346286 ], [ -45.696054436, -12.65346286 ], [ -45.696054436, -12.653103536 ] ] ] ] } },
{ "type": "Feature", "properties": { "id": 10335, "left": -45.696054435999997, "top": -12.65346286, "right": -45.695695111999996, "bottom": -12.653822184, "centroid_x": -45.695875, "centroid_y": -12.653643, "talhao": "PL PIVO 10B" }, "geometry": { "type": "MultiPolygon", "coordinates": [ [ [ [ -45.696054436, -12.65346286 ], [ -45.695695112, -12.65346286 ], [ -45.695695112, -12.653822184 ], [ -45.696054436, -12.653822184 ], [ -45.696054436, -12.65346286 ] ] ] ] } },
{ "type": "Feature", "properties": { "id": 10336, "left": -45.696054435999997, "top": -12.653822184000001, "right": -45.695695111999996, "bottom": -12.654181508000001, "centroid_x": -45.695875, "centroid_y": -12.654002, "talhao": "PL PIVO 10B" }, "geometry": { "type": "MultiPolygon", "coordinates": [ [ [ [ -45.696054436, -12.653822184 ], [ -45.695695112, -12.653822184 ], [ -45.695695112, -12.654181508 ], [ -45.696054436, -12.654181508 ], [ -45.696054436, -12.653822184 ] ] ] ] } },
{ "type": "Feature", "properties": { "id": 10337, "left": -45.696054435999997, "top": -12.654181508000001, "right": -45.695695111999996, "bottom": -12.654540832, "centroid_x": -45.695875, "centroid_y": -12.654361, "talhao": "PL PIVO 10B" }, "geometry": { "type": "MultiPolygon", "coordinates": [ [ [ [ -45.696054436, -12.654181508 ], [ -45.695695112, -12.654181508 ], [ -45.695695112, -12.654540832 ], [ -45.696054436, -12.654540832 ], [ -45.696054436, -12.654181508 ] ] ] ] } },
{ "type": "Feature", "properties": { "id": 10338, "left": -45.696054435999997, "top": -12.654540832, "right": -45.695695111999996, "bottom": -12.654900156, "centroid_x": -45.695875, "centroid_y": -12.65472, "talhao": "PL PIVO 10B" }, "geometry": { "type": "MultiPolygon", "coordinates": [ [ [ [ -45.696054436, -12.654540832 ], [ -45.695695112, -12.654540832 ], [ -45.695695112, -12.654900156 ], [ -45.696054436, -12.654900156 ], [ -45.696054436, -12.654540832 ] ] ] ] } },
{ "type": "Feature", "properties": { "id": 10339, "left": -45.696054435999997, "top": -12.654900156, "right": -45.695695111999996, "bottom": -12.65525948, "centroid_x": -45.695875, "centroid_y": -12.65508, "talhao": "PL PIVO 10B" }, "geometry": { "type": "MultiPolygon", "coordinates": [ [ [ [ -45.696054436, -12.654900156 ], [ -45.695695112, -12.654900156 ], [ -45.695695112, -12.65525948 ], [ -45.696054436, -12.65525948 ], [ -45.696054436, -12.654900156 ] ] ] ] } },
{ "type": "Feature", "properties": { "id": 10340, "left": -45.696054435999997, "top": -12.65525948, "right": -45.695695111999996, "bottom": -12.655618804, "centroid_x": -45.695875, "centroid_y": -12.655439, "talhao": "PL PIVO 10B" }, "geometry": { "type": "MultiPolygon", "coordinates": [ [ [ [ -45.696054436, -12.65525948 ], [ -45.695695112, -12.65525948 ], [ -45.695695112, -12.655618804 ], [ -45.696054436, -12.655618804 ], [ -45.696054436, -12.65525948 ] ] ] ] } },
{ "type": "Feature", "properties": { "id": 10341, "left": -45.696054435999997, "top": -12.655618804, "right": -45.695695111999996, "bottom": -12.655978128, "centroid_x": -45.695875, "centroid_y": -12.655798, "talhao": "PL PIVO 10B" }, "geometry": { "type": "MultiPolygon", "coordinates": [ [ [ [ -45.696054436, -12.655618804 ], [ -45.695695112, -12.655618804 ], [ -45.695695112, -12.655978128 ], [ -45.696054436, -12.655978128 ], [ -45.696054436, -12.655618804 ] ] ] ] } },
{ "type": "Feature", "properties": { "id": 10342, "left": -45.696054435999997, "top": -12.655978128000001, "right": -45.695695111999996, "bottom": -12.656337452000001, "centroid_x": -45.695875, "centroid_y": -12.656158, "talhao": "PL PIVO 10B" }, "geometry": { "type": "MultiPolygon", "coordinates": [ [ [ [ -45.696054436, -12.655978128 ], [ -45.695695112, -12.655978128 ], [ -45.695695112, -12.656337452 ], [ -45.696054436, -12.656337452 ], [ -45.696054436, -12.655978128 ] ] ] ] } },
{ "type": "Feature", "properties": { "id": 10343, "left": -45.696054435999997, "top": -12.656337452000001, "right": -45.695695111999996, "bottom": -12.656696776, "centroid_x": -45.695875, "centroid_y": -12.656517, "talhao": "PL PIVO 10B" }, "geometry": { "type": "MultiPolygon", "coordinates": [ [ [ [ -45.696054436, -12.656337452 ], [ -45.695695112, -12.656337452 ], [ -45.695695112, -12.656696776 ], [ -45.696054436, -12.656696776 ], [ -45.696054436, -12.656337452 ] ] ] ] } },
{ "type": "Feature", "properties": { "id": 10344, "left": -45.696054435999997, "top": -12.656696776, "right": -45.695695111999996, "bottom": -12.6570561, "centroid_x": -45.695875, "centroid_y": -12.656876, "talhao": "PL PIVO 10B" }, "geometry": { "type": "MultiPolygon", "coordinates": [ [ [ [ -45.696054436, -12.656696776 ], [ -45.695695112, -12.656696776 ], [ -45.695695112, -12.6570561 ], [ -45.696054436, -12.6570561 ], [ -45.696054436, -12.656696776 ] ] ] ] } },
{ "type": "Feature", "properties": { "id": 10345, "left": -45.696054435999997, "top": -12.6570561, "right": -45.695695111999996, "bottom": -12.657415424, "centroid_x": -45.695875, "centroid_y": -12.657236, "talhao": "PL PIVO 10B" }, "geometry": { "type": "MultiPolygon", "coordinates": [ [ [ [ -45.696054436, -12.6570561 ], [ -45.695695112, -12.6570561 ], [ -45.695695112, -12.657415424 ], [ -45.696054436, -12.657415424 ], [ -45.696054436, -12.6570561 ] ] ] ] } },
{ "type": "Feature", "properties": { "id": 10346, "left": -45.696054435999997, "top": -12.657415424, "right": -45.695695111999996, "bottom": -12.657774748, "centroid_x": -45.695875, "centroid_y": -12.657595, "talhao": "PL PIVO 10B" }, "geometry": { "type": "MultiPolygon", "coordinates": [ [ [ [ -45.696054436, -12.657415424 ], [ -45.695695112, -12.657415424 ], [ -45.695695112, -12.657774748 ], [ -45.696054436, -12.657774748 ], [ -45.696054436, -12.657415424 ] ] ] ] } },
{ "type": "Feature", "properties": { "id": 10347, "left": -45.696054435999997, "top": -12.657774748, "right": -45.695695111999996, "bottom": -12.658134072, "centroid_x": -45.695875, "centroid_y": -12.657954, "talhao": "PL PIVO 10B" }, "geometry": { "type": "MultiPolygon", "coordinates": [ [ [ [ -45.696054436, -12.657774748 ], [ -45.695695112, -12.657774748 ], [ -45.695695112, -12.658134072 ], [ -45.696054436, -12.658134072 ], [ -45.696054436, -12.657774748 ] ] ] ] } },
{ "type": "Feature", "properties": { "id": 10348, "left": -45.696054435999997, "top": -12.658134072, "right": -45.695695111999996, "bottom": -12.658493396000001, "centroid_x": -45.695871, "centroid_y": -12.658286, "talhao": "PL PIVO 10B" }, "geometry": { "type": "MultiPolygon", "coordinates": [ [ [ [ -45.696022, -12.658423 ], [ -45.696054436, -12.65841787225 ], [ -45.696054436, -12.658134072 ], [ -45.695695112, -12.658134072 ], [ -45.695695112, -12.658457087251337 ], [ -45.696022, -12.658423 ] ] ] ] } },
{ "type": "Feature", "properties": { "id": 10360, "left": -45.695695112000003, "top": -12.652025564000001, "right": -45.695335788000001, "bottom": -12.652384888, "centroid_x": -45.695359, "centroid_y": -12.652366, "talhao": "PL PIVO 10B" }, "geometry": { "type": "MultiPolygon", "coordinates": [ [ [ [ -45.695335788, -12.652326774755869 ], [ -45.695335788, -12.652384888 ], [ -45.695404092956736, -12.652384888 ], [ -45.695335788, -12.652326774755869 ] ] ] ] } },
{ "type": "Feature", "properties": { "id": 10361, "left": -45.695695112000003, "top": -12.652384888, "right": -45.695335788000001, "bottom": -12.652744212, "centroid_x": -45.695483, "centroid_y": -12.652602, "talhao": "PL PIVO 10B" }, "geometry": { "type": "MultiPolygon", "coordinates": [ [ [ [ -45.695404092956736, -12.652384888 ], [ -45.695335788, -12.652384888 ], [ -45.695335788, -12.652744212 ], [ -45.695695112, -12.652744212 ], [ -45.695695112, -12.652632484390033 ], [ -45.695404092956736, -12.652384888 ] ] ] ] } },
{ "type": "Feature", "properties": { "id": 10362, "left": -45.695695112000003, "top": -12.652744212, "right": -45.695335788000001, "bottom": -12.653103536, "centroid_x": -45.695515, "centroid_y": -12.652924, "talhao": "PL PIVO 10B" }, "geometry": { "type": "MultiPolygon", "coordinates": [ [ [ [ -45.695695112, -12.652744212 ], [ -45.695335788, -12.652744212 ], [ -45.695335788, -12.653103536 ], [ -45.695695112, -12.653103536 ], [ -45.695695112, -12.652744212 ] ] ] ] } },
{ "type": "Feature", "properties": { "id": 10363, "left": -45.695695112000003, "top": -12.653103536, "right": -45.695335788000001, "bottom": -12.65346286, "centroid_x": -45.695515, "centroid_y": -12.653283, "talhao": "PL PIVO 10B" }, "geometry": { "type": "MultiPolygon", "coordinates": [ [ [ [ -45.695695112, -12.653103536 ], [ -45.695335788, -12.653103536 ], [ -45.695335788, -12.65346286 ], [ -45.695695112, -12.65346286 ], [ -45.695695112, -12.653103536 ] ] ] ] } },
{ "type": "Feature", "properties": { "id": 10364, "left": -45.695695112000003, "top": -12.65346286, "right": -45.695335788000001, "bottom": -12.653822184, "centroid_x": -45.695515, "centroid_y": -12.653643, "talhao": "PL PIVO 10B" }, "geometry": { "type": "MultiPolygon", "coordinates": [ [ [ [ -45.695695112, -12.65346286 ], [ -45.695335788, -12.65346286 ], [ -45.695335788, -12.653822184 ], [ -45.695695112, -12.653822184 ], [ -45.695695112, -12.65346286 ] ] ] ] } },
{ "type": "Feature", "properties": { "id": 10365, "left": -45.695695112000003, "top": -12.653822184000001, "right": -45.695335788000001, "bottom": -12.654181508000001, "centroid_x": -45.695515, "centroid_y": -12.654002, "talhao": "PL PIVO 10B" }, "geometry": { "type": "MultiPolygon", "coordinates": [ [ [ [ -45.695695112, -12.653822184 ], [ -45.695335788, -12.653822184 ], [ -45.695335788, -12.654181508 ], [ -45.695695112, -12.654181508 ], [ -45.695695112, -12.653822184 ] ] ] ] } },
{ "type": "Feature", "properties": { "id": 10366, "left": -45.695695112000003, "top": -12.654181508000001, "right": -45.695335788000001, "bottom": -12.654540832, "centroid_x": -45.695515, "centroid_y": -12.654361, "talhao": "PL PIVO 10B" }, "geometry": { "type": "MultiPolygon", "coordinates": [ [ [ [ -45.695695112, -12.654181508 ], [ -45.695335788, -12.654181508 ], [ -45.695335788, -12.654540832 ], [ -45.695695112, -12.654540832 ], [ -45.695695112, -12.654181508 ] ] ] ] } },
{ "type": "Feature", "properties": { "id": 10367, "left": -45.695695112000003, "top": -12.654540832, "right": -45.695335788000001, "bottom": -12.654900156, "centroid_x": -45.695515, "centroid_y": -12.65472, "talhao": "PL PIVO 10B" }, "geometry": { "type": "MultiPolygon", "coordinates": [ [ [ [ -45.695695112, -12.654540832 ], [ -45.695335788, -12.654540832 ], [ -45.695335788, -12.654900156 ], [ -45.695695112, -12.654900156 ], [ -45.695695112, -12.654540832 ] ] ] ] } },
{ "type": "Feature", "properties": { "id": 10368, "left": -45.695695112000003, "top": -12.654900156, "right": -45.695335788000001, "bottom": -12.65525948, "centroid_x": -45.695515, "centroid_y": -12.65508, "talhao": "PL PIVO 10B" }, "geometry": { "type": "MultiPolygon", "coordinates": [ [ [ [ -45.695695112, -12.654900156 ], [ -45.695335788, -12.654900156 ], [ -45.695335788, -12.65525948 ], [ -45.695695112, -12.65525948 ], [ -45.695695112, -12.654900156 ] ] ] ] } },
{ "type": "Feature", "properties": { "id": 10369, "left": -45.695695112000003, "top": -12.65525948, "right": -45.695335788000001, "bottom": -12.655618804, "centroid_x": -45.695515, "centroid_y": -12.655439, "talhao": "PL PIVO 10B" }, "geometry": { "type": "MultiPolygon", "coordinates": [ [ [ [ -45.695695112, -12.65525948 ], [ -45.695335788, -12.65525948 ], [ -45.695335788, -12.655618804 ], [ -45.695695112, -12.655618804 ], [ -45.695695112, -12.65525948 ] ] ] ] } },
{ "type": "Feature", "properties": { "id": 10370, "left": -45.695695112000003, "top": -12.655618804, "right": -45.695335788000001, "bottom": -12.655978128, "centroid_x": -45.695515, "centroid_y": -12.655798, "talhao": "PL PIVO 10B" }, "geometry": { "type": "MultiPolygon", "coordinates": [ [ [ [ -45.695695112, -12.655618804 ], [ -45.695335788, -12.655618804 ], [ -45.695335788, -12.655978128 ], [ -45.695695112, -12.655978128 ], [ -45.695695112, -12.655618804 ] ] ] ] } },
{ "type": "Feature", "properties": { "id": 10371, "left": -45.695695112000003, "top": -12.655978128000001, "right": -45.695335788000001, "bottom": -12.656337452000001, "centroid_x": -45.695515, "centroid_y": -12.656158, "talhao": "PL PIVO 10B" }, "geometry": { "type": "MultiPolygon", "coordinates": [ [ [ [ -45.695695112, -12.655978128 ], [ -45.695335788, -12.655978128 ], [ -45.695335788, -12.656337452 ], [ -45.695695112, -12.656337452 ], [ -45.695695112, -12.655978128 ] ] ] ] } },
{ "type": "Feature", "properties": { "id": 10372, "left": -45.695695112000003, "top": -12.656337452000001, "right": -45.695335788000001, "bottom": -12.656696776, "centroid_x": -45.695515, "centroid_y": -12.656517, "talhao": "PL PIVO 10B" }, "geometry": { "type": "MultiPolygon", "coordinates": [ [ [ [ -45.695695112, -12.656337452 ], [ -45.695335788, -12.656337452 ], [ -45.695335788, -12.656696776 ], [ -45.695695112, -12.656696776 ], [ -45.695695112, -12.656337452 ] ] ] ] } },
{ "type": "Feature", "properties": { "id": 10373, "left": -45.695695112000003, "top": -12.656696776, "right": -45.695335788000001, "bottom": -12.6570561, "centroid_x": -45.695515, "centroid_y": -12.656876, "talhao": "PL PIVO 10B" }, "geometry": { "type": "MultiPolygon", "coordinates": [ [ [ [ -45.695695112, -12.656696776 ], [ -45.695335788, -12.656696776 ], [ -45.695335788, -12.6570561 ], [ -45.695695112, -12.6570561 ], [ -45.695695112, -12.656696776 ] ] ] ] } },
{ "type": "Feature", "properties": { "id": 10374, "left": -45.695695112000003, "top": -12.6570561, "right": -45.695335788000001, "bottom": -12.657415424, "centroid_x": -45.695515, "centroid_y": -12.657236, "talhao": "PL PIVO 10B" }, "geometry": { "type": "MultiPolygon", "coordinates": [ [ [ [ -45.695695112, -12.6570561 ], [ -45.695335788, -12.6570561 ], [ -45.695335788, -12.657415424 ], [ -45.695695112, -12.657415424 ], [ -45.695695112, -12.6570561 ] ] ] ] } },
{ "type": "Feature", "properties": { "id": 10375, "left": -45.695695112000003, "top": -12.657415424, "right": -45.695335788000001, "bottom": -12.657774748, "centroid_x": -45.695515, "centroid_y": -12.657595, "talhao": "PL PIVO 10B" }, "geometry": { "type": "MultiPolygon", "coordinates": [ [ [ [ -45.695695112, -12.657415424 ], [ -45.695335788, -12.657415424 ], [ -45.695335788, -12.657774748 ], [ -45.695695112, -12.657774748 ], [ -45.695695112, -12.657415424 ] ] ] ] } },
{ "type": "Feature", "properties": { "id": 10376, "left": -45.695695112000003, "top": -12.657774748, "right": -45.695335788000001, "bottom": -12.658134072, "centroid_x": -45.695515, "centroid_y": -12.657954, "talhao": "PL PIVO 10B" }, "geometry": { "type": "MultiPolygon", "coordinates": [ [ [ [ -45.695695112, -12.657774748 ], [ -45.695335788, -12.657774748 ], [ -45.695335788, -12.658134072 ], [ -45.695695112, -12.658134072 ], [ -45.695695112, -12.657774748 ] ] ] ] } },
{ "type": "Feature", "properties": { "id": 10377, "left": -45.695695112000003, "top": -12.658134072, "right": -45.695335788000001, "bottom": -12.658493396000001, "centroid_x": -45.695514, "centroid_y": -12.658302, "talhao": "PL PIVO 10B" }, "geometry": { "type": "MultiPolygon", "coordinates": [ [ [ [ -45.69543, -12.658476 ], [ -45.695648, -12.658462 ], [ -45.695695112, -12.658457087251337 ], [ -45.695695112, -12.658134072 ], [ -45.695335788, -12.658134072 ], [ -45.695335788, -12.658478617 ], [ -45.69543, -12.658476 ] ] ] ] } },
{ "type": "Feature", "properties": { "id": 10388, "left": -45.695335788000001, "top": -12.65166624, "right": -45.694976464, "bottom": -12.652025564000001, "centroid_x": -45.694978, "centroid_y": -12.652024, "talhao": "PL PIVO 10B" }, "geometry": { "type": "MultiPolygon", "coordinates": [ [ [ [ -45.694976464, -12.652021065121703 ], [ -45.694976464, -12.652025564 ], [ -45.694981751877009, -12.652025564 ], [ -45.694976464, -12.652021065121703 ] ] ] ] } },
{ "type": "Feature", "properties": { "id": 10389, "left": -45.695335788000001, "top": -12.652025564000001, "right": -45.694976464, "bottom": -12.652384888, "centroid_x": -45.695113, "centroid_y": -12.652261, "talhao": "PL PIVO 10B" }, "geometry": { "type": "MultiPolygon", "coordinates": [ [ [ [ -45.694981751877009, -12.652025564 ], [ -45.694976464, -12.652025564 ], [ -45.694976464, -12.652384888 ], [ -45.695335788, -12.652384888 ], [ -45.695335788, -12.652326774755869 ], [ -45.694981751877009, -12.652025564 ] ] ] ] } },
{ "type": "Feature", "properties": { "id": 10390, "left": -45.695335788000001, "top": -12.652384888, "right": -45.694976464, "bottom": -12.652744212, "centroid_x": -45.695156, "centroid_y": -12.652565, "talhao": "PL PIVO 10B" }, "geometry": { "type": "MultiPolygon", "coordinates": [ [ [ [ -45.695335788, -12.652384888 ], [ -45.694976464, -12.652384888 ], [ -45.694976464, -12.652744212 ], [ -45.695335788, -12.652744212 ], [ -45.695335788, -12.652384888 ] ] ] ] } },
{ "type": "Feature", "properties": { "id": 10391, "left": -45.695335788000001, "top": -12.652744212, "right": -45.694976464, "bottom": -12.653103536, "centroid_x": -45.695156, "centroid_y": -12.652924, "talhao": "PL PIVO 10B" }, "geometry": { "type": "MultiPolygon", "coordinates": [ [ [ [ -45.695335788, -12.652744212 ], [ -45.694976464, -12.652744212 ], [ -45.694976464, -12.653103536 ], [ -45.695335788, -12.653103536 ], [ -45.695335788, -12.652744212 ] ] ] ] } },
{ "type": "Feature", "properties": { "id": 10392, "left": -45.695335788000001, "top": -12.653103536, "right": -45.694976464, "bottom": -12.65346286, "centroid_x": -45.695156, "centroid_y": -12.653283, "talhao": "PL PIVO 10B" }, "geometry": { "type": "MultiPolygon", "coordinates": [ [ [ [ -45.695335788, -12.653103536 ], [ -45.694976464, -12.653103536 ], [ -45.694976464, -12.65346286 ], [ -45.695335788, -12.65346286 ], [ -45.695335788, -12.653103536 ] ] ] ] } },
{ "type": "Feature", "properties": { "id": 10393, "left": -45.695335788000001, "top": -12.65346286, "right": -45.694976464, "bottom": -12.653822184, "centroid_x": -45.695156, "centroid_y": -12.653643, "talhao": "PL PIVO 10B" }, "geometry": { "type": "MultiPolygon", "coordinates": [ [ [ [ -45.695335788, -12.65346286 ], [ -45.694976464, -12.65346286 ], [ -45.694976464, -12.653822184 ], [ -45.695335788, -12.653822184 ], [ -45.695335788, -12.65346286 ] ] ] ] } },
{ "type": "Feature", "properties": { "id": 10394, "left": -45.695335788000001, "top": -12.653822184000001, "right": -45.694976464, "bottom": -12.654181508000001, "centroid_x": -45.695156, "centroid_y": -12.654002, "talhao": "PL PIVO 10B" }, "geometry": { "type": "MultiPolygon", "coordinates": [ [ [ [ -45.695335788, -12.653822184 ], [ -45.694976464, -12.653822184 ], [ -45.694976464, -12.654181508 ], [ -45.695335788, -12.654181508 ], [ -45.695335788, -12.653822184 ] ] ] ] } },
{ "type": "Feature", "properties": { "id": 10395, "left": -45.695335788000001, "top": -12.654181508000001, "right": -45.694976464, "bottom": -12.654540832, "centroid_x": -45.695156, "centroid_y": -12.654361, "talhao": "PL PIVO 10B" }, "geometry": { "type": "MultiPolygon", "coordinates": [ [ [ [ -45.695335788, -12.654181508 ], [ -45.694976464, -12.654181508 ], [ -45.694976464, -12.654540832 ], [ -45.695335788, -12.654540832 ], [ -45.695335788, -12.654181508 ] ] ] ] } },
{ "type": "Feature", "properties": { "id": 10396, "left": -45.695335788000001, "top": -12.654540832, "right": -45.694976464, "bottom": -12.654900156, "centroid_x": -45.695156, "centroid_y": -12.65472, "talhao": "PL PIVO 10B" }, "geometry": { "type": "MultiPolygon", "coordinates": [ [ [ [ -45.695335788, -12.654540832 ], [ -45.694976464, -12.654540832 ], [ -45.694976464, -12.654900156 ], [ -45.695335788, -12.654900156 ], [ -45.695335788, -12.654540832 ] ] ] ] } },
{ "type": "Feature", "properties": { "id": 10397, "left": -45.695335788000001, "top": -12.654900156, "right": -45.694976464, "bottom": -12.65525948, "centroid_x": -45.695156, "centroid_y": -12.65508, "talhao": "PL PIVO 10B" }, "geometry": { "type": "MultiPolygon", "coordinates": [ [ [ [ -45.695335788, -12.654900156 ], [ -45.694976464, -12.654900156 ], [ -45.694976464, -12.65525948 ], [ -45.695335788, -12.65525948 ], [ -45.695335788, -12.654900156 ] ] ] ] } },
{ "type": "Feature", "properties": { "id": 10398, "left": -45.695335788000001, "top": -12.65525948, "right": -45.694976464, "bottom": -12.655618804, "centroid_x": -45.695156, "centroid_y": -12.655439, "talhao": "PL PIVO 10B" }, "geometry": { "type": "MultiPolygon", "coordinates": [ [ [ [ -45.695335788, -12.65525948 ], [ -45.694976464, -12.65525948 ], [ -45.694976464, -12.655618804 ], [ -45.695335788, -12.655618804 ], [ -45.695335788, -12.65525948 ] ] ] ] } },
{ "type": "Feature", "properties": { "id": 10399, "left": -45.695335788000001, "top": -12.655618804, "right": -45.694976464, "bottom": -12.655978128, "centroid_x": -45.695156, "centroid_y": -12.655798, "talhao": "PL PIVO 10B" }, "geometry": { "type": "MultiPolygon", "coordinates": [ [ [ [ -45.695335788, -12.655618804 ], [ -45.694976464, -12.655618804 ], [ -45.694976464, -12.655978128 ], [ -45.695335788, -12.655978128 ], [ -45.695335788, -12.655618804 ] ] ] ] } },
{ "type": "Feature", "properties": { "id": 10400, "left": -45.695335788000001, "top": -12.655978128000001, "right": -45.694976464, "bottom": -12.656337452000001, "centroid_x": -45.695156, "centroid_y": -12.656158, "talhao": "PL PIVO 10B" }, "geometry": { "type": "MultiPolygon", "coordinates": [ [ [ [ -45.695335788, -12.655978128 ], [ -45.694976464, -12.655978128 ], [ -45.694976464, -12.656337452 ], [ -45.695335788, -12.656337452 ], [ -45.695335788, -12.655978128 ] ] ] ] } },
{ "type": "Feature", "properties": { "id": 10401, "left": -45.695335788000001, "top": -12.656337452000001, "right": -45.694976464, "bottom": -12.656696776, "centroid_x": -45.695156, "centroid_y": -12.656517, "talhao": "PL PIVO 10B" }, "geometry": { "type": "MultiPolygon", "coordinates": [ [ [ [ -45.695335788, -12.656337452 ], [ -45.694976464, -12.656337452 ], [ -45.694976464, -12.656696776 ], [ -45.695335788, -12.656696776 ], [ -45.695335788, -12.656337452 ] ] ] ] } },
{ "type": "Feature", "properties": { "id": 10402, "left": -45.695335788000001, "top": -12.656696776, "right": -45.694976464, "bottom": -12.6570561, "centroid_x": -45.695156, "centroid_y": -12.656876, "talhao": "PL PIVO 10B" }, "geometry": { "type": "MultiPolygon", "coordinates": [ [ [ [ -45.695335788, -12.656696776 ], [ -45.694976464, -12.656696776 ], [ -45.694976464, -12.6570561 ], [ -45.695335788, -12.6570561 ], [ -45.695335788, -12.656696776 ] ] ] ] } },
{ "type": "Feature", "properties": { "id": 10403, "left": -45.695335788000001, "top": -12.6570561, "right": -45.694976464, "bottom": -12.657415424, "centroid_x": -45.695156, "centroid_y": -12.657236, "talhao": "PL PIVO 10B" }, "geometry": { "type": "MultiPolygon", "coordinates": [ [ [ [ -45.695335788, -12.6570561 ], [ -45.694976464, -12.6570561 ], [ -45.694976464, -12.657415424 ], [ -45.695335788, -12.657415424 ], [ -45.695335788, -12.6570561 ] ] ] ] } },
{ "type": "Feature", "properties": { "id": 10404, "left": -45.695335788000001, "top": -12.657415424, "right": -45.694976464, "bottom": -12.657774748, "centroid_x": -45.695156, "centroid_y": -12.657595, "talhao": "PL PIVO 10B" }, "geometry": { "type": "MultiPolygon", "coordinates": [ [ [ [ -45.695335788, -12.657415424 ], [ -45.694976464, -12.657415424 ], [ -45.694976464, -12.657774748 ], [ -45.695335788, -12.657774748 ], [ -45.695335788, -12.657415424 ] ] ] ] } },
{ "type": "Feature", "properties": { "id": 10405, "left": -45.695335788000001, "top": -12.657774748, "right": -45.694976464, "bottom": -12.658134072, "centroid_x": -45.695156, "centroid_y": -12.657954, "talhao": "PL PIVO 10B" }, "geometry": { "type": "MultiPolygon", "coordinates": [ [ [ [ -45.695335788, -12.657774748 ], [ -45.694976464, -12.657774748 ], [ -45.694976464, -12.658134072 ], [ -45.695335788, -12.658134072 ], [ -45.695335788, -12.657774748 ] ] ] ] } },
{ "type": "Feature", "properties": { "id": 10406, "left": -45.695335788000001, "top": -12.658134072, "right": -45.694976464, "bottom": -12.658493396000001, "centroid_x": -45.695156, "centroid_y": -12.658306, "talhao": "PL PIVO 10B" }, "geometry": { "type": "MultiPolygon", "coordinates": [ [ [ [ -45.695286, -12.65848 ], [ -45.695335788, -12.658478617 ], [ -45.695335788, -12.658134072 ], [ -45.694976464, -12.658134072 ], [ -45.694976464, -12.658476106465409 ], [ -45.695286, -12.65848 ] ] ] ] } },
{ "type": "Feature", "properties": { "id": 10417, "left": -45.694976464, "top": -12.65166624, "right": -45.69461714, "bottom": -12.652025564000001, "centroid_x": -45.694739, "centroid_y": -12.651922, "talhao": "PL PIVO 10B" }, "geometry": { "type": "MultiPolygon", "coordinates": [ [ [ [ -45.69461714, -12.651715355487537 ], [ -45.69461714, -12.652025564 ], [ -45.694976464, -12.652025564 ], [ -45.694976464, -12.652021065121703 ], [ -45.69461714, -12.651715355487537 ] ] ] ] } },
{ "type": "Feature", "properties": { "id": 10418, "left": -45.694976464, "top": -12.652025564000001, "right": -45.69461714, "bottom": -12.652384888, "centroid_x": -45.694797, "centroid_y": -12.652205, "talhao": "PL PIVO 10B" }, "geometry": { "type": "MultiPolygon", "coordinates": [ [ [ [ -45.694976464, -12.652025564 ], [ -45.69461714, -12.652025564 ], [ -45.69461714, -12.652384888 ], [ -45.694976464, -12.652384888 ], [ -45.694976464, -12.652025564 ] ] ] ] } },
{ "type": "Feature", "properties": { "id": 10419, "left": -45.694976464, "top": -12.652384888, "right": -45.69461714, "bottom": -12.652744212, "centroid_x": -45.694797, "centroid_y": -12.652565, "talhao": "PL PIVO 10B" }, "geometry": { "type": "MultiPolygon", "coordinates": [ [ [ [ -45.694976464, -12.652384888 ], [ -45.69461714, -12.652384888 ], [ -45.69461714, -12.652744212 ], [ -45.694976464, -12.652744212 ], [ -45.694976464, -12.652384888 ] ] ] ] } },
{ "type": "Feature", "properties": { "id": 10420, "left": -45.694976464, "top": -12.652744212, "right": -45.69461714, "bottom": -12.653103536, "centroid_x": -45.694797, "centroid_y": -12.652924, "talhao": "PL PIVO 10B" }, "geometry": { "type": "MultiPolygon", "coordinates": [ [ [ [ -45.694976464, -12.652744212 ], [ -45.69461714, -12.652744212 ], [ -45.69461714, -12.653103536 ], [ -45.694976464, -12.653103536 ], [ -45.694976464, -12.652744212 ] ] ] ] } },
{ "type": "Feature", "properties": { "id": 10421, "left": -45.694976464, "top": -12.653103536, "right": -45.69461714, "bottom": -12.65346286, "centroid_x": -45.694797, "centroid_y": -12.653283, "talhao": "PL PIVO 10B" }, "geometry": { "type": "MultiPolygon", "coordinates": [ [ [ [ -45.694976464, -12.653103536 ], [ -45.69461714, -12.653103536 ], [ -45.69461714, -12.65346286 ], [ -45.694976464, -12.65346286 ], [ -45.694976464, -12.653103536 ] ] ] ] } },
{ "type": "Feature", "properties": { "id": 10422, "left": -45.694976464, "top": -12.65346286, "right": -45.69461714, "bottom": -12.653822184, "centroid_x": -45.694797, "centroid_y": -12.653643, "talhao": "PL PIVO 10B" }, "geometry": { "type": "MultiPolygon", "coordinates": [ [ [ [ -45.694976464, -12.65346286 ], [ -45.69461714, -12.65346286 ], [ -45.69461714, -12.653822184 ], [ -45.694976464, -12.653822184 ], [ -45.694976464, -12.65346286 ] ] ] ] } },
{ "type": "Feature", "properties": { "id": 10423, "left": -45.694976464, "top": -12.653822184000001, "right": -45.69461714, "bottom": -12.654181508000001, "centroid_x": -45.694797, "centroid_y": -12.654002, "talhao": "PL PIVO 10B" }, "geometry": { "type": "MultiPolygon", "coordinates": [ [ [ [ -45.694976464, -12.653822184 ], [ -45.69461714, -12.653822184 ], [ -45.69461714, -12.654181508 ], [ -45.694976464, -12.654181508 ], [ -45.694976464, -12.653822184 ] ] ] ] } },
{ "type": "Feature", "properties": { "id": 10424, "left": -45.694976464, "top": -12.654181508000001, "right": -45.69461714, "bottom": -12.654540832, "centroid_x": -45.694797, "centroid_y": -12.654361, "talhao": "PL PIVO 10B" }, "geometry": { "type": "MultiPolygon", "coordinates": [ [ [ [ -45.694976464, -12.654181508 ], [ -45.69461714, -12.654181508 ], [ -45.69461714, -12.654540832 ], [ -45.694976464, -12.654540832 ], [ -45.694976464, -12.654181508 ] ] ] ] } },
{ "type": "Feature", "properties": { "id": 10425, "left": -45.694976464, "top": -12.654540832, "right": -45.69461714, "bottom": -12.654900156, "centroid_x": -45.694797, "centroid_y": -12.65472, "talhao": "PL PIVO 10B" }, "geometry": { "type": "MultiPolygon", "coordinates": [ [ [ [ -45.694976464, -12.654540832 ], [ -45.69461714, -12.654540832 ], [ -45.69461714, -12.654900156 ], [ -45.694976464, -12.654900156 ], [ -45.694976464, -12.654540832 ] ] ] ] } },
{ "type": "Feature", "properties": { "id": 10426, "left": -45.694976464, "top": -12.654900156, "right": -45.69461714, "bottom": -12.65525948, "centroid_x": -45.694797, "centroid_y": -12.65508, "talhao": "PL PIVO 10B" }, "geometry": { "type": "MultiPolygon", "coordinates": [ [ [ [ -45.694976464, -12.654900156 ], [ -45.69461714, -12.654900156 ], [ -45.69461714, -12.65525948 ], [ -45.694976464, -12.65525948 ], [ -45.694976464, -12.654900156 ] ] ] ] } },
{ "type": "Feature", "properties": { "id": 10427, "left": -45.694976464, "top": -12.65525948, "right": -45.69461714, "bottom": -12.655618804, "centroid_x": -45.694797, "centroid_y": -12.655439, "talhao": "PL PIVO 10B" }, "geometry": { "type": "MultiPolygon", "coordinates": [ [ [ [ -45.694976464, -12.65525948 ], [ -45.69461714, -12.65525948 ], [ -45.69461714, -12.655618804 ], [ -45.694976464, -12.655618804 ], [ -45.694976464, -12.65525948 ] ] ] ] } },
{ "type": "Feature", "properties": { "id": 10428, "left": -45.694976464, "top": -12.655618804, "right": -45.69461714, "bottom": -12.655978128, "centroid_x": -45.694797, "centroid_y": -12.655798, "talhao": "PL PIVO 10B" }, "geometry": { "type": "MultiPolygon", "coordinates": [ [ [ [ -45.694976464, -12.655618804 ], [ -45.69461714, -12.655618804 ], [ -45.69461714, -12.655978128 ], [ -45.694976464, -12.655978128 ], [ -45.694976464, -12.655618804 ] ] ] ] } },
{ "type": "Feature", "properties": { "id": 10429, "left": -45.694976464, "top": -12.655978128000001, "right": -45.69461714, "bottom": -12.656337452000001, "centroid_x": -45.694797, "centroid_y": -12.656158, "talhao": "PL PIVO 10B" }, "geometry": { "type": "MultiPolygon", "coordinates": [ [ [ [ -45.694976464, -12.655978128 ], [ -45.69461714, -12.655978128 ], [ -45.69461714, -12.656337452 ], [ -45.694976464, -12.656337452 ], [ -45.694976464, -12.655978128 ] ] ] ] } },
{ "type": "Feature", "properties": { "id": 10430, "left": -45.694976464, "top": -12.656337452000001, "right": -45.69461714, "bottom": -12.656696776, "centroid_x": -45.694797, "centroid_y": -12.656517, "talhao": "PL PIVO 10B" }, "geometry": { "type": "MultiPolygon", "coordinates": [ [ [ [ -45.694976464, -12.656337452 ], [ -45.69461714, -12.656337452 ], [ -45.69461714, -12.656696776 ], [ -45.694976464, -12.656696776 ], [ -45.694976464, -12.656337452 ] ] ] ] } },
{ "type": "Feature", "properties": { "id": 10431, "left": -45.694976464, "top": -12.656696776, "right": -45.69461714, "bottom": -12.6570561, "centroid_x": -45.694797, "centroid_y": -12.656876, "talhao": "PL PIVO 10B" }, "geometry": { "type": "MultiPolygon", "coordinates": [ [ [ [ -45.694976464, -12.656696776 ], [ -45.69461714, -12.656696776 ], [ -45.69461714, -12.6570561 ], [ -45.694976464, -12.6570561 ], [ -45.694976464, -12.656696776 ] ] ] ] } },
{ "type": "Feature", "properties": { "id": 10432, "left": -45.694976464, "top": -12.6570561, "right": -45.69461714, "bottom": -12.657415424, "centroid_x": -45.694797, "centroid_y": -12.657236, "talhao": "PL PIVO 10B" }, "geometry": { "type": "MultiPolygon", "coordinates": [ [ [ [ -45.694976464, -12.6570561 ], [ -45.69461714, -12.6570561 ], [ -45.69461714, -12.657415424 ], [ -45.694976464, -12.657415424 ], [ -45.694976464, -12.6570561 ] ] ] ] } },
{ "type": "Feature", "properties": { "id": 10433, "left": -45.694976464, "top": -12.657415424, "right": -45.69461714, "bottom": -12.657774748, "centroid_x": -45.694797, "centroid_y": -12.657595, "talhao": "PL PIVO 10B" }, "geometry": { "type": "MultiPolygon", "coordinates": [ [ [ [ -45.694976464, -12.657415424 ], [ -45.69461714, -12.657415424 ], [ -45.69461714, -12.657774748 ], [ -45.694976464, -12.657774748 ], [ -45.694976464, -12.657415424 ] ] ] ] } },
{ "type": "Feature", "properties": { "id": 10434, "left": -45.694976464, "top": -12.657774748, "right": -45.69461714, "bottom": -12.658134072, "centroid_x": -45.694797, "centroid_y": -12.657954, "talhao": "PL PIVO 10B" }, "geometry": { "type": "MultiPolygon", "coordinates": [ [ [ [ -45.694976464, -12.657774748 ], [ -45.69461714, -12.657774748 ], [ -45.69461714, -12.658134072 ], [ -45.694976464, -12.658134072 ], [ -45.694976464, -12.657774748 ] ] ] ] } },
{ "type": "Feature", "properties": { "id": 10435, "left": -45.694976464, "top": -12.658134072, "right": -45.69461714, "bottom": -12.658493396000001, "centroid_x": -45.694799, "centroid_y": -12.6583, "talhao": "PL PIVO 10B" }, "geometry": { "type": "MultiPolygon", "coordinates": [ [ [ [ -45.694665, -12.658458 ], [ -45.694968, -12.658476 ], [ -45.694976464, -12.658476106465409 ], [ -45.694976464, -12.658134072 ], [ -45.69461714, -12.658134072 ], [ -45.69461714, -12.658453383279742 ], [ -45.694665, -12.658458 ] ] ] ] } },
{ "type": "Feature", "properties": { "id": 10445, "left": -45.69461714, "top": -12.651306916, "right": -45.694257815999997, "bottom": -12.65166624, "centroid_x": -45.694358, "centroid_y": -12.651581, "talhao": "PL PIVO 10B" }, "geometry": { "type": "MultiPolygon", "coordinates": [ [ [ [ -45.694257816, -12.651409645853372 ], [ -45.694257816, -12.65166624 ], [ -45.694559410797275, -12.65166624 ], [ -45.694257816, -12.651409645853372 ] ] ] ] } },
{ "type": "Feature", "properties": { "id": 10446, "left": -45.69461714, "top": -12.65166624, "right": -45.694257815999997, "bottom": -12.652025564000001, "centroid_x": -45.694436, "centroid_y": -12.651848, "talhao": "PL PIVO 10B" }, "geometry": { "type": "MultiPolygon", "coordinates": [ [ [ [ -45.694559410797282, -12.65166624 ], [ -45.694257816, -12.65166624 ], [ -45.694257816, -12.652025564 ], [ -45.69461714, -12.652025564 ], [ -45.69461714, -12.651715355487537 ], [ -45.694559410797282, -12.65166624 ] ] ] ] } },
{ "type": "Feature", "properties": { "id": 10447, "left": -45.69461714, "top": -12.652025564000001, "right": -45.694257815999997, "bottom": -12.652384888, "centroid_x": -45.694437, "centroid_y": -12.652205, "talhao": "PL PIVO 10B" }, "geometry": { "type": "MultiPolygon", "coordinates": [ [ [ [ -45.69461714, -12.652025564 ], [ -45.694257816, -12.652025564 ], [ -45.694257816, -12.652384888 ], [ -45.69461714, -12.652384888 ], [ -45.69461714, -12.652025564 ] ] ] ] } },
{ "type": "Feature", "properties": { "id": 10448, "left": -45.69461714, "top": -12.652384888, "right": -45.694257815999997, "bottom": -12.652744212, "centroid_x": -45.694437, "centroid_y": -12.652565, "talhao": "PL PIVO 10B" }, "geometry": { "type": "MultiPolygon", "coordinates": [ [ [ [ -45.69461714, -12.652384888 ], [ -45.694257816, -12.652384888 ], [ -45.694257816, -12.652744212 ], [ -45.69461714, -12.652744212 ], [ -45.69461714, -12.652384888 ] ] ] ] } },
{ "type": "Feature", "properties": { "id": 10449, "left": -45.69461714, "top": -12.652744212, "right": -45.694257815999997, "bottom": -12.653103536, "centroid_x": -45.694437, "centroid_y": -12.652924, "talhao": "PL PIVO 10B" }, "geometry": { "type": "MultiPolygon", "coordinates": [ [ [ [ -45.69461714, -12.652744212 ], [ -45.694257816, -12.652744212 ], [ -45.694257816, -12.653103536 ], [ -45.69461714, -12.653103536 ], [ -45.69461714, -12.652744212 ] ] ] ] } },
{ "type": "Feature", "properties": { "id": 10450, "left": -45.69461714, "top": -12.653103536, "right": -45.694257815999997, "bottom": -12.65346286, "centroid_x": -45.694437, "centroid_y": -12.653283, "talhao": "PL PIVO 10B" }, "geometry": { "type": "MultiPolygon", "coordinates": [ [ [ [ -45.69461714, -12.653103536 ], [ -45.694257816, -12.653103536 ], [ -45.694257816, -12.65346286 ], [ -45.69461714, -12.65346286 ], [ -45.69461714, -12.653103536 ] ] ] ] } },
{ "type": "Feature", "properties": { "id": 10451, "left": -45.69461714, "top": -12.65346286, "right": -45.694257815999997, "bottom": -12.653822184, "centroid_x": -45.694437, "centroid_y": -12.653643, "talhao": "PL PIVO 10B" }, "geometry": { "type": "MultiPolygon", "coordinates": [ [ [ [ -45.69461714, -12.65346286 ], [ -45.694257816, -12.65346286 ], [ -45.694257816, -12.653822184 ], [ -45.69461714, -12.653822184 ], [ -45.69461714, -12.65346286 ] ] ] ] } },
{ "type": "Feature", "properties": { "id": 10452, "left": -45.69461714, "top": -12.653822184000001, "right": -45.694257815999997, "bottom": -12.654181508000001, "centroid_x": -45.694437, "centroid_y": -12.654002, "talhao": "PL PIVO 10B" }, "geometry": { "type": "MultiPolygon", "coordinates": [ [ [ [ -45.69461714, -12.653822184 ], [ -45.694257816, -12.653822184 ], [ -45.694257816, -12.654181508 ], [ -45.69461714, -12.654181508 ], [ -45.69461714, -12.653822184 ] ] ] ] } },
{ "type": "Feature", "properties": { "id": 10453, "left": -45.69461714, "top": -12.654181508000001, "right": -45.694257815999997, "bottom": -12.654540832, "centroid_x": -45.694437, "centroid_y": -12.654361, "talhao": "PL PIVO 10B" }, "geometry": { "type": "MultiPolygon", "coordinates": [ [ [ [ -45.69461714, -12.654181508 ], [ -45.694257816, -12.654181508 ], [ -45.694257816, -12.654540832 ], [ -45.69461714, -12.654540832 ], [ -45.69461714, -12.654181508 ] ] ] ] } },
{ "type": "Feature", "properties": { "id": 10454, "left": -45.69461714, "top": -12.654540832, "right": -45.694257815999997, "bottom": -12.654900156, "centroid_x": -45.694437, "centroid_y": -12.65472, "talhao": "PL PIVO 10B" }, "geometry": { "type": "MultiPolygon", "coordinates": [ [ [ [ -45.69461714, -12.654540832 ], [ -45.694257816, -12.654540832 ], [ -45.694257816, -12.654900156 ], [ -45.69461714, -12.654900156 ], [ -45.69461714, -12.654540832 ] ] ] ] } },
{ "type": "Feature", "properties": { "id": 10455, "left": -45.69461714, "top": -12.654900156, "right": -45.694257815999997, "bottom": -12.65525948, "centroid_x": -45.694437, "centroid_y": -12.65508, "talhao": "PL PIVO 10B" }, "geometry": { "type": "MultiPolygon", "coordinates": [ [ [ [ -45.69461714, -12.654900156 ], [ -45.694257816, -12.654900156 ], [ -45.694257816, -12.65525948 ], [ -45.69461714, -12.65525948 ], [ -45.69461714, -12.654900156 ] ] ] ] } },
{ "type": "Feature", "properties": { "id": 10456, "left": -45.69461714, "top": -12.65525948, "right": -45.694257815999997, "bottom": -12.655618804, "centroid_x": -45.694437, "centroid_y": -12.655439, "talhao": "PL PIVO 10B" }, "geometry": { "type": "MultiPolygon", "coordinates": [ [ [ [ -45.69461714, -12.65525948 ], [ -45.694257816, -12.65525948 ], [ -45.694257816, -12.655618804 ], [ -45.69461714, -12.655618804 ], [ -45.69461714, -12.65525948 ] ] ] ] } },
{ "type": "Feature", "properties": { "id": 10457, "left": -45.69461714, "top": -12.655618804, "right": -45.694257815999997, "bottom": -12.655978128, "centroid_x": -45.694437, "centroid_y": -12.655798, "talhao": "PL PIVO 10B" }, "geometry": { "type": "MultiPolygon", "coordinates": [ [ [ [ -45.69461714, -12.655618804 ], [ -45.694257816, -12.655618804 ], [ -45.694257816, -12.655978128 ], [ -45.69461714, -12.655978128 ], [ -45.69461714, -12.655618804 ] ] ] ] } },
{ "type": "Feature", "properties": { "id": 10458, "left": -45.69461714, "top": -12.655978128000001, "right": -45.694257815999997, "bottom": -12.656337452000001, "centroid_x": -45.694437, "centroid_y": -12.656158, "talhao": "PL PIVO 10B" }, "geometry": { "type": "MultiPolygon", "coordinates": [ [ [ [ -45.69461714, -12.655978128 ], [ -45.694257816, -12.655978128 ], [ -45.694257816, -12.656337452 ], [ -45.69461714, -12.656337452 ], [ -45.69461714, -12.655978128 ] ] ] ] } },
{ "type": "Feature", "properties": { "id": 10459, "left": -45.69461714, "top": -12.656337452000001, "right": -45.694257815999997, "bottom": -12.656696776, "centroid_x": -45.694437, "centroid_y": -12.656517, "talhao": "PL PIVO 10B" }, "geometry": { "type": "MultiPolygon", "coordinates": [ [ [ [ -45.69461714, -12.656337452 ], [ -45.694257816, -12.656337452 ], [ -45.694257816, -12.656696776 ], [ -45.69461714, -12.656696776 ], [ -45.69461714, -12.656337452 ] ] ] ] } },
{ "type": "Feature", "properties": { "id": 10460, "left": -45.69461714, "top": -12.656696776, "right": -45.694257815999997, "bottom": -12.6570561, "centroid_x": -45.694437, "centroid_y": -12.656876, "talhao": "PL PIVO 10B" }, "geometry": { "type": "MultiPolygon", "coordinates": [ [ [ [ -45.69461714, -12.656696776 ], [ -45.694257816, -12.656696776 ], [ -45.694257816, -12.6570561 ], [ -45.69461714, -12.6570561 ], [ -45.69461714, -12.656696776 ] ] ] ] } },
{ "type": "Feature", "properties": { "id": 10461, "left": -45.69461714, "top": -12.6570561, "right": -45.694257815999997, "bottom": -12.657415424, "centroid_x": -45.694437, "centroid_y": -12.657236, "talhao": "PL PIVO 10B" }, "geometry": { "type": "MultiPolygon", "coordinates": [ [ [ [ -45.69461714, -12.6570561 ], [ -45.694257816, -12.6570561 ], [ -45.694257816, -12.657415424 ], [ -45.69461714, -12.657415424 ], [ -45.69461714, -12.6570561 ] ] ] ] } },
{ "type": "Feature", "properties": { "id": 10462, "left": -45.69461714, "top": -12.657415424, "right": -45.694257815999997, "bottom": -12.657774748, "centroid_x": -45.694437, "centroid_y": -12.657595, "talhao": "PL PIVO 10B" }, "geometry": { "type": "MultiPolygon", "coordinates": [ [ [ [ -45.69461714, -12.657415424 ], [ -45.694257816, -12.657415424 ], [ -45.694257816, -12.657774748 ], [ -45.69461714, -12.657774748 ], [ -45.69461714, -12.657415424 ] ] ] ] } },
{ "type": "Feature", "properties": { "id": 10463, "left": -45.69461714, "top": -12.657774748, "right": -45.694257815999997, "bottom": -12.658134072, "centroid_x": -45.694437, "centroid_y": -12.657954, "talhao": "PL PIVO 10B" }, "geometry": { "type": "MultiPolygon", "coordinates": [ [ [ [ -45.69461714, -12.657774748 ], [ -45.694257816, -12.657774748 ], [ -45.694257816, -12.658134072 ], [ -45.69461714, -12.658134072 ], [ -45.69461714, -12.657774748 ] ] ] ] } },
{ "type": "Feature", "properties": { "id": 10464, "left": -45.69461714, "top": -12.658134072, "right": -45.694257815999997, "bottom": -12.658493396000001, "centroid_x": -45.694441, "centroid_y": -12.658285, "talhao": "PL PIVO 10B" }, "geometry": { "type": "MultiPolygon", "coordinates": [ [ [ [ -45.694354, -12.658428 ], [ -45.69461714, -12.658453383279742 ], [ -45.69461714, -12.658134072 ], [ -45.694257816, -12.658134072 ], [ -45.694257816, -12.658413653911865 ], [ -45.694354, -12.658428 ] ] ] ] } },
{ "type": "Feature", "properties": { "id": 10473, "left": -45.694257815999997, "top": -12.650947592, "right": -45.693898491999995, "bottom": -12.651306916, "centroid_x": -45.693978, "centroid_y": -12.651239, "talhao": "PL PIVO 10B" }, "geometry": { "type": "MultiPolygon", "coordinates": [ [ [ [ -45.693898492, -12.651103936219206 ], [ -45.693898492, -12.651306916 ], [ -45.694137069717549, -12.651306916 ], [ -45.693898492, -12.651103936219206 ] ] ] ] } },
{ "type": "Feature", "properties": { "id": 10474, "left": -45.694257815999997, "top": -12.651306916, "right": -45.693898491999995, "bottom": -12.65166624, "centroid_x": -45.694071, "centroid_y": -12.651494, "talhao": "PL PIVO 10B" }, "geometry": { "type": "MultiPolygon", "coordinates": [ [ [ [ -45.694137069717549, -12.651306916 ], [ -45.693898492, -12.651306916 ], [ -45.693898492, -12.65166624 ], [ -45.694257816, -12.65166624 ], [ -45.694257816, -12.651409645853372 ], [ -45.694137069717549, -12.651306916 ] ] ] ] } },
{ "type": "Feature", "properties": { "id": 10475, "left": -45.694257815999997, "top": -12.65166624, "right": -45.693898491999995, "bottom": -12.652025564000001, "centroid_x": -45.694078, "centroid_y": -12.651846, "talhao": "PL PIVO 10B" }, "geometry": { "type": "MultiPolygon", "coordinates": [ [ [ [ -45.694257816, -12.65166624 ], [ -45.693898492, -12.65166624 ], [ -45.693898492, -12.652025564 ], [ -45.694257816, -12.652025564 ], [ -45.694257816, -12.65166624 ] ] ] ] } },
{ "type": "Feature", "properties": { "id": 10476, "left": -45.694257815999997, "top": -12.652025564000001, "right": -45.693898491999995, "bottom": -12.652384888, "centroid_x": -45.694078, "centroid_y": -12.652205, "talhao": "PL PIVO 10B" }, "geometry": { "type": "MultiPolygon", "coordinates": [ [ [ [ -45.694257816, -12.652025564 ], [ -45.693898492, -12.652025564 ], [ -45.693898492, -12.652384888 ], [ -45.694257816, -12.652384888 ], [ -45.694257816, -12.652025564 ] ] ] ] } },
{ "type": "Feature", "properties": { "id": 10477, "left": -45.694257815999997, "top": -12.652384888, "right": -45.693898491999995, "bottom": -12.652744212, "centroid_x": -45.694078, "centroid_y": -12.652565, "talhao": "PL PIVO 10B" }, "geometry": { "type": "MultiPolygon", "coordinates": [ [ [ [ -45.694257816, -12.652384888 ], [ -45.693898492, -12.652384888 ], [ -45.693898492, -12.652744212 ], [ -45.694257816, -12.652744212 ], [ -45.694257816, -12.652384888 ] ] ] ] } },
{ "type": "Feature", "properties": { "id": 10478, "left": -45.694257815999997, "top": -12.652744212, "right": -45.693898491999995, "bottom": -12.653103536, "centroid_x": -45.694078, "centroid_y": -12.652924, "talhao": "PL PIVO 10B" }, "geometry": { "type": "MultiPolygon", "coordinates": [ [ [ [ -45.694257816, -12.652744212 ], [ -45.693898492, -12.652744212 ], [ -45.693898492, -12.653103536 ], [ -45.694257816, -12.653103536 ], [ -45.694257816, -12.652744212 ] ] ] ] } },
{ "type": "Feature", "properties": { "id": 10479, "left": -45.694257815999997, "top": -12.653103536, "right": -45.693898491999995, "bottom": -12.65346286, "centroid_x": -45.694078, "centroid_y": -12.653283, "talhao": "PL PIVO 10B" }, "geometry": { "type": "MultiPolygon", "coordinates": [ [ [ [ -45.694257816, -12.653103536 ], [ -45.693898492, -12.653103536 ], [ -45.693898492, -12.65346286 ], [ -45.694257816, -12.65346286 ], [ -45.694257816, -12.653103536 ] ] ] ] } },
{ "type": "Feature", "properties": { "id": 10480, "left": -45.694257815999997, "top": -12.65346286, "right": -45.693898491999995, "bottom": -12.653822184, "centroid_x": -45.694078, "centroid_y": -12.653643, "talhao": "PL PIVO 10B" }, "geometry": { "type": "MultiPolygon", "coordinates": [ [ [ [ -45.694257816, -12.65346286 ], [ -45.693898492, -12.65346286 ], [ -45.693898492, -12.653822184 ], [ -45.694257816, -12.653822184 ], [ -45.694257816, -12.65346286 ] ] ] ] } },
{ "type": "Feature", "properties": { "id": 10481, "left": -45.694257815999997, "top": -12.653822184000001, "right": -45.693898491999995, "bottom": -12.654181508000001, "centroid_x": -45.694078, "centroid_y": -12.654002, "talhao": "PL PIVO 10B" }, "geometry": { "type": "MultiPolygon", "coordinates": [ [ [ [ -45.694257816, -12.653822184 ], [ -45.693898492, -12.653822184 ], [ -45.693898492, -12.654181508 ], [ -45.694257816, -12.654181508 ], [ -45.694257816, -12.653822184 ] ] ] ] } },
{ "type": "Feature", "properties": { "id": 10482, "left": -45.694257815999997, "top": -12.654181508000001, "right": -45.693898491999995, "bottom": -12.654540832, "centroid_x": -45.694078, "centroid_y": -12.654361, "talhao": "PL PIVO 10B" }, "geometry": { "type": "MultiPolygon", "coordinates": [ [ [ [ -45.694257816, -12.654181508 ], [ -45.693898492, -12.654181508 ], [ -45.693898492, -12.654540832 ], [ -45.694257816, -12.654540832 ], [ -45.694257816, -12.654181508 ] ] ] ] } },
{ "type": "Feature", "properties": { "id": 10483, "left": -45.694257815999997, "top": -12.654540832, "right": -45.693898491999995, "bottom": -12.654900156, "centroid_x": -45.694078, "centroid_y": -12.65472, "talhao": "PL PIVO 10B" }, "geometry": { "type": "MultiPolygon", "coordinates": [ [ [ [ -45.694257816, -12.654540832 ], [ -45.693898492, -12.654540832 ], [ -45.693898492, -12.654900156 ], [ -45.694257816, -12.654900156 ], [ -45.694257816, -12.654540832 ] ] ] ] } },
{ "type": "Feature", "properties": { "id": 10484, "left": -45.694257815999997, "top": -12.654900156, "right": -45.693898491999995, "bottom": -12.65525948, "centroid_x": -45.694078, "centroid_y": -12.65508, "talhao": "PL PIVO 10B" }, "geometry": { "type": "MultiPolygon", "coordinates": [ [ [ [ -45.694257816, -12.654900156 ], [ -45.693898492, -12.654900156 ], [ -45.693898492, -12.65525948 ], [ -45.694257816, -12.65525948 ], [ -45.694257816, -12.654900156 ] ] ] ] } },
{ "type": "Feature", "properties": { "id": 10485, "left": -45.694257815999997, "top": -12.65525948, "right": -45.693898491999995, "bottom": -12.655618804, "centroid_x": -45.694078, "centroid_y": -12.655439, "talhao": "PL PIVO 10B" }, "geometry": { "type": "MultiPolygon", "coordinates": [ [ [ [ -45.694257816, -12.65525948 ], [ -45.693898492, -12.65525948 ], [ -45.693898492, -12.655618804 ], [ -45.694257816, -12.655618804 ], [ -45.694257816, -12.65525948 ] ] ] ] } },
{ "type": "Feature", "properties": { "id": 10486, "left": -45.694257815999997, "top": -12.655618804, "right": -45.693898491999995, "bottom": -12.655978128, "centroid_x": -45.694078, "centroid_y": -12.655798, "talhao": "PL PIVO 10B" }, "geometry": { "type": "MultiPolygon", "coordinates": [ [ [ [ -45.694257816, -12.655618804 ], [ -45.693898492, -12.655618804 ], [ -45.693898492, -12.655978128 ], [ -45.694257816, -12.655978128 ], [ -45.694257816, -12.655618804 ] ] ] ] } },
{ "type": "Feature", "properties": { "id": 10487, "left": -45.694257815999997, "top": -12.655978128000001, "right": -45.693898491999995, "bottom": -12.656337452000001, "centroid_x": -45.694078, "centroid_y": -12.656158, "talhao": "PL PIVO 10B" }, "geometry": { "type": "MultiPolygon", "coordinates": [ [ [ [ -45.694257816, -12.655978128 ], [ -45.693898492, -12.655978128 ], [ -45.693898492, -12.656337452 ], [ -45.694257816, -12.656337452 ], [ -45.694257816, -12.655978128 ] ] ] ] } },
{ "type": "Feature", "properties": { "id": 10488, "left": -45.694257815999997, "top": -12.656337452000001, "right": -45.693898491999995, "bottom": -12.656696776, "centroid_x": -45.694078, "centroid_y": -12.656517, "talhao": "PL PIVO 10B" }, "geometry": { "type": "MultiPolygon", "coordinates": [ [ [ [ -45.694257816, -12.656337452 ], [ -45.693898492, -12.656337452 ], [ -45.693898492, -12.656696776 ], [ -45.694257816, -12.656696776 ], [ -45.694257816, -12.656337452 ] ] ] ] } },
{ "type": "Feature", "properties": { "id": 10489, "left": -45.694257815999997, "top": -12.656696776, "right": -45.693898491999995, "bottom": -12.6570561, "centroid_x": -45.694078, "centroid_y": -12.656876, "talhao": "PL PIVO 10B" }, "geometry": { "type": "MultiPolygon", "coordinates": [ [ [ [ -45.694257816, -12.656696776 ], [ -45.693898492, -12.656696776 ], [ -45.693898492, -12.6570561 ], [ -45.694257816, -12.6570561 ], [ -45.694257816, -12.656696776 ] ] ] ] } },
{ "type": "Feature", "properties": { "id": 10490, "left": -45.694257815999997, "top": -12.6570561, "right": -45.693898491999995, "bottom": -12.657415424, "centroid_x": -45.694078, "centroid_y": -12.657236, "talhao": "PL PIVO 10B" }, "geometry": { "type": "MultiPolygon", "coordinates": [ [ [ [ -45.694257816, -12.6570561 ], [ -45.693898492, -12.6570561 ], [ -45.693898492, -12.657415424 ], [ -45.694257816, -12.657415424 ], [ -45.694257816, -12.6570561 ] ] ] ] } },
{ "type": "Feature", "properties": { "id": 10491, "left": -45.694257815999997, "top": -12.657415424, "right": -45.693898491999995, "bottom": -12.657774748, "centroid_x": -45.694078, "centroid_y": -12.657595, "talhao": "PL PIVO 10B" }, "geometry": { "type": "MultiPolygon", "coordinates": [ [ [ [ -45.694257816, -12.657415424 ], [ -45.693898492, -12.657415424 ], [ -45.693898492, -12.657774748 ], [ -45.694257816, -12.657774748 ], [ -45.694257816, -12.657415424 ] ] ] ] } },
{ "type": "Feature", "properties": { "id": 10492, "left": -45.694257815999997, "top": -12.657774748, "right": -45.693898491999995, "bottom": -12.658134072, "centroid_x": -45.694078, "centroid_y": -12.657954, "talhao": "PL PIVO 10B" }, "geometry": { "type": "MultiPolygon", "coordinates": [ [ [ [ -45.694257816, -12.657774748 ], [ -45.693898492, -12.657774748 ], [ -45.693898492, -12.658134072 ], [ -45.694257816, -12.658134072 ], [ -45.694257816, -12.657774748 ] ] ] ] } },
{ "type": "Feature", "properties": { "id": 10493, "left": -45.694257815999997, "top": -12.658134072, "right": -45.693898491999995, "bottom": -12.658493396000001, "centroid_x": -45.694085, "centroid_y": -12.65826, "talhao": "PL PIVO 10B" }, "geometry": { "type": "MultiPolygon", "coordinates": [ [ [ [ -45.693919, -12.658358 ], [ -45.694059, -12.658384 ], [ -45.694257816, -12.658413653911865 ], [ -45.694257816, -12.658134072 ], [ -45.693898492, -12.658134072 ], [ -45.693898492, -12.658352804115161 ], [ -45.693919, -12.658358 ] ] ] ] } },
{ "type": "Feature", "properties": { "id": 10501, "left": -45.693898492000002, "top": -12.650588268, "right": -45.693539168000001, "bottom": -12.650947592, "centroid_x": -45.693598, "centroid_y": -12.650898, "talhao": "PL PIVO 10B" }, "geometry": { "type": "MultiPolygon", "coordinates": [ [ [ [ -45.693539168, -12.650798226585048 ], [ -45.693539168, -12.650947592 ], [ -45.693714728637822, -12.650947592 ], [ -45.693539168, -12.650798226585048 ] ] ] ] } },
{ "type": "Feature", "properties": { "id": 10502, "left": -45.693898492000002, "top": -12.650947592, "right": -45.693539168000001, "bottom": -12.651306916, "centroid_x": -45.693704, "centroid_y": -12.651143, "talhao": "PL PIVO 10B" }, "geometry": { "type": "MultiPolygon", "coordinates": [ [ [ [ -45.693714728637822, -12.650947592 ], [ -45.693539168, -12.650947592 ], [ -45.693539168, -12.651306916 ], [ -45.693898492, -12.651306916 ], [ -45.693898492, -12.651103936219213 ], [ -45.693714728637822, -12.650947592 ] ] ] ] } },
{ "type": "Feature", "properties": { "id": 10503, "left": -45.693898492000002, "top": -12.651306916, "right": -45.693539168000001, "bottom": -12.65166624, "centroid_x": -45.693719, "centroid_y": -12.651487, "talhao": "PL PIVO 10B" }, "geometry": { "type": "MultiPolygon", "coordinates": [ [ [ [ -45.693898492, -12.651306916 ], [ -45.693539168, -12.651306916 ], [ -45.693539168, -12.65166624 ], [ -45.693898492, -12.65166624 ], [ -45.693898492, -12.651306916 ] ] ] ] } },
{ "type": "Feature", "properties": { "id": 10504, "left": -45.693898492000002, "top": -12.65166624, "right": -45.693539168000001, "bottom": -12.652025564000001, "centroid_x": -45.693719, "centroid_y": -12.651846, "talhao": "PL PIVO 10B" }, "geometry": { "type": "MultiPolygon", "coordinates": [ [ [ [ -45.693898492, -12.65166624 ], [ -45.693539168, -12.65166624 ], [ -45.693539168, -12.652025564 ], [ -45.693898492, -12.652025564 ], [ -45.693898492, -12.65166624 ] ] ] ] } },
{ "type": "Feature", "properties": { "id": 10505, "left": -45.693898492000002, "top": -12.652025564000001, "right": -45.693539168000001, "bottom": -12.652384888, "centroid_x": -45.693719, "centroid_y": -12.652205, "talhao": "PL PIVO 10B" }, "geometry": { "type": "MultiPolygon", "coordinates": [ [ [ [ -45.693898492, -12.652025564 ], [ -45.693539168, -12.652025564 ], [ -45.693539168, -12.652384888 ], [ -45.693898492, -12.652384888 ], [ -45.693898492, -12.652025564 ] ] ] ] } },
{ "type": "Feature", "properties": { "id": 10506, "left": -45.693898492000002, "top": -12.652384888, "right": -45.693539168000001, "bottom": -12.652744212, "centroid_x": -45.693719, "centroid_y": -12.652565, "talhao": "PL PIVO 10B" }, "geometry": { "type": "MultiPolygon", "coordinates": [ [ [ [ -45.693898492, -12.652384888 ], [ -45.693539168, -12.652384888 ], [ -45.693539168, -12.652744212 ], [ -45.693898492, -12.652744212 ], [ -45.693898492, -12.652384888 ] ] ] ] } },
{ "type": "Feature", "properties": { "id": 10507, "left": -45.693898492000002, "top": -12.652744212, "right": -45.693539168000001, "bottom": -12.653103536, "centroid_x": -45.693719, "centroid_y": -12.652924, "talhao": "PL PIVO 10B" }, "geometry": { "type": "MultiPolygon", "coordinates": [ [ [ [ -45.693898492, -12.652744212 ], [ -45.693539168, -12.652744212 ], [ -45.693539168, -12.653103536 ], [ -45.693898492, -12.653103536 ], [ -45.693898492, -12.652744212 ] ] ] ] } },
{ "type": "Feature", "properties": { "id": 10508, "left": -45.693898492000002, "top": -12.653103536, "right": -45.693539168000001, "bottom": -12.65346286, "centroid_x": -45.693719, "centroid_y": -12.653283, "talhao": "PL PIVO 10B" }, "geometry": { "type": "MultiPolygon", "coordinates": [ [ [ [ -45.693898492, -12.653103536 ], [ -45.693539168, -12.653103536 ], [ -45.693539168, -12.65346286 ], [ -45.693898492, -12.65346286 ], [ -45.693898492, -12.653103536 ] ] ] ] } },
{ "type": "Feature", "properties": { "id": 10509, "left": -45.693898492000002, "top": -12.65346286, "right": -45.693539168000001, "bottom": -12.653822184, "centroid_x": -45.693719, "centroid_y": -12.653643, "talhao": "PL PIVO 10B" }, "geometry": { "type": "MultiPolygon", "coordinates": [ [ [ [ -45.693898492, -12.65346286 ], [ -45.693539168, -12.65346286 ], [ -45.693539168, -12.653822184 ], [ -45.693898492, -12.653822184 ], [ -45.693898492, -12.65346286 ] ] ] ] } },
{ "type": "Feature", "properties": { "id": 10510, "left": -45.693898492000002, "top": -12.653822184000001, "right": -45.693539168000001, "bottom": -12.654181508000001, "centroid_x": -45.693719, "centroid_y": -12.654002, "talhao": "PL PIVO 10B" }, "geometry": { "type": "MultiPolygon", "coordinates": [ [ [ [ -45.693898492, -12.653822184 ], [ -45.693539168, -12.653822184 ], [ -45.693539168, -12.654181508 ], [ -45.693898492, -12.654181508 ], [ -45.693898492, -12.653822184 ] ] ] ] } },
{ "type": "Feature", "properties": { "id": 10511, "left": -45.693898492000002, "top": -12.654181508000001, "right": -45.693539168000001, "bottom": -12.654540832, "centroid_x": -45.693719, "centroid_y": -12.654361, "talhao": "PL PIVO 10B" }, "geometry": { "type": "MultiPolygon", "coordinates": [ [ [ [ -45.693898492, -12.654181508 ], [ -45.693539168, -12.654181508 ], [ -45.693539168, -12.654540832 ], [ -45.693898492, -12.654540832 ], [ -45.693898492, -12.654181508 ] ] ] ] } },
{ "type": "Feature", "properties": { "id": 10512, "left": -45.693898492000002, "top": -12.654540832, "right": -45.693539168000001, "bottom": -12.654900156, "centroid_x": -45.693719, "centroid_y": -12.65472, "talhao": "PL PIVO 10B" }, "geometry": { "type": "MultiPolygon", "coordinates": [ [ [ [ -45.693898492, -12.654540832 ], [ -45.693539168, -12.654540832 ], [ -45.693539168, -12.654900156 ], [ -45.693898492, -12.654900156 ], [ -45.693898492, -12.654540832 ] ] ] ] } },
{ "type": "Feature", "properties": { "id": 10513, "left": -45.693898492000002, "top": -12.654900156, "right": -45.693539168000001, "bottom": -12.65525948, "centroid_x": -45.693719, "centroid_y": -12.65508, "talhao": "PL PIVO 10B" }, "geometry": { "type": "MultiPolygon", "coordinates": [ [ [ [ -45.693898492, -12.654900156 ], [ -45.693539168, -12.654900156 ], [ -45.693539168, -12.65525948 ], [ -45.693898492, -12.65525948 ], [ -45.693898492, -12.654900156 ] ] ] ] } },
{ "type": "Feature", "properties": { "id": 10514, "left": -45.693898492000002, "top": -12.65525948, "right": -45.693539168000001, "bottom": -12.655618804, "centroid_x": -45.693719, "centroid_y": -12.655439, "talhao": "PL PIVO 10B" }, "geometry": { "type": "MultiPolygon", "coordinates": [ [ [ [ -45.693898492, -12.65525948 ], [ -45.693539168, -12.65525948 ], [ -45.693539168, -12.655618804 ], [ -45.693898492, -12.655618804 ], [ -45.693898492, -12.65525948 ] ] ] ] } },
{ "type": "Feature", "properties": { "id": 10515, "left": -45.693898492000002, "top": -12.655618804, "right": -45.693539168000001, "bottom": -12.655978128, "centroid_x": -45.693719, "centroid_y": -12.655798, "talhao": "PL PIVO 10B" }, "geometry": { "type": "MultiPolygon", "coordinates": [ [ [ [ -45.693898492, -12.655618804 ], [ -45.693539168, -12.655618804 ], [ -45.693539168, -12.655978128 ], [ -45.693898492, -12.655978128 ], [ -45.693898492, -12.655618804 ] ] ] ] } },
{ "type": "Feature", "properties": { "id": 10516, "left": -45.693898492000002, "top": -12.655978128000001, "right": -45.693539168000001, "bottom": -12.656337452000001, "centroid_x": -45.693719, "centroid_y": -12.656158, "talhao": "PL PIVO 10B" }, "geometry": { "type": "MultiPolygon", "coordinates": [ [ [ [ -45.693898492, -12.655978128 ], [ -45.693539168, -12.655978128 ], [ -45.693539168, -12.656337452 ], [ -45.693898492, -12.656337452 ], [ -45.693898492, -12.655978128 ] ] ] ] } },
{ "type": "Feature", "properties": { "id": 10517, "left": -45.693898492000002, "top": -12.656337452000001, "right": -45.693539168000001, "bottom": -12.656696776, "centroid_x": -45.693719, "centroid_y": -12.656517, "talhao": "PL PIVO 10B" }, "geometry": { "type": "MultiPolygon", "coordinates": [ [ [ [ -45.693898492, -12.656337452 ], [ -45.693539168, -12.656337452 ], [ -45.693539168, -12.656696776 ], [ -45.693898492, -12.656696776 ], [ -45.693898492, -12.656337452 ] ] ] ] } },
{ "type": "Feature", "properties": { "id": 10518, "left": -45.693898492000002, "top": -12.656696776, "right": -45.693539168000001, "bottom": -12.6570561, "centroid_x": -45.693719, "centroid_y": -12.656876, "talhao": "PL PIVO 10B" }, "geometry": { "type": "MultiPolygon", "coordinates": [ [ [ [ -45.693898492, -12.656696776 ], [ -45.693539168, -12.656696776 ], [ -45.693539168, -12.6570561 ], [ -45.693898492, -12.6570561 ], [ -45.693898492, -12.656696776 ] ] ] ] } },
{ "type": "Feature", "properties": { "id": 10519, "left": -45.693898492000002, "top": -12.6570561, "right": -45.693539168000001, "bottom": -12.657415424, "centroid_x": -45.693719, "centroid_y": -12.657236, "talhao": "PL PIVO 10B" }, "geometry": { "type": "MultiPolygon", "coordinates": [ [ [ [ -45.693898492, -12.6570561 ], [ -45.693539168, -12.6570561 ], [ -45.693539168, -12.657415424 ], [ -45.693898492, -12.657415424 ], [ -45.693898492, -12.6570561 ] ] ] ] } },
{ "type": "Feature", "properties": { "id": 10520, "left": -45.693898492000002, "top": -12.657415424, "right": -45.693539168000001, "bottom": -12.657774748, "centroid_x": -45.693719, "centroid_y": -12.657595, "talhao": "PL PIVO 10B" }, "geometry": { "type": "MultiPolygon", "coordinates": [ [ [ [ -45.693898492, -12.657415424 ], [ -45.693539168, -12.657415424 ], [ -45.693539168, -12.657774748 ], [ -45.693898492, -12.657774748 ], [ -45.693898492, -12.657415424 ] ] ] ] } },
{ "type": "Feature", "properties": { "id": 10521, "left": -45.693898492000002, "top": -12.657774748, "right": -45.693539168000001, "bottom": -12.658134072, "centroid_x": -45.693719, "centroid_y": -12.657954, "talhao": "PL PIVO 10B" }, "geometry": { "type": "MultiPolygon", "coordinates": [ [ [ [ -45.693898492, -12.657774748 ], [ -45.693539168, -12.657774748 ], [ -45.693539168, -12.658134072 ], [ -45.693898492, -12.658134072 ], [ -45.693898492, -12.657774748 ] ] ] ] } },
{ "type": "Feature", "properties": { "id": 10522, "left": -45.693898492000002, "top": -12.658134072, "right": -45.693539168000001, "bottom": -12.658493396000001, "centroid_x": -45.693735, "centroid_y": -12.658223, "talhao": "PL PIVO 10B" }, "geometry": { "type": "MultiPolygon", "coordinates": [ [ [ [ -45.693898492, -12.658352804115163 ], [ -45.693898492, -12.658134072 ], [ -45.693539168, -12.658134072 ], [ -45.693539168, -12.658261766172744 ], [ -45.693898492, -12.658352804115163 ] ] ] ] } },
{ "type": "Feature", "properties": { "id": 10529, "left": -45.693539168000001, "top": -12.650228944, "right": -45.693179844, "bottom": -12.650588268, "centroid_x": -45.693217, "centroid_y": -12.650556, "talhao": "PL PIVO 10B" }, "geometry": { "type": "MultiPolygon", "coordinates": [ [ [ [ -45.693179844, -12.650492516950882 ], [ -45.693179844, -12.650588268 ], [ -45.693292387558095, -12.650588268 ], [ -45.693179844, -12.650492516950882 ] ] ] ] } },
{ "type": "Feature", "properties": { "id": 10530, "left": -45.693539168000001, "top": -12.650588268, "right": -45.693179844, "bottom": -12.650947592, "centroid_x": -45.693335, "centroid_y": -12.650795, "talhao": "PL PIVO 10B" }, "geometry": { "type": "MultiPolygon", "coordinates": [ [ [ [ -45.693292387558095, -12.650588268 ], [ -45.693179844, -12.650588268 ], [ -45.693179844, -12.650947592 ], [ -45.693539168, -12.650947592 ], [ -45.693539168, -12.650798226585048 ], [ -45.693292387558095, -12.650588268 ] ] ] ] } },
{ "type": "Feature", "properties": { "id": 10531, "left": -45.693539168000001, "top": -12.650947592, "right": -45.693179844, "bottom": -12.651306916, "centroid_x": -45.69336, "centroid_y": -12.651127, "talhao": "PL PIVO 10B" }, "geometry": { "type": "MultiPolygon", "coordinates": [ [ [ [ -45.693539168, -12.650947592 ], [ -45.693179844, -12.650947592 ], [ -45.693179844, -12.651306916 ], [ -45.693539168, -12.651306916 ], [ -45.693539168, -12.650947592 ] ] ] ] } },
{ "type": "Feature", "properties": { "id": 10532, "left": -45.693539168000001, "top": -12.651306916, "right": -45.693179844, "bottom": -12.65166624, "centroid_x": -45.69336, "centroid_y": -12.651487, "talhao": "PL PIVO 10B" }, "geometry": { "type": "MultiPolygon", "coordinates": [ [ [ [ -45.693539168, -12.651306916 ], [ -45.693179844, -12.651306916 ], [ -45.693179844, -12.65166624 ], [ -45.693539168, -12.65166624 ], [ -45.693539168, -12.651306916 ] ] ] ] } },
{ "type": "Feature", "properties": { "id": 10533, "left": -45.693539168000001, "top": -12.65166624, "right": -45.693179844, "bottom": -12.652025564000001, "centroid_x": -45.69336, "centroid_y": -12.651846, "talhao": "PL PIVO 10B" }, "geometry": { "type": "MultiPolygon", "coordinates": [ [ [ [ -45.693539168, -12.65166624 ], [ -45.693179844, -12.65166624 ], [ -45.693179844, -12.652025564 ], [ -45.693539168, -12.652025564 ], [ -45.693539168, -12.65166624 ] ] ] ] } },
{ "type": "Feature", "properties": { "id": 10534, "left": -45.693539168000001, "top": -12.652025564000001, "right": -45.693179844, "bottom": -12.652384888, "centroid_x": -45.69336, "centroid_y": -12.652205, "talhao": "PL PIVO 10B" }, "geometry": { "type": "MultiPolygon", "coordinates": [ [ [ [ -45.693539168, -12.652025564 ], [ -45.693179844, -12.652025564 ], [ -45.693179844, -12.652384888 ], [ -45.693539168, -12.652384888 ], [ -45.693539168, -12.652025564 ] ] ] ] } },
{ "type": "Feature", "properties": { "id": 10535, "left": -45.693539168000001, "top": -12.652384888, "right": -45.693179844, "bottom": -12.652744212, "centroid_x": -45.69336, "centroid_y": -12.652565, "talhao": "PL PIVO 10B" }, "geometry": { "type": "MultiPolygon", "coordinates": [ [ [ [ -45.693539168, -12.652384888 ], [ -45.693179844, -12.652384888 ], [ -45.693179844, -12.652744212 ], [ -45.693539168, -12.652744212 ], [ -45.693539168, -12.652384888 ] ] ] ] } },
{ "type": "Feature", "properties": { "id": 10536, "left": -45.693539168000001, "top": -12.652744212, "right": -45.693179844, "bottom": -12.653103536, "centroid_x": -45.69336, "centroid_y": -12.652924, "talhao": "PL PIVO 10B" }, "geometry": { "type": "MultiPolygon", "coordinates": [ [ [ [ -45.693539168, -12.652744212 ], [ -45.693179844, -12.652744212 ], [ -45.693179844, -12.653103536 ], [ -45.693539168, -12.653103536 ], [ -45.693539168, -12.652744212 ] ] ] ] } },
{ "type": "Feature", "properties": { "id": 10537, "left": -45.693539168000001, "top": -12.653103536, "right": -45.693179844, "bottom": -12.65346286, "centroid_x": -45.69336, "centroid_y": -12.653283, "talhao": "PL PIVO 10B" }, "geometry": { "type": "MultiPolygon", "coordinates": [ [ [ [ -45.693539168, -12.653103536 ], [ -45.693179844, -12.653103536 ], [ -45.693179844, -12.65346286 ], [ -45.693539168, -12.65346286 ], [ -45.693539168, -12.653103536 ] ] ] ] } },
{ "type": "Feature", "properties": { "id": 10538, "left": -45.693539168000001, "top": -12.65346286, "right": -45.693179844, "bottom": -12.653822184, "centroid_x": -45.69336, "centroid_y": -12.653643, "talhao": "PL PIVO 10B" }, "geometry": { "type": "MultiPolygon", "coordinates": [ [ [ [ -45.693539168, -12.65346286 ], [ -45.693179844, -12.65346286 ], [ -45.693179844, -12.653822184 ], [ -45.693539168, -12.653822184 ], [ -45.693539168, -12.65346286 ] ] ] ] } },
{ "type": "Feature", "properties": { "id": 10539, "left": -45.693539168000001, "top": -12.653822184000001, "right": -45.693179844, "bottom": -12.654181508000001, "centroid_x": -45.69336, "centroid_y": -12.654002, "talhao": "PL PIVO 10B" }, "geometry": { "type": "MultiPolygon", "coordinates": [ [ [ [ -45.693539168, -12.653822184 ], [ -45.693179844, -12.653822184 ], [ -45.693179844, -12.654181508 ], [ -45.693539168, -12.654181508 ], [ -45.693539168, -12.653822184 ] ] ] ] } },
{ "type": "Feature", "properties": { "id": 10540, "left": -45.693539168000001, "top": -12.654181508000001, "right": -45.693179844, "bottom": -12.654540832, "centroid_x": -45.69336, "centroid_y": -12.654361, "talhao": "PL PIVO 10B" }, "geometry": { "type": "MultiPolygon", "coordinates": [ [ [ [ -45.693539168, -12.654181508 ], [ -45.693179844, -12.654181508 ], [ -45.693179844, -12.654540832 ], [ -45.693539168, -12.654540832 ], [ -45.693539168, -12.654181508 ] ] ] ] } },
{ "type": "Feature", "properties": { "id": 10541, "left": -45.693539168000001, "top": -12.654540832, "right": -45.693179844, "bottom": -12.654900156, "centroid_x": -45.69336, "centroid_y": -12.65472, "talhao": "PL PIVO 10B" }, "geometry": { "type": "MultiPolygon", "coordinates": [ [ [ [ -45.693539168, -12.654540832 ], [ -45.693179844, -12.654540832 ], [ -45.693179844, -12.654900156 ], [ -45.693539168, -12.654900156 ], [ -45.693539168, -12.654540832 ] ] ] ] } },
{ "type": "Feature", "properties": { "id": 10542, "left": -45.693539168000001, "top": -12.654900156, "right": -45.693179844, "bottom": -12.65525948, "centroid_x": -45.69336, "centroid_y": -12.65508, "talhao": "PL PIVO 10B" }, "geometry": { "type": "MultiPolygon", "coordinates": [ [ [ [ -45.693539168, -12.654900156 ], [ -45.693179844, -12.654900156 ], [ -45.693179844, -12.65525948 ], [ -45.693539168, -12.65525948 ], [ -45.693539168, -12.654900156 ] ] ] ] } },
{ "type": "Feature", "properties": { "id": 10543, "left": -45.693539168000001, "top": -12.65525948, "right": -45.693179844, "bottom": -12.655618804, "centroid_x": -45.69336, "centroid_y": -12.655439, "talhao": "PL PIVO 10B" }, "geometry": { "type": "MultiPolygon", "coordinates": [ [ [ [ -45.693539168, -12.65525948 ], [ -45.693179844, -12.65525948 ], [ -45.693179844, -12.655618804 ], [ -45.693539168, -12.655618804 ], [ -45.693539168, -12.65525948 ] ] ] ] } },
{ "type": "Feature", "properties": { "id": 10544, "left": -45.693539168000001, "top": -12.655618804, "right": -45.693179844, "bottom": -12.655978128, "centroid_x": -45.69336, "centroid_y": -12.655798, "talhao": "PL PIVO 10B" }, "geometry": { "type": "MultiPolygon", "coordinates": [ [ [ [ -45.693539168, -12.655618804 ], [ -45.693179844, -12.655618804 ], [ -45.693179844, -12.655978128 ], [ -45.693539168, -12.655978128 ], [ -45.693539168, -12.655618804 ] ] ] ] } },
{ "type": "Feature", "properties": { "id": 10545, "left": -45.693539168000001, "top": -12.655978128000001, "right": -45.693179844, "bottom": -12.656337452000001, "centroid_x": -45.69336, "centroid_y": -12.656158, "talhao": "PL PIVO 10B" }, "geometry": { "type": "MultiPolygon", "coordinates": [ [ [ [ -45.693539168, -12.655978128 ], [ -45.693179844, -12.655978128 ], [ -45.693179844, -12.656337452 ], [ -45.693539168, -12.656337452 ], [ -45.693539168, -12.655978128 ] ] ] ] } },
{ "type": "Feature", "properties": { "id": 10546, "left": -45.693539168000001, "top": -12.656337452000001, "right": -45.693179844, "bottom": -12.656696776, "centroid_x": -45.69336, "centroid_y": -12.656517, "talhao": "PL PIVO 10B" }, "geometry": { "type": "MultiPolygon", "coordinates": [ [ [ [ -45.693539168, -12.656337452 ], [ -45.693179844, -12.656337452 ], [ -45.693179844, -12.656696776 ], [ -45.693539168, -12.656696776 ], [ -45.693539168, -12.656337452 ] ] ] ] } },
{ "type": "Feature", "properties": { "id": 10547, "left": -45.693539168000001, "top": -12.656696776, "right": -45.693179844, "bottom": -12.6570561, "centroid_x": -45.69336, "centroid_y": -12.656876, "talhao": "PL PIVO 10B" }, "geometry": { "type": "MultiPolygon", "coordinates": [ [ [ [ -45.693539168, -12.656696776 ], [ -45.693179844, -12.656696776 ], [ -45.693179844, -12.6570561 ], [ -45.693539168, -12.6570561 ], [ -45.693539168, -12.656696776 ] ] ] ] } },
{ "type": "Feature", "properties": { "id": 10548, "left": -45.693539168000001, "top": -12.6570561, "right": -45.693179844, "bottom": -12.657415424, "centroid_x": -45.69336, "centroid_y": -12.657236, "talhao": "PL PIVO 10B" }, "geometry": { "type": "MultiPolygon", "coordinates": [ [ [ [ -45.693539168, -12.6570561 ], [ -45.693179844, -12.6570561 ], [ -45.693179844, -12.657415424 ], [ -45.693539168, -12.657415424 ], [ -45.693539168, -12.6570561 ] ] ] ] } },
{ "type": "Feature", "properties": { "id": 10549, "left": -45.693539168000001, "top": -12.657415424, "right": -45.693179844, "bottom": -12.657774748, "centroid_x": -45.69336, "centroid_y": -12.657595, "talhao": "PL PIVO 10B" }, "geometry": { "type": "MultiPolygon", "coordinates": [ [ [ [ -45.693539168, -12.657415424 ], [ -45.693179844, -12.657415424 ], [ -45.693179844, -12.657774748 ], [ -45.693539168, -12.657774748 ], [ -45.693539168, -12.657415424 ] ] ] ] } },
{ "type": "Feature", "properties": { "id": 10550, "left": -45.693539168000001, "top": -12.657774748, "right": -45.693179844, "bottom": -12.658134072, "centroid_x": -45.69336, "centroid_y": -12.657954, "talhao": "PL PIVO 10B" }, "geometry": { "type": "MultiPolygon", "coordinates": [ [ [ [ -45.693539168, -12.657774748 ], [ -45.693179844, -12.657774748 ], [ -45.693179844, -12.658134072 ], [ -45.693539168, -12.658134072 ], [ -45.693539168, -12.657774748 ] ] ] ] } },
{ "type": "Feature", "properties": { "id": 10551, "left": -45.693539168000001, "top": -12.658134072, "right": -45.693179844, "bottom": -12.658493396000001, "centroid_x": -45.693397, "centroid_y": -12.658179, "talhao": "PL PIVO 10B" }, "geometry": { "type": "MultiPolygon", "coordinates": [ [ [ [ -45.693398, -12.658226 ], [ -45.693539168, -12.658261766172744 ], [ -45.693539168, -12.658134072 ], [ -45.693179844, -12.658134072 ], [ -45.693179844, -12.658163346200693 ], [ -45.693398, -12.658226 ] ] ] ] } },
{ "type": "Feature", "properties": { "id": 10557, "left": -45.693179844, "top": -12.64986962, "right": -45.69282052, "bottom": -12.650228944, "centroid_x": -45.692837, "centroid_y": -12.650215, "talhao": "PL PIVO 10B" }, "geometry": { "type": "MultiPolygon", "coordinates": [ [ [ [ -45.69282052, -12.650186807316716 ], [ -45.69282052, -12.650228944 ], [ -45.692870046478369, -12.650228944 ], [ -45.69282052, -12.650186807316716 ] ] ] ] } },
{ "type": "Feature", "properties": { "id": 10558, "left": -45.693179844, "top": -12.650228944, "right": -45.69282052, "bottom": -12.650588268, "centroid_x": -45.692965, "centroid_y": -12.650451, "talhao": "PL PIVO 10B" }, "geometry": { "type": "MultiPolygon", "coordinates": [ [ [ [ -45.692870046478369, -12.650228944 ], [ -45.69282052, -12.650228944 ], [ -45.69282052, -12.650588268 ], [ -45.693179844, -12.650588268 ], [ -45.693179844, -12.650492516950882 ], [ -45.692870046478369, -12.650228944 ] ] ] ] } },
{ "type": "Feature", "properties": { "id": 10559, "left": -45.693179844, "top": -12.650588268, "right": -45.69282052, "bottom": -12.650947592, "centroid_x": -45.693, "centroid_y": -12.650768, "talhao": "PL PIVO 10B" }, "geometry": { "type": "MultiPolygon", "coordinates": [ [ [ [ -45.693179844, -12.650588268 ], [ -45.69282052, -12.650588268 ], [ -45.69282052, -12.650947592 ], [ -45.693179844, -12.650947592 ], [ -45.693179844, -12.650588268 ] ] ] ] } },
{ "type": "Feature", "properties": { "id": 10560, "left": -45.693179844, "top": -12.650947592, "right": -45.69282052, "bottom": -12.651306916, "centroid_x": -45.693, "centroid_y": -12.651127, "talhao": "PL PIVO 10B" }, "geometry": { "type": "MultiPolygon", "coordinates": [ [ [ [ -45.693179844, -12.650947592 ], [ -45.69282052, -12.650947592 ], [ -45.69282052, -12.651306916 ], [ -45.693179844, -12.651306916 ], [ -45.693179844, -12.650947592 ] ] ] ] } },
{ "type": "Feature", "properties": { "id": 10561, "left": -45.693179844, "top": -12.651306916, "right": -45.69282052, "bottom": -12.65166624, "centroid_x": -45.693, "centroid_y": -12.651487, "talhao": "PL PIVO 10B" }, "geometry": { "type": "MultiPolygon", "coordinates": [ [ [ [ -45.693179844, -12.651306916 ], [ -45.69282052, -12.651306916 ], [ -45.69282052, -12.65166624 ], [ -45.693179844, -12.65166624 ], [ -45.693179844, -12.651306916 ] ] ] ] } },
{ "type": "Feature", "properties": { "id": 10562, "left": -45.693179844, "top": -12.65166624, "right": -45.69282052, "bottom": -12.652025564000001, "centroid_x": -45.693, "centroid_y": -12.651846, "talhao": "PL PIVO 10B" }, "geometry": { "type": "MultiPolygon", "coordinates": [ [ [ [ -45.693179844, -12.65166624 ], [ -45.69282052, -12.65166624 ], [ -45.69282052, -12.652025564 ], [ -45.693179844, -12.652025564 ], [ -45.693179844, -12.65166624 ] ] ] ] } },
{ "type": "Feature", "properties": { "id": 10563, "left": -45.693179844, "top": -12.652025564000001, "right": -45.69282052, "bottom": -12.652384888, "centroid_x": -45.693, "centroid_y": -12.652205, "talhao": "PL PIVO 10B" }, "geometry": { "type": "MultiPolygon", "coordinates": [ [ [ [ -45.693179844, -12.652025564 ], [ -45.69282052, -12.652025564 ], [ -45.69282052, -12.652384888 ], [ -45.693179844, -12.652384888 ], [ -45.693179844, -12.652025564 ] ] ] ] } },
{ "type": "Feature", "properties": { "id": 10564, "left": -45.693179844, "top": -12.652384888, "right": -45.69282052, "bottom": -12.652744212, "centroid_x": -45.693, "centroid_y": -12.652565, "talhao": "PL PIVO 10B" }, "geometry": { "type": "MultiPolygon", "coordinates": [ [ [ [ -45.693179844, -12.652384888 ], [ -45.69282052, -12.652384888 ], [ -45.69282052, -12.652744212 ], [ -45.693179844, -12.652744212 ], [ -45.693179844, -12.652384888 ] ] ] ] } },
{ "type": "Feature", "properties": { "id": 10565, "left": -45.693179844, "top": -12.652744212, "right": -45.69282052, "bottom": -12.653103536, "centroid_x": -45.693, "centroid_y": -12.652924, "talhao": "PL PIVO 10B" }, "geometry": { "type": "MultiPolygon", "coordinates": [ [ [ [ -45.693179844, -12.652744212 ], [ -45.69282052, -12.652744212 ], [ -45.69282052, -12.653103536 ], [ -45.693179844, -12.653103536 ], [ -45.693179844, -12.652744212 ] ] ] ] } },
{ "type": "Feature", "properties": { "id": 10566, "left": -45.693179844, "top": -12.653103536, "right": -45.69282052, "bottom": -12.65346286, "centroid_x": -45.693, "centroid_y": -12.653283, "talhao": "PL PIVO 10B" }, "geometry": { "type": "MultiPolygon", "coordinates": [ [ [ [ -45.693179844, -12.653103536 ], [ -45.69282052, -12.653103536 ], [ -45.69282052, -12.65346286 ], [ -45.693179844, -12.65346286 ], [ -45.693179844, -12.653103536 ] ] ] ] } },
{ "type": "Feature", "properties": { "id": 10567, "left": -45.693179844, "top": -12.65346286, "right": -45.69282052, "bottom": -12.653822184, "centroid_x": -45.693, "centroid_y": -12.653643, "talhao": "PL PIVO 10B" }, "geometry": { "type": "MultiPolygon", "coordinates": [ [ [ [ -45.693179844, -12.65346286 ], [ -45.69282052, -12.65346286 ], [ -45.69282052, -12.653822184 ], [ -45.693179844, -12.653822184 ], [ -45.693179844, -12.65346286 ] ] ] ] } },
{ "type": "Feature", "properties": { "id": 10568, "left": -45.693179844, "top": -12.653822184000001, "right": -45.69282052, "bottom": -12.654181508000001, "centroid_x": -45.693, "centroid_y": -12.654002, "talhao": "PL PIVO 10B" }, "geometry": { "type": "MultiPolygon", "coordinates": [ [ [ [ -45.693179844, -12.653822184 ], [ -45.69282052, -12.653822184 ], [ -45.69282052, -12.654181508 ], [ -45.693179844, -12.654181508 ], [ -45.693179844, -12.653822184 ] ] ] ] } },
{ "type": "Feature", "properties": { "id": 10569, "left": -45.693179844, "top": -12.654181508000001, "right": -45.69282052, "bottom": -12.654540832, "centroid_x": -45.693, "centroid_y": -12.654361, "talhao": "PL PIVO 10B" }, "geometry": { "type": "MultiPolygon", "coordinates": [ [ [ [ -45.693179844, -12.654181508 ], [ -45.69282052, -12.654181508 ], [ -45.69282052, -12.654540832 ], [ -45.693179844, -12.654540832 ], [ -45.693179844, -12.654181508 ] ] ] ] } },
{ "type": "Feature", "properties": { "id": 10570, "left": -45.693179844, "top": -12.654540832, "right": -45.69282052, "bottom": -12.654900156, "centroid_x": -45.693, "centroid_y": -12.65472, "talhao": "PL PIVO 10B" }, "geometry": { "type": "MultiPolygon", "coordinates": [ [ [ [ -45.693179844, -12.654540832 ], [ -45.69282052, -12.654540832 ], [ -45.69282052, -12.654900156 ], [ -45.693179844, -12.654900156 ], [ -45.693179844, -12.654540832 ] ] ] ] } },
{ "type": "Feature", "properties": { "id": 10571, "left": -45.693179844, "top": -12.654900156, "right": -45.69282052, "bottom": -12.65525948, "centroid_x": -45.693, "centroid_y": -12.65508, "talhao": "PL PIVO 10B" }, "geometry": { "type": "MultiPolygon", "coordinates": [ [ [ [ -45.693179844, -12.654900156 ], [ -45.69282052, -12.654900156 ], [ -45.69282052, -12.65525948 ], [ -45.693179844, -12.65525948 ], [ -45.693179844, -12.654900156 ] ] ] ] } },
{ "type": "Feature", "properties": { "id": 10572, "left": -45.693179844, "top": -12.65525948, "right": -45.69282052, "bottom": -12.655618804, "centroid_x": -45.693, "centroid_y": -12.655439, "talhao": "PL PIVO 10B" }, "geometry": { "type": "MultiPolygon", "coordinates": [ [ [ [ -45.693179844, -12.65525948 ], [ -45.69282052, -12.65525948 ], [ -45.69282052, -12.655618804 ], [ -45.693179844, -12.655618804 ], [ -45.693179844, -12.65525948 ] ] ] ] } },
{ "type": "Feature", "properties": { "id": 10573, "left": -45.693179844, "top": -12.655618804, "right": -45.69282052, "bottom": -12.655978128, "centroid_x": -45.693, "centroid_y": -12.655798, "talhao": "PL PIVO 10B" }, "geometry": { "type": "MultiPolygon", "coordinates": [ [ [ [ -45.693179844, -12.655618804 ], [ -45.69282052, -12.655618804 ], [ -45.69282052, -12.655978128 ], [ -45.693179844, -12.655978128 ], [ -45.693179844, -12.655618804 ] ] ] ] } },
{ "type": "Feature", "properties": { "id": 10574, "left": -45.693179844, "top": -12.655978128000001, "right": -45.69282052, "bottom": -12.656337452000001, "centroid_x": -45.693, "centroid_y": -12.656158, "talhao": "PL PIVO 10B" }, "geometry": { "type": "MultiPolygon", "coordinates": [ [ [ [ -45.693179844, -12.655978128 ], [ -45.69282052, -12.655978128 ], [ -45.69282052, -12.656337452 ], [ -45.693179844, -12.656337452 ], [ -45.693179844, -12.655978128 ] ] ] ] } },
{ "type": "Feature", "properties": { "id": 10575, "left": -45.693179844, "top": -12.656337452000001, "right": -45.69282052, "bottom": -12.656696776, "centroid_x": -45.693, "centroid_y": -12.656517, "talhao": "PL PIVO 10B" }, "geometry": { "type": "MultiPolygon", "coordinates": [ [ [ [ -45.693179844, -12.656337452 ], [ -45.69282052, -12.656337452 ], [ -45.69282052, -12.656696776 ], [ -45.693179844, -12.656696776 ], [ -45.693179844, -12.656337452 ] ] ] ] } },
{ "type": "Feature", "properties": { "id": 10576, "left": -45.693179844, "top": -12.656696776, "right": -45.69282052, "bottom": -12.6570561, "centroid_x": -45.693, "centroid_y": -12.656876, "talhao": "PL PIVO 10B" }, "geometry": { "type": "MultiPolygon", "coordinates": [ [ [ [ -45.693179844, -12.656696776 ], [ -45.69282052, -12.656696776 ], [ -45.69282052, -12.6570561 ], [ -45.693179844, -12.6570561 ], [ -45.693179844, -12.656696776 ] ] ] ] } },
{ "type": "Feature", "properties": { "id": 10577, "left": -45.693179844, "top": -12.6570561, "right": -45.69282052, "bottom": -12.657415424, "centroid_x": -45.693, "centroid_y": -12.657236, "talhao": "PL PIVO 10B" }, "geometry": { "type": "MultiPolygon", "coordinates": [ [ [ [ -45.693179844, -12.6570561 ], [ -45.69282052, -12.6570561 ], [ -45.69282052, -12.657415424 ], [ -45.693179844, -12.657415424 ], [ -45.693179844, -12.6570561 ] ] ] ] } },
{ "type": "Feature", "properties": { "id": 10578, "left": -45.693179844, "top": -12.657415424, "right": -45.69282052, "bottom": -12.657774748, "centroid_x": -45.693, "centroid_y": -12.657595, "talhao": "PL PIVO 10B" }, "geometry": { "type": "MultiPolygon", "coordinates": [ [ [ [ -45.693179844, -12.657415424 ], [ -45.69282052, -12.657415424 ], [ -45.69282052, -12.657774748 ], [ -45.693179844, -12.657774748 ], [ -45.693179844, -12.657415424 ] ] ] ] } },
{ "type": "Feature", "properties": { "id": 10579, "left": -45.693179844, "top": -12.657774748, "right": -45.69282052, "bottom": -12.658134072, "centroid_x": -45.69301, "centroid_y": -12.657938, "talhao": "PL PIVO 10B" }, "geometry": { "type": "MultiPolygon", "coordinates": [ [ [ [ -45.692887, -12.658062 ], [ -45.69308453066666, -12.658134072 ], [ -45.693179844, -12.658134072 ], [ -45.693179844, -12.657774748 ], [ -45.69282052, -12.657774748 ], [ -45.69282052, -12.658035324639497 ], [ -45.692887, -12.658062 ] ] ] ] } },
{ "type": "Feature", "properties": { "id": 10580, "left": -45.693179844, "top": -12.658134072, "right": -45.69282052, "bottom": -12.658493396000001, "centroid_x": -45.693147, "centroid_y": -12.658144, "talhao": "PL PIVO 10B" }, "geometry": { "type": "MultiPolygon", "coordinates": [ [ [ [ -45.693109, -12.658143 ], [ -45.693179844, -12.658163346200693 ], [ -45.693179844, -12.658134072 ], [ -45.69308453066666, -12.658134072 ], [ -45.693109, -12.658143 ] ] ] ] } },
{ "type": "Feature", "properties": { "id": 10586, "left": -45.69282052, "top": -12.64986962, "right": -45.692461195999996, "bottom": -12.650228944, "centroid_x": -45.692594, "centroid_y": -12.650111, "talhao": "PL PIVO 10B" }, "geometry": { "type": "MultiPolygon", "coordinates": [ [ [ [ -45.692461196, -12.649881097682552 ], [ -45.692461196, -12.650228944 ], [ -45.69282052, -12.650228944 ], [ -45.69282052, -12.650186807316716 ], [ -45.692461196, -12.649881097682552 ] ] ] ] } },
{ "type": "Feature", "properties": { "id": 10587, "left": -45.69282052, "top": -12.650228944, "right": -45.692461195999996, "bottom": -12.650588268, "centroid_x": -45.692641, "centroid_y": -12.650409, "talhao": "PL PIVO 10B" }, "geometry": { "type": "MultiPolygon", "coordinates": [ [ [ [ -45.69282052, -12.650228944 ], [ -45.692461196, -12.650228944 ], [ -45.692461196, -12.650588268 ], [ -45.69282052, -12.650588268 ], [ -45.69282052, -12.650228944 ] ] ] ] } },
{ "type": "Feature", "properties": { "id": 10588, "left": -45.69282052, "top": -12.650588268, "right": -45.692461195999996, "bottom": -12.650947592, "centroid_x": -45.692641, "centroid_y": -12.650768, "talhao": "PL PIVO 10B" }, "geometry": { "type": "MultiPolygon", "coordinates": [ [ [ [ -45.69282052, -12.650588268 ], [ -45.692461196, -12.650588268 ], [ -45.692461196, -12.650947592 ], [ -45.69282052, -12.650947592 ], [ -45.69282052, -12.650588268 ] ] ] ] } },
{ "type": "Feature", "properties": { "id": 10589, "left": -45.69282052, "top": -12.650947592, "right": -45.692461195999996, "bottom": -12.651306916, "centroid_x": -45.692641, "centroid_y": -12.651127, "talhao": "PL PIVO 10B" }, "geometry": { "type": "MultiPolygon", "coordinates": [ [ [ [ -45.69282052, -12.650947592 ], [ -45.692461196, -12.650947592 ], [ -45.692461196, -12.651306916 ], [ -45.69282052, -12.651306916 ], [ -45.69282052, -12.650947592 ] ] ] ] } },
{ "type": "Feature", "properties": { "id": 10590, "left": -45.69282052, "top": -12.651306916, "right": -45.692461195999996, "bottom": -12.65166624, "centroid_x": -45.692641, "centroid_y": -12.651487, "talhao": "PL PIVO 10B" }, "geometry": { "type": "MultiPolygon", "coordinates": [ [ [ [ -45.69282052, -12.651306916 ], [ -45.692461196, -12.651306916 ], [ -45.692461196, -12.65166624 ], [ -45.69282052, -12.65166624 ], [ -45.69282052, -12.651306916 ] ] ] ] } },
{ "type": "Feature", "properties": { "id": 10591, "left": -45.69282052, "top": -12.65166624, "right": -45.692461195999996, "bottom": -12.652025564000001, "centroid_x": -45.692641, "centroid_y": -12.651846, "talhao": "PL PIVO 10B" }, "geometry": { "type": "MultiPolygon", "coordinates": [ [ [ [ -45.69282052, -12.65166624 ], [ -45.692461196, -12.65166624 ], [ -45.692461196, -12.652025564 ], [ -45.69282052, -12.652025564 ], [ -45.69282052, -12.65166624 ] ] ] ] } },
{ "type": "Feature", "properties": { "id": 10592, "left": -45.69282052, "top": -12.652025564000001, "right": -45.692461195999996, "bottom": -12.652384888, "centroid_x": -45.692641, "centroid_y": -12.652205, "talhao": "PL PIVO 10B" }, "geometry": { "type": "MultiPolygon", "coordinates": [ [ [ [ -45.69282052, -12.652025564 ], [ -45.692461196, -12.652025564 ], [ -45.692461196, -12.652384888 ], [ -45.69282052, -12.652384888 ], [ -45.69282052, -12.652025564 ] ] ] ] } },
{ "type": "Feature", "properties": { "id": 10593, "left": -45.69282052, "top": -12.652384888, "right": -45.692461195999996, "bottom": -12.652744212, "centroid_x": -45.692641, "centroid_y": -12.652565, "talhao": "PL PIVO 10B" }, "geometry": { "type": "MultiPolygon", "coordinates": [ [ [ [ -45.69282052, -12.652384888 ], [ -45.692461196, -12.652384888 ], [ -45.692461196, -12.652744212 ], [ -45.69282052, -12.652744212 ], [ -45.69282052, -12.652384888 ] ] ] ] } },
{ "type": "Feature", "properties": { "id": 10594, "left": -45.69282052, "top": -12.652744212, "right": -45.692461195999996, "bottom": -12.653103536, "centroid_x": -45.692641, "centroid_y": -12.652924, "talhao": "PL PIVO 10B" }, "geometry": { "type": "MultiPolygon", "coordinates": [ [ [ [ -45.69282052, -12.652744212 ], [ -45.692461196, -12.652744212 ], [ -45.692461196, -12.653103536 ], [ -45.69282052, -12.653103536 ], [ -45.69282052, -12.652744212 ] ] ] ] } },
{ "type": "Feature", "properties": { "id": 10595, "left": -45.69282052, "top": -12.653103536, "right": -45.692461195999996, "bottom": -12.65346286, "centroid_x": -45.692641, "centroid_y": -12.653283, "talhao": "PL PIVO 10B" }, "geometry": { "type": "MultiPolygon", "coordinates": [ [ [ [ -45.69282052, -12.653103536 ], [ -45.692461196, -12.653103536 ], [ -45.692461196, -12.65346286 ], [ -45.69282052, -12.65346286 ], [ -45.69282052, -12.653103536 ] ] ] ] } },
{ "type": "Feature", "properties": { "id": 10596, "left": -45.69282052, "top": -12.65346286, "right": -45.692461195999996, "bottom": -12.653822184, "centroid_x": -45.692641, "centroid_y": -12.653643, "talhao": "PL PIVO 10B" }, "geometry": { "type": "MultiPolygon", "coordinates": [ [ [ [ -45.69282052, -12.65346286 ], [ -45.692461196, -12.65346286 ], [ -45.692461196, -12.653822184 ], [ -45.69282052, -12.653822184 ], [ -45.69282052, -12.65346286 ] ] ] ] } },
{ "type": "Feature", "properties": { "id": 10597, "left": -45.69282052, "top": -12.653822184000001, "right": -45.692461195999996, "bottom": -12.654181508000001, "centroid_x": -45.692641, "centroid_y": -12.654002, "talhao": "PL PIVO 10B" }, "geometry": { "type": "MultiPolygon", "coordinates": [ [ [ [ -45.69282052, -12.653822184 ], [ -45.692461196, -12.653822184 ], [ -45.692461196, -12.654181508 ], [ -45.69282052, -12.654181508 ], [ -45.69282052, -12.653822184 ] ] ] ] } },
{ "type": "Feature", "properties": { "id": 10598, "left": -45.69282052, "top": -12.654181508000001, "right": -45.692461195999996, "bottom": -12.654540832, "centroid_x": -45.692641, "centroid_y": -12.654361, "talhao": "PL PIVO 10B" }, "geometry": { "type": "MultiPolygon", "coordinates": [ [ [ [ -45.69282052, -12.654181508 ], [ -45.692461196, -12.654181508 ], [ -45.692461196, -12.654540832 ], [ -45.69282052, -12.654540832 ], [ -45.69282052, -12.654181508 ] ] ] ] } },
{ "type": "Feature", "properties": { "id": 10599, "left": -45.69282052, "top": -12.654540832, "right": -45.692461195999996, "bottom": -12.654900156, "centroid_x": -45.692641, "centroid_y": -12.65472, "talhao": "PL PIVO 10B" }, "geometry": { "type": "MultiPolygon", "coordinates": [ [ [ [ -45.69282052, -12.654540832 ], [ -45.692461196, -12.654540832 ], [ -45.692461196, -12.654900156 ], [ -45.69282052, -12.654900156 ], [ -45.69282052, -12.654540832 ] ] ] ] } },
{ "type": "Feature", "properties": { "id": 10600, "left": -45.69282052, "top": -12.654900156, "right": -45.692461195999996, "bottom": -12.65525948, "centroid_x": -45.692641, "centroid_y": -12.65508, "talhao": "PL PIVO 10B" }, "geometry": { "type": "MultiPolygon", "coordinates": [ [ [ [ -45.69282052, -12.654900156 ], [ -45.692461196, -12.654900156 ], [ -45.692461196, -12.65525948 ], [ -45.69282052, -12.65525948 ], [ -45.69282052, -12.654900156 ] ] ] ] } },
{ "type": "Feature", "properties": { "id": 10601, "left": -45.69282052, "top": -12.65525948, "right": -45.692461195999996, "bottom": -12.655618804, "centroid_x": -45.692641, "centroid_y": -12.655439, "talhao": "PL PIVO 10B" }, "geometry": { "type": "MultiPolygon", "coordinates": [ [ [ [ -45.69282052, -12.65525948 ], [ -45.692461196, -12.65525948 ], [ -45.692461196, -12.655618804 ], [ -45.69282052, -12.655618804 ], [ -45.69282052, -12.65525948 ] ] ] ] } },
{ "type": "Feature", "properties": { "id": 10602, "left": -45.69282052, "top": -12.655618804, "right": -45.692461195999996, "bottom": -12.655978128, "centroid_x": -45.692641, "centroid_y": -12.655798, "talhao": "PL PIVO 10B" }, "geometry": { "type": "MultiPolygon", "coordinates": [ [ [ [ -45.69282052, -12.655618804 ], [ -45.692461196, -12.655618804 ], [ -45.692461196, -12.655978128 ], [ -45.69282052, -12.655978128 ], [ -45.69282052, -12.655618804 ] ] ] ] } },
{ "type": "Feature", "properties": { "id": 10603, "left": -45.69282052, "top": -12.655978128000001, "right": -45.692461195999996, "bottom": -12.656337452000001, "centroid_x": -45.692641, "centroid_y": -12.656158, "talhao": "PL PIVO 10B" }, "geometry": { "type": "MultiPolygon", "coordinates": [ [ [ [ -45.69282052, -12.655978128 ], [ -45.692461196, -12.655978128 ], [ -45.692461196, -12.656337452 ], [ -45.69282052, -12.656337452 ], [ -45.69282052, -12.655978128 ] ] ] ] } },
{ "type": "Feature", "properties": { "id": 10604, "left": -45.69282052, "top": -12.656337452000001, "right": -45.692461195999996, "bottom": -12.656696776, "centroid_x": -45.692641, "centroid_y": -12.656517, "talhao": "PL PIVO 10B" }, "geometry": { "type": "MultiPolygon", "coordinates": [ [ [ [ -45.69282052, -12.656337452 ], [ -45.692461196, -12.656337452 ], [ -45.692461196, -12.656696776 ], [ -45.69282052, -12.656696776 ], [ -45.69282052, -12.656337452 ] ] ] ] } },
{ "type": "Feature", "properties": { "id": 10605, "left": -45.69282052, "top": -12.656696776, "right": -45.692461195999996, "bottom": -12.6570561, "centroid_x": -45.692641, "centroid_y": -12.656876, "talhao": "PL PIVO 10B" }, "geometry": { "type": "MultiPolygon", "coordinates": [ [ [ [ -45.69282052, -12.656696776 ], [ -45.692461196, -12.656696776 ], [ -45.692461196, -12.6570561 ], [ -45.69282052, -12.6570561 ], [ -45.69282052, -12.656696776 ] ] ] ] } },
{ "type": "Feature", "properties": { "id": 10606, "left": -45.69282052, "top": -12.6570561, "right": -45.692461195999996, "bottom": -12.657415424, "centroid_x": -45.692641, "centroid_y": -12.657236, "talhao": "PL PIVO 10B" }, "geometry": { "type": "MultiPolygon", "coordinates": [ [ [ [ -45.69282052, -12.6570561 ], [ -45.692461196, -12.6570561 ], [ -45.692461196, -12.657415424 ], [ -45.69282052, -12.657415424 ], [ -45.69282052, -12.6570561 ] ] ] ] } },
{ "type": "Feature", "properties": { "id": 10607, "left": -45.69282052, "top": -12.657415424, "right": -45.692461195999996, "bottom": -12.657774748, "centroid_x": -45.692641, "centroid_y": -12.657595, "talhao": "PL PIVO 10B" }, "geometry": { "type": "MultiPolygon", "coordinates": [ [ [ [ -45.69282052, -12.657415424 ], [ -45.692461196, -12.657415424 ], [ -45.692461196, -12.657774748 ], [ -45.69282052, -12.657774748 ], [ -45.69282052, -12.657415424 ] ] ] ] } },
{ "type": "Feature", "properties": { "id": 10608, "left": -45.69282052, "top": -12.657774748, "right": -45.692461195999996, "bottom": -12.658134072, "centroid_x": -45.692664, "centroid_y": -12.657873, "talhao": "PL PIVO 10B" }, "geometry": { "type": "MultiPolygon", "coordinates": [ [ [ [ -45.692568, -12.657934 ], [ -45.69282052, -12.658035324639497 ], [ -45.69282052, -12.657774748 ], [ -45.692461196, -12.657774748 ], [ -45.692461196, -12.657886122344825 ], [ -45.692568, -12.657934 ] ] ] ] } },
{ "type": "Feature", "properties": { "id": 10614, "left": -45.692461195999996, "top": -12.649510296000001, "right": -45.692101871999995, "bottom": -12.64986962, "centroid_x": -45.692217, "centroid_y": -12.649772, "talhao": "PL PIVO 10B" }, "geometry": { "type": "MultiPolygon", "coordinates": [ [ [ [ -45.692101872, -12.649575388048387 ], [ -45.692101872, -12.64986962 ], [ -45.692447705398642, -12.64986962 ], [ -45.692101872, -12.649575388048387 ] ] ] ] } },
{ "type": "Feature", "properties": { "id": 10615, "left": -45.692461195999996, "top": -12.64986962, "right": -45.692101871999995, "bottom": -12.650228944, "centroid_x": -45.692281, "centroid_y": -12.650049, "talhao": "PL PIVO 10B" }, "geometry": { "type": "MultiPolygon", "coordinates": [ [ [ [ -45.692447705398642, -12.64986962 ], [ -45.692101872, -12.64986962 ], [ -45.692101872, -12.650228944 ], [ -45.692461196, -12.650228944 ], [ -45.692461196, -12.649881097682552 ], [ -45.692447705398642, -12.64986962 ] ] ] ] } },
{ "type": "Feature", "properties": { "id": 10616, "left": -45.692461195999996, "top": -12.650228944, "right": -45.692101871999995, "bottom": -12.650588268, "centroid_x": -45.692282, "centroid_y": -12.650409, "talhao": "PL PIVO 10B" }, "geometry": { "type": "MultiPolygon", "coordinates": [ [ [ [ -45.692461196, -12.650228944 ], [ -45.692101872, -12.650228944 ], [ -45.692101872, -12.650588268 ], [ -45.692461196, -12.650588268 ], [ -45.692461196, -12.650228944 ] ] ] ] } },
{ "type": "Feature", "properties": { "id": 10617, "left": -45.692461195999996, "top": -12.650588268, "right": -45.692101871999995, "bottom": -12.650947592, "centroid_x": -45.692282, "centroid_y": -12.650768, "talhao": "PL PIVO 10B" }, "geometry": { "type": "MultiPolygon", "coordinates": [ [ [ [ -45.692461196, -12.650588268 ], [ -45.692101872, -12.650588268 ], [ -45.692101872, -12.650947592 ], [ -45.692461196, -12.650947592 ], [ -45.692461196, -12.650588268 ] ] ] ] } },
{ "type": "Feature", "properties": { "id": 10618, "left": -45.692461195999996, "top": -12.650947592, "right": -45.692101871999995, "bottom": -12.651306916, "centroid_x": -45.692282, "centroid_y": -12.651127, "talhao": "PL PIVO 10B" }, "geometry": { "type": "MultiPolygon", "coordinates": [ [ [ [ -45.692461196, -12.650947592 ], [ -45.692101872, -12.650947592 ], [ -45.692101872, -12.651306916 ], [ -45.692461196, -12.651306916 ], [ -45.692461196, -12.650947592 ] ] ] ] } },
{ "type": "Feature", "properties": { "id": 10619, "left": -45.692461195999996, "top": -12.651306916, "right": -45.692101871999995, "bottom": -12.65166624, "centroid_x": -45.692282, "centroid_y": -12.651487, "talhao": "PL PIVO 10B" }, "geometry": { "type": "MultiPolygon", "coordinates": [ [ [ [ -45.692461196, -12.651306916 ], [ -45.692101872, -12.651306916 ], [ -45.692101872, -12.65166624 ], [ -45.692461196, -12.65166624 ], [ -45.692461196, -12.651306916 ] ] ] ] } },
{ "type": "Feature", "properties": { "id": 10620, "left": -45.692461195999996, "top": -12.65166624, "right": -45.692101871999995, "bottom": -12.652025564000001, "centroid_x": -45.692282, "centroid_y": -12.651846, "talhao": "PL PIVO 10B" }, "geometry": { "type": "MultiPolygon", "coordinates": [ [ [ [ -45.692461196, -12.65166624 ], [ -45.692101872, -12.65166624 ], [ -45.692101872, -12.652025564 ], [ -45.692461196, -12.652025564 ], [ -45.692461196, -12.65166624 ] ] ] ] } },
{ "type": "Feature", "properties": { "id": 10621, "left": -45.692461195999996, "top": -12.652025564000001, "right": -45.692101871999995, "bottom": -12.652384888, "centroid_x": -45.692282, "centroid_y": -12.652205, "talhao": "PL PIVO 10B" }, "geometry": { "type": "MultiPolygon", "coordinates": [ [ [ [ -45.692461196, -12.652025564 ], [ -45.692101872, -12.652025564 ], [ -45.692101872, -12.652384888 ], [ -45.692461196, -12.652384888 ], [ -45.692461196, -12.652025564 ] ] ] ] } },
{ "type": "Feature", "properties": { "id": 10622, "left": -45.692461195999996, "top": -12.652384888, "right": -45.692101871999995, "bottom": -12.652744212, "centroid_x": -45.692282, "centroid_y": -12.652565, "talhao": "PL PIVO 10B" }, "geometry": { "type": "MultiPolygon", "coordinates": [ [ [ [ -45.692461196, -12.652384888 ], [ -45.692101872, -12.652384888 ], [ -45.692101872, -12.652744212 ], [ -45.692461196, -12.652744212 ], [ -45.692461196, -12.652384888 ] ] ] ] } },
{ "type": "Feature", "properties": { "id": 10623, "left": -45.692461195999996, "top": -12.652744212, "right": -45.692101871999995, "bottom": -12.653103536, "centroid_x": -45.692282, "centroid_y": -12.652924, "talhao": "PL PIVO 10B" }, "geometry": { "type": "MultiPolygon", "coordinates": [ [ [ [ -45.692461196, -12.652744212 ], [ -45.692101872, -12.652744212 ], [ -45.692101872, -12.653103536 ], [ -45.692461196, -12.653103536 ], [ -45.692461196, -12.652744212 ] ] ] ] } },
{ "type": "Feature", "properties": { "id": 10624, "left": -45.692461195999996, "top": -12.653103536, "right": -45.692101871999995, "bottom": -12.65346286, "centroid_x": -45.692282, "centroid_y": -12.653283, "talhao": "PL PIVO 10B" }, "geometry": { "type": "MultiPolygon", "coordinates": [ [ [ [ -45.692461196, -12.653103536 ], [ -45.692101872, -12.653103536 ], [ -45.692101872, -12.65346286 ], [ -45.692461196, -12.65346286 ], [ -45.692461196, -12.653103536 ] ] ] ] } },
{ "type": "Feature", "properties": { "id": 10625, "left": -45.692461195999996, "top": -12.65346286, "right": -45.692101871999995, "bottom": -12.653822184, "centroid_x": -45.692282, "centroid_y": -12.653643, "talhao": "PL PIVO 10B" }, "geometry": { "type": "MultiPolygon", "coordinates": [ [ [ [ -45.692461196, -12.65346286 ], [ -45.692101872, -12.65346286 ], [ -45.692101872, -12.653822184 ], [ -45.692461196, -12.653822184 ], [ -45.692461196, -12.65346286 ] ] ] ] } },
{ "type": "Feature", "properties": { "id": 10626, "left": -45.692461195999996, "top": -12.653822184000001, "right": -45.692101871999995, "bottom": -12.654181508000001, "centroid_x": -45.692282, "centroid_y": -12.654002, "talhao": "PL PIVO 10B" }, "geometry": { "type": "MultiPolygon", "coordinates": [ [ [ [ -45.692461196, -12.653822184 ], [ -45.692101872, -12.653822184 ], [ -45.692101872, -12.654181508 ], [ -45.692461196, -12.654181508 ], [ -45.692461196, -12.653822184 ] ] ] ] } },
{ "type": "Feature", "properties": { "id": 10627, "left": -45.692461195999996, "top": -12.654181508000001, "right": -45.692101871999995, "bottom": -12.654540832, "centroid_x": -45.692282, "centroid_y": -12.654361, "talhao": "PL PIVO 10B" }, "geometry": { "type": "MultiPolygon", "coordinates": [ [ [ [ -45.692461196, -12.654181508 ], [ -45.692101872, -12.654181508 ], [ -45.692101872, -12.654540832 ], [ -45.692461196, -12.654540832 ], [ -45.692461196, -12.654181508 ] ] ] ] } },
{ "type": "Feature", "properties": { "id": 10628, "left": -45.692461195999996, "top": -12.654540832, "right": -45.692101871999995, "bottom": -12.654900156, "centroid_x": -45.692282, "centroid_y": -12.65472, "talhao": "PL PIVO 10B" }, "geometry": { "type": "MultiPolygon", "coordinates": [ [ [ [ -45.692461196, -12.654540832 ], [ -45.692101872, -12.654540832 ], [ -45.692101872, -12.654900156 ], [ -45.692461196, -12.654900156 ], [ -45.692461196, -12.654540832 ] ] ] ] } },
{ "type": "Feature", "properties": { "id": 10629, "left": -45.692461195999996, "top": -12.654900156, "right": -45.692101871999995, "bottom": -12.65525948, "centroid_x": -45.692282, "centroid_y": -12.65508, "talhao": "PL PIVO 10B" }, "geometry": { "type": "MultiPolygon", "coordinates": [ [ [ [ -45.692461196, -12.654900156 ], [ -45.692101872, -12.654900156 ], [ -45.692101872, -12.65525948 ], [ -45.692461196, -12.65525948 ], [ -45.692461196, -12.654900156 ] ] ] ] } },
{ "type": "Feature", "properties": { "id": 10630, "left": -45.692461195999996, "top": -12.65525948, "right": -45.692101871999995, "bottom": -12.655618804, "centroid_x": -45.692282, "centroid_y": -12.655439, "talhao": "PL PIVO 10B" }, "geometry": { "type": "MultiPolygon", "coordinates": [ [ [ [ -45.692461196, -12.65525948 ], [ -45.692101872, -12.65525948 ], [ -45.692101872, -12.655618804 ], [ -45.692461196, -12.655618804 ], [ -45.692461196, -12.65525948 ] ] ] ] } },
{ "type": "Feature", "properties": { "id": 10631, "left": -45.692461195999996, "top": -12.655618804, "right": -45.692101871999995, "bottom": -12.655978128, "centroid_x": -45.692282, "centroid_y": -12.655798, "talhao": "PL PIVO 10B" }, "geometry": { "type": "MultiPolygon", "coordinates": [ [ [ [ -45.692461196, -12.655618804 ], [ -45.692101872, -12.655618804 ], [ -45.692101872, -12.655978128 ], [ -45.692461196, -12.655978128 ], [ -45.692461196, -12.655618804 ] ] ] ] } },
{ "type": "Feature", "properties": { "id": 10632, "left": -45.692461195999996, "top": -12.655978128000001, "right": -45.692101871999995, "bottom": -12.656337452000001, "centroid_x": -45.692282, "centroid_y": -12.656158, "talhao": "PL PIVO 10B" }, "geometry": { "type": "MultiPolygon", "coordinates": [ [ [ [ -45.692461196, -12.655978128 ], [ -45.692101872, -12.655978128 ], [ -45.692101872, -12.656337452 ], [ -45.692461196, -12.656337452 ], [ -45.692461196, -12.655978128 ] ] ] ] } },
{ "type": "Feature", "properties": { "id": 10633, "left": -45.692461195999996, "top": -12.656337452000001, "right": -45.692101871999995, "bottom": -12.656696776, "centroid_x": -45.692282, "centroid_y": -12.656517, "talhao": "PL PIVO 10B" }, "geometry": { "type": "MultiPolygon", "coordinates": [ [ [ [ -45.692461196, -12.656337452 ], [ -45.692101872, -12.656337452 ], [ -45.692101872, -12.656696776 ], [ -45.692461196, -12.656696776 ], [ -45.692461196, -12.656337452 ] ] ] ] } },
{ "type": "Feature", "properties": { "id": 10634, "left": -45.692461195999996, "top": -12.656696776, "right": -45.692101871999995, "bottom": -12.6570561, "centroid_x": -45.692282, "centroid_y": -12.656876, "talhao": "PL PIVO 10B" }, "geometry": { "type": "MultiPolygon", "coordinates": [ [ [ [ -45.692461196, -12.656696776 ], [ -45.692101872, -12.656696776 ], [ -45.692101872, -12.6570561 ], [ -45.692461196, -12.6570561 ], [ -45.692461196, -12.656696776 ] ] ] ] } },
{ "type": "Feature", "properties": { "id": 10635, "left": -45.692461195999996, "top": -12.6570561, "right": -45.692101871999995, "bottom": -12.657415424, "centroid_x": -45.692282, "centroid_y": -12.657236, "talhao": "PL PIVO 10B" }, "geometry": { "type": "MultiPolygon", "coordinates": [ [ [ [ -45.692461196, -12.6570561 ], [ -45.692101872, -12.6570561 ], [ -45.692101872, -12.657415424 ], [ -45.692461196, -12.657415424 ], [ -45.692461196, -12.6570561 ] ] ] ] } },
{ "type": "Feature", "properties": { "id": 10636, "left": -45.692461195999996, "top": -12.657415424, "right": -45.692101871999995, "bottom": -12.657774748, "centroid_x": -45.692286, "centroid_y": -12.65759, "talhao": "PL PIVO 10B" }, "geometry": { "type": "MultiPolygon", "coordinates": [ [ [ [ -45.692224, -12.657774 ], [ -45.692225550731713, -12.657774748 ], [ -45.692461196, -12.657774748 ], [ -45.692461196, -12.657415424 ], [ -45.692101872, -12.657415424 ], [ -45.692101872, -12.657708157078257 ], [ -45.692224, -12.657774 ] ] ] ] } },
{ "type": "Feature", "properties": { "id": 10637, "left": -45.692461195999996, "top": -12.657774748, "right": -45.692101871999995, "bottom": -12.658134072, "centroid_x": -45.692382, "centroid_y": -12.657812, "talhao": "PL PIVO 10B" }, "geometry": { "type": "MultiPolygon", "coordinates": [ [ [ [ -45.692394, -12.657856 ], [ -45.692461196, -12.657886122344825 ], [ -45.692461196, -12.657774748 ], [ -45.692225550731713, -12.657774748 ], [ -45.692394, -12.657856 ] ] ] ] } },
{ "type": "Feature", "properties": { "id": 10642, "left": -45.692101872000002, "top": -12.649150972, "right": -45.691742548000001, "bottom": -12.649510296000001, "centroid_x": -45.691837, "centroid_y": -12.64943, "talhao": "PL PIVO 10B" }, "geometry": { "type": "MultiPolygon", "coordinates": [ [ [ [ -45.691742548, -12.649269678414226 ], [ -45.691742548, -12.649510296 ], [ -45.692025364318908, -12.649510296 ], [ -45.691742548, -12.649269678414226 ] ] ] ] } },
{ "type": "Feature", "properties": { "id": 10643, "left": -45.692101872000002, "top": -12.649510296000001, "right": -45.691742548000001, "bottom": -12.64986962, "centroid_x": -45.691919, "centroid_y": -12.649693, "talhao": "PL PIVO 10B" }, "geometry": { "type": "MultiPolygon", "coordinates": [ [ [ [ -45.692025364318916, -12.649510296 ], [ -45.691742548, -12.649510296 ], [ -45.691742548, -12.64986962 ], [ -45.692101872, -12.64986962 ], [ -45.692101872, -12.649575388048392 ], [ -45.692025364318916, -12.649510296 ] ] ] ] } },
{ "type": "Feature", "properties": { "id": 10644, "left": -45.692101872000002, "top": -12.64986962, "right": -45.691742548000001, "bottom": -12.650228944, "centroid_x": -45.691922, "centroid_y": -12.650049, "talhao": "PL PIVO 10B" }, "geometry": { "type": "MultiPolygon", "coordinates": [ [ [ [ -45.692101872, -12.64986962 ], [ -45.691742548, -12.64986962 ], [ -45.691742548, -12.650228944 ], [ -45.692101872, -12.650228944 ], [ -45.692101872, -12.64986962 ] ] ] ] } },
{ "type": "Feature", "properties": { "id": 10645, "left": -45.692101872000002, "top": -12.650228944, "right": -45.691742548000001, "bottom": -12.650588268, "centroid_x": -45.691922, "centroid_y": -12.650409, "talhao": "PL PIVO 10B" }, "geometry": { "type": "MultiPolygon", "coordinates": [ [ [ [ -45.692101872, -12.650228944 ], [ -45.691742548, -12.650228944 ], [ -45.691742548, -12.650588268 ], [ -45.692101872, -12.650588268 ], [ -45.692101872, -12.650228944 ] ] ] ] } },
{ "type": "Feature", "properties": { "id": 10646, "left": -45.692101872000002, "top": -12.650588268, "right": -45.691742548000001, "bottom": -12.650947592, "centroid_x": -45.691922, "centroid_y": -12.650768, "talhao": "PL PIVO 10B" }, "geometry": { "type": "MultiPolygon", "coordinates": [ [ [ [ -45.692101872, -12.650588268 ], [ -45.691742548, -12.650588268 ], [ -45.691742548, -12.650947592 ], [ -45.692101872, -12.650947592 ], [ -45.692101872, -12.650588268 ] ] ] ] } },
{ "type": "Feature", "properties": { "id": 10647, "left": -45.692101872000002, "top": -12.650947592, "right": -45.691742548000001, "bottom": -12.651306916, "centroid_x": -45.691922, "centroid_y": -12.651127, "talhao": "PL PIVO 10B" }, "geometry": { "type": "MultiPolygon", "coordinates": [ [ [ [ -45.692101872, -12.650947592 ], [ -45.691742548, -12.650947592 ], [ -45.691742548, -12.651306916 ], [ -45.692101872, -12.651306916 ], [ -45.692101872, -12.650947592 ] ] ] ] } },
{ "type": "Feature", "properties": { "id": 10648, "left": -45.692101872000002, "top": -12.651306916, "right": -45.691742548000001, "bottom": -12.65166624, "centroid_x": -45.691922, "centroid_y": -12.651487, "talhao": "PL PIVO 10B" }, "geometry": { "type": "MultiPolygon", "coordinates": [ [ [ [ -45.692101872, -12.651306916 ], [ -45.691742548, -12.651306916 ], [ -45.691742548, -12.65166624 ], [ -45.692101872, -12.65166624 ], [ -45.692101872, -12.651306916 ] ] ] ] } },
{ "type": "Feature", "properties": { "id": 10649, "left": -45.692101872000002, "top": -12.65166624, "right": -45.691742548000001, "bottom": -12.652025564000001, "centroid_x": -45.691922, "centroid_y": -12.651846, "talhao": "PL PIVO 10B" }, "geometry": { "type": "MultiPolygon", "coordinates": [ [ [ [ -45.692101872, -12.65166624 ], [ -45.691742548, -12.65166624 ], [ -45.691742548, -12.652025564 ], [ -45.692101872, -12.652025564 ], [ -45.692101872, -12.65166624 ] ] ] ] } },
{ "type": "Feature", "properties": { "id": 10650, "left": -45.692101872000002, "top": -12.652025564000001, "right": -45.691742548000001, "bottom": -12.652384888, "centroid_x": -45.691922, "centroid_y": -12.652205, "talhao": "PL PIVO 10B" }, "geometry": { "type": "MultiPolygon", "coordinates": [ [ [ [ -45.692101872, -12.652025564 ], [ -45.691742548, -12.652025564 ], [ -45.691742548, -12.652384888 ], [ -45.692101872, -12.652384888 ], [ -45.692101872, -12.652025564 ] ] ] ] } },
{ "type": "Feature", "properties": { "id": 10651, "left": -45.692101872000002, "top": -12.652384888, "right": -45.691742548000001, "bottom": -12.652744212, "centroid_x": -45.691922, "centroid_y": -12.652565, "talhao": "PL PIVO 10B" }, "geometry": { "type": "MultiPolygon", "coordinates": [ [ [ [ -45.692101872, -12.652384888 ], [ -45.691742548, -12.652384888 ], [ -45.691742548, -12.652744212 ], [ -45.692101872, -12.652744212 ], [ -45.692101872, -12.652384888 ] ] ] ] } },
{ "type": "Feature", "properties": { "id": 10652, "left": -45.692101872000002, "top": -12.652744212, "right": -45.691742548000001, "bottom": -12.653103536, "centroid_x": -45.691922, "centroid_y": -12.652924, "talhao": "PL PIVO 10B" }, "geometry": { "type": "MultiPolygon", "coordinates": [ [ [ [ -45.692101872, -12.652744212 ], [ -45.691742548, -12.652744212 ], [ -45.691742548, -12.653103536 ], [ -45.692101872, -12.653103536 ], [ -45.692101872, -12.652744212 ] ] ] ] } },
{ "type": "Feature", "properties": { "id": 10653, "left": -45.692101872000002, "top": -12.653103536, "right": -45.691742548000001, "bottom": -12.65346286, "centroid_x": -45.691922, "centroid_y": -12.653283, "talhao": "PL PIVO 10B" }, "geometry": { "type": "MultiPolygon", "coordinates": [ [ [ [ -45.692101872, -12.653103536 ], [ -45.691742548, -12.653103536 ], [ -45.691742548, -12.65346286 ], [ -45.692101872, -12.65346286 ], [ -45.692101872, -12.653103536 ] ] ] ] } },
{ "type": "Feature", "properties": { "id": 10654, "left": -45.692101872000002, "top": -12.65346286, "right": -45.691742548000001, "bottom": -12.653822184, "centroid_x": -45.691922, "centroid_y": -12.653643, "talhao": "PL PIVO 10B" }, "geometry": { "type": "MultiPolygon", "coordinates": [ [ [ [ -45.692101872, -12.65346286 ], [ -45.691742548, -12.65346286 ], [ -45.691742548, -12.653822184 ], [ -45.692101872, -12.653822184 ], [ -45.692101872, -12.65346286 ] ] ] ] } },
{ "type": "Feature", "properties": { "id": 10655, "left": -45.692101872000002, "top": -12.653822184000001, "right": -45.691742548000001, "bottom": -12.654181508000001, "centroid_x": -45.691922, "centroid_y": -12.654002, "talhao": "PL PIVO 10B" }, "geometry": { "type": "MultiPolygon", "coordinates": [ [ [ [ -45.692101872, -12.653822184 ], [ -45.691742548, -12.653822184 ], [ -45.691742548, -12.654181508 ], [ -45.692101872, -12.654181508 ], [ -45.692101872, -12.653822184 ] ] ] ] } },
{ "type": "Feature", "properties": { "id": 10656, "left": -45.692101872000002, "top": -12.654181508000001, "right": -45.691742548000001, "bottom": -12.654540832, "centroid_x": -45.691922, "centroid_y": -12.654361, "talhao": "PL PIVO 10B" }, "geometry": { "type": "MultiPolygon", "coordinates": [ [ [ [ -45.692101872, -12.654181508 ], [ -45.691742548, -12.654181508 ], [ -45.691742548, -12.654540832 ], [ -45.692101872, -12.654540832 ], [ -45.692101872, -12.654181508 ] ] ] ] } },
{ "type": "Feature", "properties": { "id": 10657, "left": -45.692101872000002, "top": -12.654540832, "right": -45.691742548000001, "bottom": -12.654900156, "centroid_x": -45.691922, "centroid_y": -12.65472, "talhao": "PL PIVO 10B" }, "geometry": { "type": "MultiPolygon", "coordinates": [ [ [ [ -45.692101872, -12.654540832 ], [ -45.691742548, -12.654540832 ], [ -45.691742548, -12.654900156 ], [ -45.692101872, -12.654900156 ], [ -45.692101872, -12.654540832 ] ] ] ] } },
{ "type": "Feature", "properties": { "id": 10658, "left": -45.692101872000002, "top": -12.654900156, "right": -45.691742548000001, "bottom": -12.65525948, "centroid_x": -45.691922, "centroid_y": -12.65508, "talhao": "PL PIVO 10B" }, "geometry": { "type": "MultiPolygon", "coordinates": [ [ [ [ -45.692101872, -12.654900156 ], [ -45.691742548, -12.654900156 ], [ -45.691742548, -12.65525948 ], [ -45.692101872, -12.65525948 ], [ -45.692101872, -12.654900156 ] ] ] ] } },
{ "type": "Feature", "properties": { "id": 10659, "left": -45.692101872000002, "top": -12.65525948, "right": -45.691742548000001, "bottom": -12.655618804, "centroid_x": -45.691922, "centroid_y": -12.655439, "talhao": "PL PIVO 10B" }, "geometry": { "type": "MultiPolygon", "coordinates": [ [ [ [ -45.692101872, -12.65525948 ], [ -45.691742548, -12.65525948 ], [ -45.691742548, -12.655618804 ], [ -45.692101872, -12.655618804 ], [ -45.692101872, -12.65525948 ] ] ] ] } },
{ "type": "Feature", "properties": { "id": 10660, "left": -45.692101872000002, "top": -12.655618804, "right": -45.691742548000001, "bottom": -12.655978128, "centroid_x": -45.691922, "centroid_y": -12.655798, "talhao": "PL PIVO 10B" }, "geometry": { "type": "MultiPolygon", "coordinates": [ [ [ [ -45.692101872, -12.655618804 ], [ -45.691742548, -12.655618804 ], [ -45.691742548, -12.655978128 ], [ -45.692101872, -12.655978128 ], [ -45.692101872, -12.655618804 ] ] ] ] } },
{ "type": "Feature", "properties": { "id": 10661, "left": -45.692101872000002, "top": -12.655978128000001, "right": -45.691742548000001, "bottom": -12.656337452000001, "centroid_x": -45.691922, "centroid_y": -12.656158, "talhao": "PL PIVO 10B" }, "geometry": { "type": "MultiPolygon", "coordinates": [ [ [ [ -45.692101872, -12.655978128 ], [ -45.691742548, -12.655978128 ], [ -45.691742548, -12.656337452 ], [ -45.692101872, -12.656337452 ], [ -45.692101872, -12.655978128 ] ] ] ] } },
{ "type": "Feature", "properties": { "id": 10662, "left": -45.692101872000002, "top": -12.656337452000001, "right": -45.691742548000001, "bottom": -12.656696776, "centroid_x": -45.691922, "centroid_y": -12.656517, "talhao": "PL PIVO 10B" }, "geometry": { "type": "MultiPolygon", "coordinates": [ [ [ [ -45.692101872, -12.656337452 ], [ -45.691742548, -12.656337452 ], [ -45.691742548, -12.656696776 ], [ -45.692101872, -12.656696776 ], [ -45.692101872, -12.656337452 ] ] ] ] } },
{ "type": "Feature", "properties": { "id": 10663, "left": -45.692101872000002, "top": -12.656696776, "right": -45.691742548000001, "bottom": -12.6570561, "centroid_x": -45.691922, "centroid_y": -12.656876, "talhao": "PL PIVO 10B" }, "geometry": { "type": "MultiPolygon", "coordinates": [ [ [ [ -45.692101872, -12.656696776 ], [ -45.691742548, -12.656696776 ], [ -45.691742548, -12.6570561 ], [ -45.692101872, -12.6570561 ], [ -45.692101872, -12.656696776 ] ] ] ] } },
{ "type": "Feature", "properties": { "id": 10664, "left": -45.692101872000002, "top": -12.6570561, "right": -45.691742548000001, "bottom": -12.657415424, "centroid_x": -45.691922, "centroid_y": -12.657236, "talhao": "PL PIVO 10B" }, "geometry": { "type": "MultiPolygon", "coordinates": [ [ [ [ -45.692101872, -12.6570561 ], [ -45.691742548, -12.6570561 ], [ -45.691742548, -12.657415424 ], [ -45.692101872, -12.657415424 ], [ -45.692101872, -12.6570561 ] ] ] ] } },
{ "type": "Feature", "properties": { "id": 10665, "left": -45.692101872000002, "top": -12.657415424, "right": -45.691742548000001, "bottom": -12.657774748, "centroid_x": -45.691956, "centroid_y": -12.65752, "talhao": "PL PIVO 10B" }, "geometry": { "type": "MultiPolygon", "coordinates": [ [ [ [ -45.691994, -12.65765 ], [ -45.692101872, -12.657708157078261 ], [ -45.692101872, -12.657415424 ], [ -45.691742548, -12.657415424 ], [ -45.691742548, -12.657498494220821 ], [ -45.691994, -12.65765 ] ] ] ] } },
{ "type": "Feature", "properties": { "id": 10670, "left": -45.691742548000001, "top": -12.648791648, "right": -45.691383224, "bottom": -12.649150972, "centroid_x": -45.691456, "centroid_y": -12.649089, "talhao": "PL PIVO 10B" }, "geometry": { "type": "MultiPolygon", "coordinates": [ [ [ [ -45.691383224, -12.648963968780063 ], [ -45.691383224, -12.649150972 ], [ -45.691603023239182, -12.649150972 ], [ -45.691383224, -12.648963968780063 ] ] ] ] } },
{ "type": "Feature", "properties": { "id": 10671, "left": -45.691742548000001, "top": -12.649150972, "right": -45.691383224, "bottom": -12.649510296000001, "centroid_x": -45.691554, "centroid_y": -12.64934, "talhao": "PL PIVO 10B" }, "geometry": { "type": "MultiPolygon", "coordinates": [ [ [ [ -45.691603023239182, -12.649150972 ], [ -45.691383224, -12.649150972 ], [ -45.691383224, -12.649510296 ], [ -45.691742548, -12.649510296 ], [ -45.691742548, -12.649269678414226 ], [ -45.691603023239182, -12.649150972 ] ] ] ] } },
{ "type": "Feature", "properties": { "id": 10672, "left": -45.691742548000001, "top": -12.649510296000001, "right": -45.691383224, "bottom": -12.64986962, "centroid_x": -45.691563, "centroid_y": -12.64969, "talhao": "PL PIVO 10B" }, "geometry": { "type": "MultiPolygon", "coordinates": [ [ [ [ -45.691742548, -12.649510296 ], [ -45.691383224, -12.649510296 ], [ -45.691383224, -12.64986962 ], [ -45.691742548, -12.64986962 ], [ -45.691742548, -12.649510296 ] ] ] ] } },
{ "type": "Feature", "properties": { "id": 10673, "left": -45.691742548000001, "top": -12.64986962, "right": -45.691383224, "bottom": -12.650228944, "centroid_x": -45.691563, "centroid_y": -12.650049, "talhao": "PL PIVO 10B" }, "geometry": { "type": "MultiPolygon", "coordinates": [ [ [ [ -45.691742548, -12.64986962 ], [ -45.691383224, -12.64986962 ], [ -45.691383224, -12.650228944 ], [ -45.691742548, -12.650228944 ], [ -45.691742548, -12.64986962 ] ] ] ] } },
{ "type": "Feature", "properties": { "id": 10674, "left": -45.691742548000001, "top": -12.650228944, "right": -45.691383224, "bottom": -12.650588268, "centroid_x": -45.691563, "centroid_y": -12.650409, "talhao": "PL PIVO 10B" }, "geometry": { "type": "MultiPolygon", "coordinates": [ [ [ [ -45.691742548, -12.650228944 ], [ -45.691383224, -12.650228944 ], [ -45.691383224, -12.650588268 ], [ -45.691742548, -12.650588268 ], [ -45.691742548, -12.650228944 ] ] ] ] } },
{ "type": "Feature", "properties": { "id": 10675, "left": -45.691742548000001, "top": -12.650588268, "right": -45.691383224, "bottom": -12.650947592, "centroid_x": -45.691563, "centroid_y": -12.650768, "talhao": "PL PIVO 10B" }, "geometry": { "type": "MultiPolygon", "coordinates": [ [ [ [ -45.691742548, -12.650588268 ], [ -45.691383224, -12.650588268 ], [ -45.691383224, -12.650947592 ], [ -45.691742548, -12.650947592 ], [ -45.691742548, -12.650588268 ] ] ] ] } },
{ "type": "Feature", "properties": { "id": 10676, "left": -45.691742548000001, "top": -12.650947592, "right": -45.691383224, "bottom": -12.651306916, "centroid_x": -45.691563, "centroid_y": -12.651127, "talhao": "PL PIVO 10B" }, "geometry": { "type": "MultiPolygon", "coordinates": [ [ [ [ -45.691742548, -12.650947592 ], [ -45.691383224, -12.650947592 ], [ -45.691383224, -12.651306916 ], [ -45.691742548, -12.651306916 ], [ -45.691742548, -12.650947592 ] ] ] ] } },
{ "type": "Feature", "properties": { "id": 10677, "left": -45.691742548000001, "top": -12.651306916, "right": -45.691383224, "bottom": -12.65166624, "centroid_x": -45.691563, "centroid_y": -12.651487, "talhao": "PL PIVO 10B" }, "geometry": { "type": "MultiPolygon", "coordinates": [ [ [ [ -45.691742548, -12.651306916 ], [ -45.691383224, -12.651306916 ], [ -45.691383224, -12.65166624 ], [ -45.691742548, -12.65166624 ], [ -45.691742548, -12.651306916 ] ] ] ] } },
{ "type": "Feature", "properties": { "id": 10678, "left": -45.691742548000001, "top": -12.65166624, "right": -45.691383224, "bottom": -12.652025564000001, "centroid_x": -45.691563, "centroid_y": -12.651846, "talhao": "PL PIVO 10B" }, "geometry": { "type": "MultiPolygon", "coordinates": [ [ [ [ -45.691742548, -12.65166624 ], [ -45.691383224, -12.65166624 ], [ -45.691383224, -12.652025564 ], [ -45.691742548, -12.652025564 ], [ -45.691742548, -12.65166624 ] ] ] ] } },
{ "type": "Feature", "properties": { "id": 10679, "left": -45.691742548000001, "top": -12.652025564000001, "right": -45.691383224, "bottom": -12.652384888, "centroid_x": -45.691563, "centroid_y": -12.652205, "talhao": "PL PIVO 10B" }, "geometry": { "type": "MultiPolygon", "coordinates": [ [ [ [ -45.691742548, -12.652025564 ], [ -45.691383224, -12.652025564 ], [ -45.691383224, -12.652384888 ], [ -45.691742548, -12.652384888 ], [ -45.691742548, -12.652025564 ] ] ] ] } },
{ "type": "Feature", "properties": { "id": 10680, "left": -45.691742548000001, "top": -12.652384888, "right": -45.691383224, "bottom": -12.652744212, "centroid_x": -45.691563, "centroid_y": -12.652565, "talhao": "PL PIVO 10B" }, "geometry": { "type": "MultiPolygon", "coordinates": [ [ [ [ -45.691742548, -12.652384888 ], [ -45.691383224, -12.652384888 ], [ -45.691383224, -12.652744212 ], [ -45.691742548, -12.652744212 ], [ -45.691742548, -12.652384888 ] ] ] ] } },
{ "type": "Feature", "properties": { "id": 10681, "left": -45.691742548000001, "top": -12.652744212, "right": -45.691383224, "bottom": -12.653103536, "centroid_x": -45.691563, "centroid_y": -12.652924, "talhao": "PL PIVO 10B" }, "geometry": { "type": "MultiPolygon", "coordinates": [ [ [ [ -45.691742548, -12.652744212 ], [ -45.691383224, -12.652744212 ], [ -45.691383224, -12.653103536 ], [ -45.691742548, -12.653103536 ], [ -45.691742548, -12.652744212 ] ] ] ] } },
{ "type": "Feature", "properties": { "id": 10682, "left": -45.691742548000001, "top": -12.653103536, "right": -45.691383224, "bottom": -12.65346286, "centroid_x": -45.691563, "centroid_y": -12.653283, "talhao": "PL PIVO 10B" }, "geometry": { "type": "MultiPolygon", "coordinates": [ [ [ [ -45.691742548, -12.653103536 ], [ -45.691383224, -12.653103536 ], [ -45.691383224, -12.65346286 ], [ -45.691742548, -12.65346286 ], [ -45.691742548, -12.653103536 ] ] ] ] } },
{ "type": "Feature", "properties": { "id": 10683, "left": -45.691742548000001, "top": -12.65346286, "right": -45.691383224, "bottom": -12.653822184, "centroid_x": -45.691563, "centroid_y": -12.653643, "talhao": "PL PIVO 10B" }, "geometry": { "type": "MultiPolygon", "coordinates": [ [ [ [ -45.691742548, -12.65346286 ], [ -45.691383224, -12.65346286 ], [ -45.691383224, -12.653822184 ], [ -45.691742548, -12.653822184 ], [ -45.691742548, -12.65346286 ] ] ] ] } },
{ "type": "Feature", "properties": { "id": 10684, "left": -45.691742548000001, "top": -12.653822184000001, "right": -45.691383224, "bottom": -12.654181508000001, "centroid_x": -45.691563, "centroid_y": -12.654002, "talhao": "PL PIVO 10B" }, "geometry": { "type": "MultiPolygon", "coordinates": [ [ [ [ -45.691742548, -12.653822184 ], [ -45.691383224, -12.653822184 ], [ -45.691383224, -12.654181508 ], [ -45.691742548, -12.654181508 ], [ -45.691742548, -12.653822184 ] ] ] ] } },
{ "type": "Feature", "properties": { "id": 10685, "left": -45.691742548000001, "top": -12.654181508000001, "right": -45.691383224, "bottom": -12.654540832, "centroid_x": -45.691563, "centroid_y": -12.654361, "talhao": "PL PIVO 10B" }, "geometry": { "type": "MultiPolygon", "coordinates": [ [ [ [ -45.691742548, -12.654181508 ], [ -45.691383224, -12.654181508 ], [ -45.691383224, -12.654540832 ], [ -45.691742548, -12.654540832 ], [ -45.691742548, -12.654181508 ] ] ] ] } },
{ "type": "Feature", "properties": { "id": 10686, "left": -45.691742548000001, "top": -12.654540832, "right": -45.691383224, "bottom": -12.654900156, "centroid_x": -45.691563, "centroid_y": -12.65472, "talhao": "PL PIVO 10B" }, "geometry": { "type": "MultiPolygon", "coordinates": [ [ [ [ -45.691742548, -12.654540832 ], [ -45.691383224, -12.654540832 ], [ -45.691383224, -12.654900156 ], [ -45.691742548, -12.654900156 ], [ -45.691742548, -12.654540832 ] ] ] ] } },
{ "type": "Feature", "properties": { "id": 10687, "left": -45.691742548000001, "top": -12.654900156, "right": -45.691383224, "bottom": -12.65525948, "centroid_x": -45.691563, "centroid_y": -12.65508, "talhao": "PL PIVO 10B" }, "geometry": { "type": "MultiPolygon", "coordinates": [ [ [ [ -45.691742548, -12.654900156 ], [ -45.691383224, -12.654900156 ], [ -45.691383224, -12.65525948 ], [ -45.691742548, -12.65525948 ], [ -45.691742548, -12.654900156 ] ] ] ] } },
{ "type": "Feature", "properties": { "id": 10688, "left": -45.691742548000001, "top": -12.65525948, "right": -45.691383224, "bottom": -12.655618804, "centroid_x": -45.691563, "centroid_y": -12.655439, "talhao": "PL PIVO 10B" }, "geometry": { "type": "MultiPolygon", "coordinates": [ [ [ [ -45.691742548, -12.65525948 ], [ -45.691383224, -12.65525948 ], [ -45.691383224, -12.655618804 ], [ -45.691742548, -12.655618804 ], [ -45.691742548, -12.65525948 ] ] ] ] } },
{ "type": "Feature", "properties": { "id": 10689, "left": -45.691742548000001, "top": -12.655618804, "right": -45.691383224, "bottom": -12.655978128, "centroid_x": -45.691563, "centroid_y": -12.655798, "talhao": "PL PIVO 10B" }, "geometry": { "type": "MultiPolygon", "coordinates": [ [ [ [ -45.691742548, -12.655618804 ], [ -45.691383224, -12.655618804 ], [ -45.691383224, -12.655978128 ], [ -45.691742548, -12.655978128 ], [ -45.691742548, -12.655618804 ] ] ] ] } },
{ "type": "Feature", "properties": { "id": 10690, "left": -45.691742548000001, "top": -12.655978128000001, "right": -45.691383224, "bottom": -12.656337452000001, "centroid_x": -45.691563, "centroid_y": -12.656158, "talhao": "PL PIVO 10B" }, "geometry": { "type": "MultiPolygon", "coordinates": [ [ [ [ -45.691742548, -12.655978128 ], [ -45.691383224, -12.655978128 ], [ -45.691383224, -12.656337452 ], [ -45.691742548, -12.656337452 ], [ -45.691742548, -12.655978128 ] ] ] ] } },
{ "type": "Feature", "properties": { "id": 10691, "left": -45.691742548000001, "top": -12.656337452000001, "right": -45.691383224, "bottom": -12.656696776, "centroid_x": -45.691563, "centroid_y": -12.656517, "talhao": "PL PIVO 10B" }, "geometry": { "type": "MultiPolygon", "coordinates": [ [ [ [ -45.691742548, -12.656337452 ], [ -45.691383224, -12.656337452 ], [ -45.691383224, -12.656696776 ], [ -45.691742548, -12.656696776 ], [ -45.691742548, -12.656337452 ] ] ] ] } },
{ "type": "Feature", "properties": { "id": 10692, "left": -45.691742548000001, "top": -12.656696776, "right": -45.691383224, "bottom": -12.6570561, "centroid_x": -45.691563, "centroid_y": -12.656876, "talhao": "PL PIVO 10B" }, "geometry": { "type": "MultiPolygon", "coordinates": [ [ [ [ -45.691742548, -12.656696776 ], [ -45.691383224, -12.656696776 ], [ -45.691383224, -12.6570561 ], [ -45.691742548, -12.6570561 ], [ -45.691742548, -12.656696776 ] ] ] ] } },
{ "type": "Feature", "properties": { "id": 10693, "left": -45.691742548000001, "top": -12.6570561, "right": -45.691383224, "bottom": -12.657415424, "centroid_x": -45.691579, "centroid_y": -12.657215, "talhao": "PL PIVO 10B" }, "geometry": { "type": "MultiPolygon", "coordinates": [ [ [ [ -45.691424, -12.657288 ], [ -45.691612527906429, -12.657415424 ], [ -45.691742548, -12.657415424 ], [ -45.691742548, -12.6570561 ], [ -45.691383224, -12.6570561 ], [ -45.691383224, -12.657257138712328 ], [ -45.691424, -12.657288 ] ] ] ] } },
{ "type": "Feature", "properties": { "id": 10694, "left": -45.691742548000001, "top": -12.657415424, "right": -45.691383224, "bottom": -12.657774748, "centroid_x": -45.691699, "centroid_y": -12.657444, "talhao": "PL PIVO 10B" }, "geometry": { "type": "MultiPolygon", "coordinates": [ [ [ [ -45.691677, -12.657459 ], [ -45.691742548, -12.657498494220821 ], [ -45.691742548, -12.657415424 ], [ -45.691612527906429, -12.657415424 ], [ -45.691677, -12.657459 ] ] ] ] } },
{ "type": "Feature", "properties": { "id": 10698, "left": -45.691383224, "top": -12.648432324, "right": -45.6910239, "bottom": -12.648791648, "centroid_x": -45.691076, "centroid_y": -12.648747, "talhao": "PL PIVO 10B" }, "geometry": { "type": "MultiPolygon", "coordinates": [ [ [ [ -45.6910239, -12.648658259145897 ], [ -45.6910239, -12.648791648 ], [ -45.691180682159455, -12.648791648 ], [ -45.6910239, -12.648658259145897 ] ] ] ] } },
{ "type": "Feature", "properties": { "id": 10699, "left": -45.691383224, "top": -12.648791648, "right": -45.6910239, "bottom": -12.649150972, "centroid_x": -45.691186, "centroid_y": -12.64899, "talhao": "PL PIVO 10B" }, "geometry": { "type": "MultiPolygon", "coordinates": [ [ [ [ -45.691180682159455, -12.648791648 ], [ -45.6910239, -12.648791648 ], [ -45.6910239, -12.649150972 ], [ -45.691383224, -12.649150972 ], [ -45.691383224, -12.648963968780063 ], [ -45.691180682159455, -12.648791648 ] ] ] ] } },
{ "type": "Feature", "properties": { "id": 10700, "left": -45.691383224, "top": -12.649150972, "right": -45.6910239, "bottom": -12.649510296000001, "centroid_x": -45.691204, "centroid_y": -12.649331, "talhao": "PL PIVO 10B" }, "geometry": { "type": "MultiPolygon", "coordinates": [ [ [ [ -45.691383224, -12.649150972 ], [ -45.6910239, -12.649150972 ], [ -45.6910239, -12.649510296 ], [ -45.691383224, -12.649510296 ], [ -45.691383224, -12.649150972 ] ] ] ] } },
{ "type": "Feature", "properties": { "id": 10701, "left": -45.691383224, "top": -12.649510296000001, "right": -45.6910239, "bottom": -12.64986962, "centroid_x": -45.691204, "centroid_y": -12.64969, "talhao": "PL PIVO 10B" }, "geometry": { "type": "MultiPolygon", "coordinates": [ [ [ [ -45.691383224, -12.649510296 ], [ -45.6910239, -12.649510296 ], [ -45.6910239, -12.64986962 ], [ -45.691383224, -12.64986962 ], [ -45.691383224, -12.649510296 ] ] ] ] } },
{ "type": "Feature", "properties": { "id": 10702, "left": -45.691383224, "top": -12.64986962, "right": -45.6910239, "bottom": -12.650228944, "centroid_x": -45.691204, "centroid_y": -12.650049, "talhao": "PL PIVO 10B" }, "geometry": { "type": "MultiPolygon", "coordinates": [ [ [ [ -45.691383224, -12.64986962 ], [ -45.6910239, -12.64986962 ], [ -45.6910239, -12.650228944 ], [ -45.691383224, -12.650228944 ], [ -45.691383224, -12.64986962 ] ] ] ] } },
{ "type": "Feature", "properties": { "id": 10703, "left": -45.691383224, "top": -12.650228944, "right": -45.6910239, "bottom": -12.650588268, "centroid_x": -45.691204, "centroid_y": -12.650409, "talhao": "PL PIVO 10B" }, "geometry": { "type": "MultiPolygon", "coordinates": [ [ [ [ -45.691383224, -12.650228944 ], [ -45.6910239, -12.650228944 ], [ -45.6910239, -12.650588268 ], [ -45.691383224, -12.650588268 ], [ -45.691383224, -12.650228944 ] ] ] ] } },
{ "type": "Feature", "properties": { "id": 10704, "left": -45.691383224, "top": -12.650588268, "right": -45.6910239, "bottom": -12.650947592, "centroid_x": -45.691204, "centroid_y": -12.650768, "talhao": "PL PIVO 10B" }, "geometry": { "type": "MultiPolygon", "coordinates": [ [ [ [ -45.691383224, -12.650588268 ], [ -45.6910239, -12.650588268 ], [ -45.6910239, -12.650947592 ], [ -45.691383224, -12.650947592 ], [ -45.691383224, -12.650588268 ] ] ] ] } },
{ "type": "Feature", "properties": { "id": 10705, "left": -45.691383224, "top": -12.650947592, "right": -45.6910239, "bottom": -12.651306916, "centroid_x": -45.691204, "centroid_y": -12.651127, "talhao": "PL PIVO 10B" }, "geometry": { "type": "MultiPolygon", "coordinates": [ [ [ [ -45.691383224, -12.650947592 ], [ -45.6910239, -12.650947592 ], [ -45.6910239, -12.651306916 ], [ -45.691383224, -12.651306916 ], [ -45.691383224, -12.650947592 ] ] ] ] } },
{ "type": "Feature", "properties": { "id": 10706, "left": -45.691383224, "top": -12.651306916, "right": -45.6910239, "bottom": -12.65166624, "centroid_x": -45.691204, "centroid_y": -12.651487, "talhao": "PL PIVO 10B" }, "geometry": { "type": "MultiPolygon", "coordinates": [ [ [ [ -45.691383224, -12.651306916 ], [ -45.6910239, -12.651306916 ], [ -45.6910239, -12.65166624 ], [ -45.691383224, -12.65166624 ], [ -45.691383224, -12.651306916 ] ] ] ] } },
{ "type": "Feature", "properties": { "id": 10707, "left": -45.691383224, "top": -12.65166624, "right": -45.6910239, "bottom": -12.652025564000001, "centroid_x": -45.691204, "centroid_y": -12.651846, "talhao": "PL PIVO 10B" }, "geometry": { "type": "MultiPolygon", "coordinates": [ [ [ [ -45.691383224, -12.65166624 ], [ -45.6910239, -12.65166624 ], [ -45.6910239, -12.652025564 ], [ -45.691383224, -12.652025564 ], [ -45.691383224, -12.65166624 ] ] ] ] } },
{ "type": "Feature", "properties": { "id": 10708, "left": -45.691383224, "top": -12.652025564000001, "right": -45.6910239, "bottom": -12.652384888, "centroid_x": -45.691204, "centroid_y": -12.652205, "talhao": "PL PIVO 10B" }, "geometry": { "type": "MultiPolygon", "coordinates": [ [ [ [ -45.691383224, -12.652025564 ], [ -45.6910239, -12.652025564 ], [ -45.6910239, -12.652384888 ], [ -45.691383224, -12.652384888 ], [ -45.691383224, -12.652025564 ] ] ] ] } },
{ "type": "Feature", "properties": { "id": 10709, "left": -45.691383224, "top": -12.652384888, "right": -45.6910239, "bottom": -12.652744212, "centroid_x": -45.691204, "centroid_y": -12.652565, "talhao": "PL PIVO 10B" }, "geometry": { "type": "MultiPolygon", "coordinates": [ [ [ [ -45.691383224, -12.652384888 ], [ -45.6910239, -12.652384888 ], [ -45.6910239, -12.652744212 ], [ -45.691383224, -12.652744212 ], [ -45.691383224, -12.652384888 ] ] ] ] } },
{ "type": "Feature", "properties": { "id": 10710, "left": -45.691383224, "top": -12.652744212, "right": -45.6910239, "bottom": -12.653103536, "centroid_x": -45.691204, "centroid_y": -12.652924, "talhao": "PL PIVO 10B" }, "geometry": { "type": "MultiPolygon", "coordinates": [ [ [ [ -45.691383224, -12.652744212 ], [ -45.6910239, -12.652744212 ], [ -45.6910239, -12.653103536 ], [ -45.691383224, -12.653103536 ], [ -45.691383224, -12.652744212 ] ] ] ] } },
{ "type": "Feature", "properties": { "id": 10711, "left": -45.691383224, "top": -12.653103536, "right": -45.6910239, "bottom": -12.65346286, "centroid_x": -45.691204, "centroid_y": -12.653283, "talhao": "PL PIVO 10B" }, "geometry": { "type": "MultiPolygon", "coordinates": [ [ [ [ -45.691383224, -12.653103536 ], [ -45.6910239, -12.653103536 ], [ -45.6910239, -12.65346286 ], [ -45.691383224, -12.65346286 ], [ -45.691383224, -12.653103536 ] ] ] ] } },
{ "type": "Feature", "properties": { "id": 10712, "left": -45.691383224, "top": -12.65346286, "right": -45.6910239, "bottom": -12.653822184, "centroid_x": -45.691204, "centroid_y": -12.653643, "talhao": "PL PIVO 10B" }, "geometry": { "type": "MultiPolygon", "coordinates": [ [ [ [ -45.691383224, -12.65346286 ], [ -45.6910239, -12.65346286 ], [ -45.6910239, -12.653822184 ], [ -45.691383224, -12.653822184 ], [ -45.691383224, -12.65346286 ] ] ] ] } },
{ "type": "Feature", "properties": { "id": 10713, "left": -45.691383224, "top": -12.653822184000001, "right": -45.6910239, "bottom": -12.654181508000001, "centroid_x": -45.691204, "centroid_y": -12.654002, "talhao": "PL PIVO 10B" }, "geometry": { "type": "MultiPolygon", "coordinates": [ [ [ [ -45.691383224, -12.653822184 ], [ -45.6910239, -12.653822184 ], [ -45.6910239, -12.654181508 ], [ -45.691383224, -12.654181508 ], [ -45.691383224, -12.653822184 ] ] ] ] } },
{ "type": "Feature", "properties": { "id": 10714, "left": -45.691383224, "top": -12.654181508000001, "right": -45.6910239, "bottom": -12.654540832, "centroid_x": -45.691204, "centroid_y": -12.654361, "talhao": "PL PIVO 10B" }, "geometry": { "type": "MultiPolygon", "coordinates": [ [ [ [ -45.691383224, -12.654181508 ], [ -45.6910239, -12.654181508 ], [ -45.6910239, -12.654540832 ], [ -45.691383224, -12.654540832 ], [ -45.691383224, -12.654181508 ] ] ] ] } },
{ "type": "Feature", "properties": { "id": 10715, "left": -45.691383224, "top": -12.654540832, "right": -45.6910239, "bottom": -12.654900156, "centroid_x": -45.691204, "centroid_y": -12.65472, "talhao": "PL PIVO 10B" }, "geometry": { "type": "MultiPolygon", "coordinates": [ [ [ [ -45.691383224, -12.654540832 ], [ -45.6910239, -12.654540832 ], [ -45.6910239, -12.654900156 ], [ -45.691383224, -12.654900156 ], [ -45.691383224, -12.654540832 ] ] ] ] } },
{ "type": "Feature", "properties": { "id": 10716, "left": -45.691383224, "top": -12.654900156, "right": -45.6910239, "bottom": -12.65525948, "centroid_x": -45.691204, "centroid_y": -12.65508, "talhao": "PL PIVO 10B" }, "geometry": { "type": "MultiPolygon", "coordinates": [ [ [ [ -45.691383224, -12.654900156 ], [ -45.6910239, -12.654900156 ], [ -45.6910239, -12.65525948 ], [ -45.691383224, -12.65525948 ], [ -45.691383224, -12.654900156 ] ] ] ] } },
{ "type": "Feature", "properties": { "id": 10717, "left": -45.691383224, "top": -12.65525948, "right": -45.6910239, "bottom": -12.655618804, "centroid_x": -45.691204, "centroid_y": -12.655439, "talhao": "PL PIVO 10B" }, "geometry": { "type": "MultiPolygon", "coordinates": [ [ [ [ -45.691383224, -12.65525948 ], [ -45.6910239, -12.65525948 ], [ -45.6910239, -12.655618804 ], [ -45.691383224, -12.655618804 ], [ -45.691383224, -12.65525948 ] ] ] ] } },
{ "type": "Feature", "properties": { "id": 10718, "left": -45.691383224, "top": -12.655618804, "right": -45.6910239, "bottom": -12.655978128, "centroid_x": -45.691204, "centroid_y": -12.655798, "talhao": "PL PIVO 10B" }, "geometry": { "type": "MultiPolygon", "coordinates": [ [ [ [ -45.691383224, -12.655618804 ], [ -45.6910239, -12.655618804 ], [ -45.6910239, -12.655978128 ], [ -45.691383224, -12.655978128 ], [ -45.691383224, -12.655618804 ] ] ] ] } },
{ "type": "Feature", "properties": { "id": 10719, "left": -45.691383224, "top": -12.655978128000001, "right": -45.6910239, "bottom": -12.656337452000001, "centroid_x": -45.691204, "centroid_y": -12.656158, "talhao": "PL PIVO 10B" }, "geometry": { "type": "MultiPolygon", "coordinates": [ [ [ [ -45.691383224, -12.655978128 ], [ -45.6910239, -12.655978128 ], [ -45.6910239, -12.656337452 ], [ -45.691383224, -12.656337452 ], [ -45.691383224, -12.655978128 ] ] ] ] } },
{ "type": "Feature", "properties": { "id": 10720, "left": -45.691383224, "top": -12.656337452000001, "right": -45.6910239, "bottom": -12.656696776, "centroid_x": -45.691204, "centroid_y": -12.656517, "talhao": "PL PIVO 10B" }, "geometry": { "type": "MultiPolygon", "coordinates": [ [ [ [ -45.691383224, -12.656337452 ], [ -45.6910239, -12.656337452 ], [ -45.6910239, -12.656696776 ], [ -45.691383224, -12.656696776 ], [ -45.691383224, -12.656337452 ] ] ] ] } },
{ "type": "Feature", "properties": { "id": 10721, "left": -45.691383224, "top": -12.656696776, "right": -45.6910239, "bottom": -12.6570561, "centroid_x": -45.691208, "centroid_y": -12.656872, "talhao": "PL PIVO 10B" }, "geometry": { "type": "MultiPolygon", "coordinates": [ [ [ [ -45.691118704395606, -12.6570561 ], [ -45.691383224, -12.6570561 ], [ -45.691383224, -12.656696776 ], [ -45.6910239, -12.656696776 ], [ -45.6910239, -12.656978377477474 ], [ -45.691118704395606, -12.6570561 ] ] ] ] } },
{ "type": "Feature", "properties": { "id": 10722, "left": -45.691383224, "top": -12.6570561, "right": -45.6910239, "bottom": -12.657415424, "centroid_x": -45.691295, "centroid_y": -12.657123, "talhao": "PL PIVO 10B" }, "geometry": { "type": "MultiPolygon", "coordinates": [ [ [ [ -45.691132, -12.657067 ], [ -45.691383224, -12.657257138712328 ], [ -45.691383224, -12.6570561 ], [ -45.691118704395606, -12.6570561 ], [ -45.691132, -12.657067 ] ] ] ] } },
{ "type": "Feature", "properties": { "id": 10726, "left": -45.6910239, "top": -12.648073, "right": -45.690664575999996, "bottom": -12.648432324, "centroid_x": -45.690696, "centroid_y": -12.648406, "talhao": "PL PIVO 10B" }, "geometry": { "type": "MultiPolygon", "coordinates": [ [ [ [ -45.690664576, -12.648352549511731 ], [ -45.690664576, -12.648432324 ], [ -45.690758341079729, -12.648432324 ], [ -45.690664576, -12.648352549511731 ] ] ] ] } },
{ "type": "Feature", "properties": { "id": 10727, "left": -45.6910239, "top": -12.648432324, "right": -45.690664575999996, "bottom": -12.648791648, "centroid_x": -45.690817, "centroid_y": -12.648644, "talhao": "PL PIVO 10B" }, "geometry": { "type": "MultiPolygon", "coordinates": [ [ [ [ -45.690758341079729, -12.648432324 ], [ -45.690664576, -12.648432324 ], [ -45.690664576, -12.648791648 ], [ -45.6910239, -12.648791648 ], [ -45.6910239, -12.648658259145897 ], [ -45.690758341079729, -12.648432324 ] ] ] ] } },
{ "type": "Feature", "properties": { "id": 10728, "left": -45.6910239, "top": -12.648791648, "right": -45.690664575999996, "bottom": -12.649150972, "centroid_x": -45.690844, "centroid_y": -12.648971, "talhao": "PL PIVO 10B" }, "geometry": { "type": "MultiPolygon", "coordinates": [ [ [ [ -45.6910239, -12.648791648 ], [ -45.690664576, -12.648791648 ], [ -45.690664576, -12.649150972 ], [ -45.6910239, -12.649150972 ], [ -45.6910239, -12.648791648 ] ] ] ] } },
{ "type": "Feature", "properties": { "id": 10729, "left": -45.6910239, "top": -12.649150972, "right": -45.690664575999996, "bottom": -12.649510296000001, "centroid_x": -45.690844, "centroid_y": -12.649331, "talhao": "PL PIVO 10B" }, "geometry": { "type": "MultiPolygon", "coordinates": [ [ [ [ -45.6910239, -12.649150972 ], [ -45.690664576, -12.649150972 ], [ -45.690664576, -12.649510296 ], [ -45.6910239, -12.649510296 ], [ -45.6910239, -12.649150972 ] ] ] ] } },
{ "type": "Feature", "properties": { "id": 10730, "left": -45.6910239, "top": -12.649510296000001, "right": -45.690664575999996, "bottom": -12.64986962, "centroid_x": -45.690844, "centroid_y": -12.64969, "talhao": "PL PIVO 10B" }, "geometry": { "type": "MultiPolygon", "coordinates": [ [ [ [ -45.6910239, -12.649510296 ], [ -45.690664576, -12.649510296 ], [ -45.690664576, -12.64986962 ], [ -45.6910239, -12.64986962 ], [ -45.6910239, -12.649510296 ] ] ] ] } },
{ "type": "Feature", "properties": { "id": 10731, "left": -45.6910239, "top": -12.64986962, "right": -45.690664575999996, "bottom": -12.650228944, "centroid_x": -45.690844, "centroid_y": -12.650049, "talhao": "PL PIVO 10B" }, "geometry": { "type": "MultiPolygon", "coordinates": [ [ [ [ -45.6910239, -12.64986962 ], [ -45.690664576, -12.64986962 ], [ -45.690664576, -12.650228944 ], [ -45.6910239, -12.650228944 ], [ -45.6910239, -12.64986962 ] ] ] ] } },
{ "type": "Feature", "properties": { "id": 10732, "left": -45.6910239, "top": -12.650228944, "right": -45.690664575999996, "bottom": -12.650588268, "centroid_x": -45.690844, "centroid_y": -12.650409, "talhao": "PL PIVO 10B" }, "geometry": { "type": "MultiPolygon", "coordinates": [ [ [ [ -45.6910239, -12.650228944 ], [ -45.690664576, -12.650228944 ], [ -45.690664576, -12.650588268 ], [ -45.6910239, -12.650588268 ], [ -45.6910239, -12.650228944 ] ] ] ] } },
{ "type": "Feature", "properties": { "id": 10733, "left": -45.6910239, "top": -12.650588268, "right": -45.690664575999996, "bottom": -12.650947592, "centroid_x": -45.690844, "centroid_y": -12.650768, "talhao": "PL PIVO 10B" }, "geometry": { "type": "MultiPolygon", "coordinates": [ [ [ [ -45.6910239, -12.650588268 ], [ -45.690664576, -12.650588268 ], [ -45.690664576, -12.650947592 ], [ -45.6910239, -12.650947592 ], [ -45.6910239, -12.650588268 ] ] ] ] } },
{ "type": "Feature", "properties": { "id": 10734, "left": -45.6910239, "top": -12.650947592, "right": -45.690664575999996, "bottom": -12.651306916, "centroid_x": -45.690844, "centroid_y": -12.651127, "talhao": "PL PIVO 10B" }, "geometry": { "type": "MultiPolygon", "coordinates": [ [ [ [ -45.6910239, -12.650947592 ], [ -45.690664576, -12.650947592 ], [ -45.690664576, -12.651306916 ], [ -45.6910239, -12.651306916 ], [ -45.6910239, -12.650947592 ] ] ] ] } },
{ "type": "Feature", "properties": { "id": 10735, "left": -45.6910239, "top": -12.651306916, "right": -45.690664575999996, "bottom": -12.65166624, "centroid_x": -45.690844, "centroid_y": -12.651487, "talhao": "PL PIVO 10B" }, "geometry": { "type": "MultiPolygon", "coordinates": [ [ [ [ -45.6910239, -12.651306916 ], [ -45.690664576, -12.651306916 ], [ -45.690664576, -12.65166624 ], [ -45.6910239, -12.65166624 ], [ -45.6910239, -12.651306916 ] ] ] ] } },
{ "type": "Feature", "properties": { "id": 10736, "left": -45.6910239, "top": -12.65166624, "right": -45.690664575999996, "bottom": -12.652025564000001, "centroid_x": -45.690844, "centroid_y": -12.651846, "talhao": "PL PIVO 10B" }, "geometry": { "type": "MultiPolygon", "coordinates": [ [ [ [ -45.6910239, -12.65166624 ], [ -45.690664576, -12.65166624 ], [ -45.690664576, -12.652025564 ], [ -45.6910239, -12.652025564 ], [ -45.6910239, -12.65166624 ] ] ] ] } },
{ "type": "Feature", "properties": { "id": 10737, "left": -45.6910239, "top": -12.652025564000001, "right": -45.690664575999996, "bottom": -12.652384888, "centroid_x": -45.690844, "centroid_y": -12.652205, "talhao": "PL PIVO 10B" }, "geometry": { "type": "MultiPolygon", "coordinates": [ [ [ [ -45.6910239, -12.652025564 ], [ -45.690664576, -12.652025564 ], [ -45.690664576, -12.652384888 ], [ -45.6910239, -12.652384888 ], [ -45.6910239, -12.652025564 ] ] ] ] } },
{ "type": "Feature", "properties": { "id": 10738, "left": -45.6910239, "top": -12.652384888, "right": -45.690664575999996, "bottom": -12.652744212, "centroid_x": -45.690844, "centroid_y": -12.652565, "talhao": "PL PIVO 10B" }, "geometry": { "type": "MultiPolygon", "coordinates": [ [ [ [ -45.6910239, -12.652384888 ], [ -45.690664576, -12.652384888 ], [ -45.690664576, -12.652744212 ], [ -45.6910239, -12.652744212 ], [ -45.6910239, -12.652384888 ] ] ] ] } },
{ "type": "Feature", "properties": { "id": 10739, "left": -45.6910239, "top": -12.652744212, "right": -45.690664575999996, "bottom": -12.653103536, "centroid_x": -45.690844, "centroid_y": -12.652924, "talhao": "PL PIVO 10B" }, "geometry": { "type": "MultiPolygon", "coordinates": [ [ [ [ -45.6910239, -12.652744212 ], [ -45.690664576, -12.652744212 ], [ -45.690664576, -12.653103536 ], [ -45.6910239, -12.653103536 ], [ -45.6910239, -12.652744212 ] ] ] ] } },
{ "type": "Feature", "properties": { "id": 10740, "left": -45.6910239, "top": -12.653103536, "right": -45.690664575999996, "bottom": -12.65346286, "centroid_x": -45.690844, "centroid_y": -12.653283, "talhao": "PL PIVO 10B" }, "geometry": { "type": "MultiPolygon", "coordinates": [ [ [ [ -45.6910239, -12.653103536 ], [ -45.690664576, -12.653103536 ], [ -45.690664576, -12.65346286 ], [ -45.6910239, -12.65346286 ], [ -45.6910239, -12.653103536 ] ] ] ] } },
{ "type": "Feature", "properties": { "id": 10741, "left": -45.6910239, "top": -12.65346286, "right": -45.690664575999996, "bottom": -12.653822184, "centroid_x": -45.690844, "centroid_y": -12.653643, "talhao": "PL PIVO 10B" }, "geometry": { "type": "MultiPolygon", "coordinates": [ [ [ [ -45.6910239, -12.65346286 ], [ -45.690664576, -12.65346286 ], [ -45.690664576, -12.653822184 ], [ -45.6910239, -12.653822184 ], [ -45.6910239, -12.65346286 ] ] ] ] } },
{ "type": "Feature", "properties": { "id": 10742, "left": -45.6910239, "top": -12.653822184000001, "right": -45.690664575999996, "bottom": -12.654181508000001, "centroid_x": -45.690844, "centroid_y": -12.654002, "talhao": "PL PIVO 10B" }, "geometry": { "type": "MultiPolygon", "coordinates": [ [ [ [ -45.6910239, -12.653822184 ], [ -45.690664576, -12.653822184 ], [ -45.690664576, -12.654181508 ], [ -45.6910239, -12.654181508 ], [ -45.6910239, -12.653822184 ] ] ] ] } },
{ "type": "Feature", "properties": { "id": 10743, "left": -45.6910239, "top": -12.654181508000001, "right": -45.690664575999996, "bottom": -12.654540832, "centroid_x": -45.690844, "centroid_y": -12.654361, "talhao": "PL PIVO 10B" }, "geometry": { "type": "MultiPolygon", "coordinates": [ [ [ [ -45.6910239, -12.654181508 ], [ -45.690664576, -12.654181508 ], [ -45.690664576, -12.654540832 ], [ -45.6910239, -12.654540832 ], [ -45.6910239, -12.654181508 ] ] ] ] } },
{ "type": "Feature", "properties": { "id": 10744, "left": -45.6910239, "top": -12.654540832, "right": -45.690664575999996, "bottom": -12.654900156, "centroid_x": -45.690844, "centroid_y": -12.65472, "talhao": "PL PIVO 10B" }, "geometry": { "type": "MultiPolygon", "coordinates": [ [ [ [ -45.6910239, -12.654540832 ], [ -45.690664576, -12.654540832 ], [ -45.690664576, -12.654900156 ], [ -45.6910239, -12.654900156 ], [ -45.6910239, -12.654540832 ] ] ] ] } },
{ "type": "Feature", "properties": { "id": 10745, "left": -45.6910239, "top": -12.654900156, "right": -45.690664575999996, "bottom": -12.65525948, "centroid_x": -45.690844, "centroid_y": -12.65508, "talhao": "PL PIVO 10B" }, "geometry": { "type": "MultiPolygon", "coordinates": [ [ [ [ -45.6910239, -12.654900156 ], [ -45.690664576, -12.654900156 ], [ -45.690664576, -12.65525948 ], [ -45.6910239, -12.65525948 ], [ -45.6910239, -12.654900156 ] ] ] ] } },
{ "type": "Feature", "properties": { "id": 10746, "left": -45.6910239, "top": -12.65525948, "right": -45.690664575999996, "bottom": -12.655618804, "centroid_x": -45.690844, "centroid_y": -12.655439, "talhao": "PL PIVO 10B" }, "geometry": { "type": "MultiPolygon", "coordinates": [ [ [ [ -45.6910239, -12.65525948 ], [ -45.690664576, -12.65525948 ], [ -45.690664576, -12.655618804 ], [ -45.6910239, -12.655618804 ], [ -45.6910239, -12.65525948 ] ] ] ] } },
{ "type": "Feature", "properties": { "id": 10747, "left": -45.6910239, "top": -12.655618804, "right": -45.690664575999996, "bottom": -12.655978128, "centroid_x": -45.690844, "centroid_y": -12.655798, "talhao": "PL PIVO 10B" }, "geometry": { "type": "MultiPolygon", "coordinates": [ [ [ [ -45.6910239, -12.655618804 ], [ -45.690664576, -12.655618804 ], [ -45.690664576, -12.655978128 ], [ -45.6910239, -12.655978128 ], [ -45.6910239, -12.655618804 ] ] ] ] } },
{ "type": "Feature", "properties": { "id": 10748, "left": -45.6910239, "top": -12.655978128000001, "right": -45.690664575999996, "bottom": -12.656337452000001, "centroid_x": -45.690844, "centroid_y": -12.656158, "talhao": "PL PIVO 10B" }, "geometry": { "type": "MultiPolygon", "coordinates": [ [ [ [ -45.6910239, -12.655978128 ], [ -45.690664576, -12.655978128 ], [ -45.690664576, -12.656337452 ], [ -45.6910239, -12.656337452 ], [ -45.6910239, -12.655978128 ] ] ] ] } },
{ "type": "Feature", "properties": { "id": 10749, "left": -45.6910239, "top": -12.656337452000001, "right": -45.690664575999996, "bottom": -12.656696776, "centroid_x": -45.690845, "centroid_y": -12.656516, "talhao": "PL PIVO 10B" }, "geometry": { "type": "MultiPolygon", "coordinates": [ [ [ [ -45.690706395562046, -12.656696776 ], [ -45.6910239, -12.656696776 ], [ -45.6910239, -12.656337452 ], [ -45.690664576, -12.656337452 ], [ -45.690664576, -12.656656428957742 ], [ -45.690706395562046, -12.656696776 ] ] ] ] } },
{ "type": "Feature", "properties": { "id": 10750, "left": -45.6910239, "top": -12.656696776, "right": -45.690664575999996, "bottom": -12.6570561, "centroid_x": -45.690916, "centroid_y": -12.656792, "talhao": "PL PIVO 10B" }, "geometry": { "type": "MultiPolygon", "coordinates": [ [ [ [ -45.690774, -12.656762 ], [ -45.690823, -12.656801 ], [ -45.69082, -12.656805 ], [ -45.690829, -12.656814 ], [ -45.69091, -12.656885 ], [ -45.6910239, -12.656978377477474 ], [ -45.6910239, -12.656696776 ], [ -45.690706395562046, -12.656696776 ], [ -45.690774, -12.656762 ] ] ] ] } },
{ "type": "Feature", "properties": { "id": 10755, "left": -45.690664575999996, "top": -12.648073, "right": -45.690305251999995, "bottom": -12.648432324, "centroid_x": -45.690447, "centroid_y": -12.648302, "talhao": "PL PIVO 10B" }, "geometry": { "type": "MultiPolygon", "coordinates": [ [ [ [ -45.690305252, -12.648108232083342 ], [ -45.690305252, -12.648432324 ], [ -45.690664576, -12.648432324 ], [ -45.690664576, -12.648352549511731 ], [ -45.690336, -12.648073 ], [ -45.690305252, -12.648108232083342 ] ] ] ] } },
{ "type": "Feature", "properties": { "id": 10756, "left": -45.690664575999996, "top": -12.648432324, "right": -45.690305251999995, "bottom": -12.648791648, "centroid_x": -45.690485, "centroid_y": -12.648612, "talhao": "PL PIVO 10B" }, "geometry": { "type": "MultiPolygon", "coordinates": [ [ [ [ -45.690664576, -12.648432324 ], [ -45.690305252, -12.648432324 ], [ -45.690305252, -12.648791648 ], [ -45.690664576, -12.648791648 ], [ -45.690664576, -12.648432324 ] ] ] ] } },
{ "type": "Feature", "properties": { "id": 10757, "left": -45.690664575999996, "top": -12.648791648, "right": -45.690305251999995, "bottom": -12.649150972, "centroid_x": -45.690485, "centroid_y": -12.648971, "talhao": "PL PIVO 10B" }, "geometry": { "type": "MultiPolygon", "coordinates": [ [ [ [ -45.690664576, -12.648791648 ], [ -45.690305252, -12.648791648 ], [ -45.690305252, -12.649150972 ], [ -45.690664576, -12.649150972 ], [ -45.690664576, -12.648791648 ] ] ] ] } },
{ "type": "Feature", "properties": { "id": 10758, "left": -45.690664575999996, "top": -12.649150972, "right": -45.690305251999995, "bottom": -12.649510296000001, "centroid_x": -45.690485, "centroid_y": -12.649331, "talhao": "PL PIVO 10B" }, "geometry": { "type": "MultiPolygon", "coordinates": [ [ [ [ -45.690664576, -12.649150972 ], [ -45.690305252, -12.649150972 ], [ -45.690305252, -12.649510296 ], [ -45.690664576, -12.649510296 ], [ -45.690664576, -12.649150972 ] ] ] ] } },
{ "type": "Feature", "properties": { "id": 10759, "left": -45.690664575999996, "top": -12.649510296000001, "right": -45.690305251999995, "bottom": -12.64986962, "centroid_x": -45.690485, "centroid_y": -12.64969, "talhao": "PL PIVO 10B" }, "geometry": { "type": "MultiPolygon", "coordinates": [ [ [ [ -45.690664576, -12.649510296 ], [ -45.690305252, -12.649510296 ], [ -45.690305252, -12.64986962 ], [ -45.690664576, -12.64986962 ], [ -45.690664576, -12.649510296 ] ] ] ] } },
{ "type": "Feature", "properties": { "id": 10760, "left": -45.690664575999996, "top": -12.64986962, "right": -45.690305251999995, "bottom": -12.650228944, "centroid_x": -45.690485, "centroid_y": -12.650049, "talhao": "PL PIVO 10B" }, "geometry": { "type": "MultiPolygon", "coordinates": [ [ [ [ -45.690664576, -12.64986962 ], [ -45.690305252, -12.64986962 ], [ -45.690305252, -12.650228944 ], [ -45.690664576, -12.650228944 ], [ -45.690664576, -12.64986962 ] ] ] ] } },
{ "type": "Feature", "properties": { "id": 10761, "left": -45.690664575999996, "top": -12.650228944, "right": -45.690305251999995, "bottom": -12.650588268, "centroid_x": -45.690485, "centroid_y": -12.650409, "talhao": "PL PIVO 10B" }, "geometry": { "type": "MultiPolygon", "coordinates": [ [ [ [ -45.690664576, -12.650228944 ], [ -45.690305252, -12.650228944 ], [ -45.690305252, -12.650588268 ], [ -45.690664576, -12.650588268 ], [ -45.690664576, -12.650228944 ] ] ] ] } },
{ "type": "Feature", "properties": { "id": 10762, "left": -45.690664575999996, "top": -12.650588268, "right": -45.690305251999995, "bottom": -12.650947592, "centroid_x": -45.690485, "centroid_y": -12.650768, "talhao": "PL PIVO 10B" }, "geometry": { "type": "MultiPolygon", "coordinates": [ [ [ [ -45.690664576, -12.650588268 ], [ -45.690305252, -12.650588268 ], [ -45.690305252, -12.650947592 ], [ -45.690664576, -12.650947592 ], [ -45.690664576, -12.650588268 ] ] ] ] } },
{ "type": "Feature", "properties": { "id": 10763, "left": -45.690664575999996, "top": -12.650947592, "right": -45.690305251999995, "bottom": -12.651306916, "centroid_x": -45.690485, "centroid_y": -12.651127, "talhao": "PL PIVO 10B" }, "geometry": { "type": "MultiPolygon", "coordinates": [ [ [ [ -45.690664576, -12.650947592 ], [ -45.690305252, -12.650947592 ], [ -45.690305252, -12.651306916 ], [ -45.690664576, -12.651306916 ], [ -45.690664576, -12.650947592 ] ] ] ] } },
{ "type": "Feature", "properties": { "id": 10764, "left": -45.690664575999996, "top": -12.651306916, "right": -45.690305251999995, "bottom": -12.65166624, "centroid_x": -45.690485, "centroid_y": -12.651487, "talhao": "PL PIVO 10B" }, "geometry": { "type": "MultiPolygon", "coordinates": [ [ [ [ -45.690664576, -12.651306916 ], [ -45.690305252, -12.651306916 ], [ -45.690305252, -12.65166624 ], [ -45.690664576, -12.65166624 ], [ -45.690664576, -12.651306916 ] ] ] ] } },
{ "type": "Feature", "properties": { "id": 10765, "left": -45.690664575999996, "top": -12.65166624, "right": -45.690305251999995, "bottom": -12.652025564000001, "centroid_x": -45.690485, "centroid_y": -12.651846, "talhao": "PL PIVO 10B" }, "geometry": { "type": "MultiPolygon", "coordinates": [ [ [ [ -45.690664576, -12.65166624 ], [ -45.690305252, -12.65166624 ], [ -45.690305252, -12.652025564 ], [ -45.690664576, -12.652025564 ], [ -45.690664576, -12.65166624 ] ] ] ] } },
{ "type": "Feature", "properties": { "id": 10766, "left": -45.690664575999996, "top": -12.652025564000001, "right": -45.690305251999995, "bottom": -12.652384888, "centroid_x": -45.690485, "centroid_y": -12.652205, "talhao": "PL PIVO 10B" }, "geometry": { "type": "MultiPolygon", "coordinates": [ [ [ [ -45.690664576, -12.652025564 ], [ -45.690305252, -12.652025564 ], [ -45.690305252, -12.652384888 ], [ -45.690664576, -12.652384888 ], [ -45.690664576, -12.652025564 ] ] ] ] } },
{ "type": "Feature", "properties": { "id": 10767, "left": -45.690664575999996, "top": -12.652384888, "right": -45.690305251999995, "bottom": -12.652744212, "centroid_x": -45.690485, "centroid_y": -12.652565, "talhao": "PL PIVO 10B" }, "geometry": { "type": "MultiPolygon", "coordinates": [ [ [ [ -45.690664576, -12.652384888 ], [ -45.690305252, -12.652384888 ], [ -45.690305252, -12.652744212 ], [ -45.690664576, -12.652744212 ], [ -45.690664576, -12.652384888 ] ] ] ] } },
{ "type": "Feature", "properties": { "id": 10768, "left": -45.690664575999996, "top": -12.652744212, "right": -45.690305251999995, "bottom": -12.653103536, "centroid_x": -45.690485, "centroid_y": -12.652924, "talhao": "PL PIVO 10B" }, "geometry": { "type": "MultiPolygon", "coordinates": [ [ [ [ -45.690664576, -12.652744212 ], [ -45.690305252, -12.652744212 ], [ -45.690305252, -12.653103536 ], [ -45.690664576, -12.653103536 ], [ -45.690664576, -12.652744212 ] ] ] ] } },
{ "type": "Feature", "properties": { "id": 10769, "left": -45.690664575999996, "top": -12.653103536, "right": -45.690305251999995, "bottom": -12.65346286, "centroid_x": -45.690485, "centroid_y": -12.653283, "talhao": "PL PIVO 10B" }, "geometry": { "type": "MultiPolygon", "coordinates": [ [ [ [ -45.690664576, -12.653103536 ], [ -45.690305252, -12.653103536 ], [ -45.690305252, -12.65346286 ], [ -45.690664576, -12.65346286 ], [ -45.690664576, -12.653103536 ] ] ] ] } },
{ "type": "Feature", "properties": { "id": 10770, "left": -45.690664575999996, "top": -12.65346286, "right": -45.690305251999995, "bottom": -12.653822184, "centroid_x": -45.690485, "centroid_y": -12.653643, "talhao": "PL PIVO 10B" }, "geometry": { "type": "MultiPolygon", "coordinates": [ [ [ [ -45.690664576, -12.65346286 ], [ -45.690305252, -12.65346286 ], [ -45.690305252, -12.653822184 ], [ -45.690664576, -12.653822184 ], [ -45.690664576, -12.65346286 ] ] ] ] } },
{ "type": "Feature", "properties": { "id": 10771, "left": -45.690664575999996, "top": -12.653822184000001, "right": -45.690305251999995, "bottom": -12.654181508000001, "centroid_x": -45.690485, "centroid_y": -12.654002, "talhao": "PL PIVO 10B" }, "geometry": { "type": "MultiPolygon", "coordinates": [ [ [ [ -45.690664576, -12.653822184 ], [ -45.690305252, -12.653822184 ], [ -45.690305252, -12.654181508 ], [ -45.690664576, -12.654181508 ], [ -45.690664576, -12.653822184 ] ] ] ] } },
{ "type": "Feature", "properties": { "id": 10772, "left": -45.690664575999996, "top": -12.654181508000001, "right": -45.690305251999995, "bottom": -12.654540832, "centroid_x": -45.690485, "centroid_y": -12.654361, "talhao": "PL PIVO 10B" }, "geometry": { "type": "MultiPolygon", "coordinates": [ [ [ [ -45.690664576, -12.654181508 ], [ -45.690305252, -12.654181508 ], [ -45.690305252, -12.654540832 ], [ -45.690664576, -12.654540832 ], [ -45.690664576, -12.654181508 ] ] ] ] } },
{ "type": "Feature", "properties": { "id": 10773, "left": -45.690664575999996, "top": -12.654540832, "right": -45.690305251999995, "bottom": -12.654900156, "centroid_x": -45.690485, "centroid_y": -12.65472, "talhao": "PL PIVO 10B" }, "geometry": { "type": "MultiPolygon", "coordinates": [ [ [ [ -45.690664576, -12.654540832 ], [ -45.690305252, -12.654540832 ], [ -45.690305252, -12.654900156 ], [ -45.690664576, -12.654900156 ], [ -45.690664576, -12.654540832 ] ] ] ] } },
{ "type": "Feature", "properties": { "id": 10774, "left": -45.690664575999996, "top": -12.654900156, "right": -45.690305251999995, "bottom": -12.65525948, "centroid_x": -45.690485, "centroid_y": -12.65508, "talhao": "PL PIVO 10B" }, "geometry": { "type": "MultiPolygon", "coordinates": [ [ [ [ -45.690664576, -12.654900156 ], [ -45.690305252, -12.654900156 ], [ -45.690305252, -12.65525948 ], [ -45.690664576, -12.65525948 ], [ -45.690664576, -12.654900156 ] ] ] ] } },
{ "type": "Feature", "properties": { "id": 10775, "left": -45.690664575999996, "top": -12.65525948, "right": -45.690305251999995, "bottom": -12.655618804, "centroid_x": -45.690485, "centroid_y": -12.655439, "talhao": "PL PIVO 10B" }, "geometry": { "type": "MultiPolygon", "coordinates": [ [ [ [ -45.690664576, -12.65525948 ], [ -45.690305252, -12.65525948 ], [ -45.690305252, -12.655618804 ], [ -45.690664576, -12.655618804 ], [ -45.690664576, -12.65525948 ] ] ] ] } },
{ "type": "Feature", "properties": { "id": 10776, "left": -45.690664575999996, "top": -12.655618804, "right": -45.690305251999995, "bottom": -12.655978128, "centroid_x": -45.690485, "centroid_y": -12.655798, "talhao": "PL PIVO 10B" }, "geometry": { "type": "MultiPolygon", "coordinates": [ [ [ [ -45.690664576, -12.655618804 ], [ -45.690305252, -12.655618804 ], [ -45.690305252, -12.655978128 ], [ -45.690664576, -12.655978128 ], [ -45.690664576, -12.655618804 ] ] ] ] } },
{ "type": "Feature", "properties": { "id": 10777, "left": -45.690664575999996, "top": -12.655978128000001, "right": -45.690305251999995, "bottom": -12.656337452000001, "centroid_x": -45.690487, "centroid_y": -12.656156, "talhao": "PL PIVO 10B" }, "geometry": { "type": "MultiPolygon", "coordinates": [ [ [ [ -45.690359394781822, -12.656337452 ], [ -45.690664576, -12.656337452 ], [ -45.690664576, -12.655978128 ], [ -45.690305252, -12.655978128 ], [ -45.690305252, -12.656278191243775 ], [ -45.690359394781822, -12.656337452 ] ] ] ] } },
{ "type": "Feature", "properties": { "id": 10778, "left": -45.690664575999996, "top": -12.656337452000001, "right": -45.690305251999995, "bottom": -12.656696776, "centroid_x": -45.690562, "centroid_y": -12.656445, "talhao": "PL PIVO 10B" }, "geometry": { "type": "MultiPolygon", "coordinates": [ [ [ [ -45.690454, -12.656441 ], [ -45.690632, -12.656625 ], [ -45.690664576, -12.656656428957742 ], [ -45.690664576, -12.656337452 ], [ -45.690359394781822, -12.656337452 ], [ -45.690454, -12.656441 ] ] ] ] } },
{ "type": "Feature", "properties": { "id": 10784, "left": -45.690305252000002, "top": -12.648073, "right": -45.689945928, "bottom": -12.648432324, "centroid_x": -45.690216, "centroid_y": -12.648323, "talhao": "PL PIVO 10B" }, "geometry": { "type": "MultiPolygon", "coordinates": [ [ [ [ -45.69024, -12.648183 ], [ -45.690065, -12.6484 ], [ -45.690040852070588, -12.648432324 ], [ -45.690305252, -12.648432324 ], [ -45.690305252, -12.648108232083334 ], [ -45.69024, -12.648183 ] ] ] ] } },
{ "type": "Feature", "properties": { "id": 10785, "left": -45.690305252000002, "top": -12.648432324, "right": -45.689945928, "bottom": -12.648791648, "centroid_x": -45.690133, "centroid_y": -12.648619, "talhao": "PL PIVO 10B" }, "geometry": { "type": "MultiPolygon", "coordinates": [ [ [ [ -45.689945928, -12.648559387716531 ], [ -45.689945928, -12.648791648 ], [ -45.690305252, -12.648791648 ], [ -45.690305252, -12.648432324 ], [ -45.690040852070588, -12.648432324 ], [ -45.689945928, -12.648559387716531 ] ] ] ] } },
{ "type": "Feature", "properties": { "id": 10786, "left": -45.690305252000002, "top": -12.648791648, "right": -45.689945928, "bottom": -12.649150972, "centroid_x": -45.690126, "centroid_y": -12.648971, "talhao": "PL PIVO 10B" }, "geometry": { "type": "MultiPolygon", "coordinates": [ [ [ [ -45.690305252, -12.648791648 ], [ -45.689945928, -12.648791648 ], [ -45.689945928, -12.649150972 ], [ -45.690305252, -12.649150972 ], [ -45.690305252, -12.648791648 ] ] ] ] } },
{ "type": "Feature", "properties": { "id": 10787, "left": -45.690305252000002, "top": -12.649150972, "right": -45.689945928, "bottom": -12.649510296000001, "centroid_x": -45.690126, "centroid_y": -12.649331, "talhao": "PL PIVO 10B" }, "geometry": { "type": "MultiPolygon", "coordinates": [ [ [ [ -45.690305252, -12.649150972 ], [ -45.689945928, -12.649150972 ], [ -45.689945928, -12.649510296 ], [ -45.690305252, -12.649510296 ], [ -45.690305252, -12.649150972 ] ] ] ] } },
{ "type": "Feature", "properties": { "id": 10788, "left": -45.690305252000002, "top": -12.649510296000001, "right": -45.689945928, "bottom": -12.64986962, "centroid_x": -45.690126, "centroid_y": -12.64969, "talhao": "PL PIVO 10B" }, "geometry": { "type": "MultiPolygon", "coordinates": [ [ [ [ -45.690305252, -12.649510296 ], [ -45.689945928, -12.649510296 ], [ -45.689945928, -12.64986962 ], [ -45.690305252, -12.64986962 ], [ -45.690305252, -12.649510296 ] ] ] ] } },
{ "type": "Feature", "properties": { "id": 10789, "left": -45.690305252000002, "top": -12.64986962, "right": -45.689945928, "bottom": -12.650228944, "centroid_x": -45.690126, "centroid_y": -12.650049, "talhao": "PL PIVO 10B" }, "geometry": { "type": "MultiPolygon", "coordinates": [ [ [ [ -45.690305252, -12.64986962 ], [ -45.689945928, -12.64986962 ], [ -45.689945928, -12.650228944 ], [ -45.690305252, -12.650228944 ], [ -45.690305252, -12.64986962 ] ] ] ] } },
{ "type": "Feature", "properties": { "id": 10790, "left": -45.690305252000002, "top": -12.650228944, "right": -45.689945928, "bottom": -12.650588268, "centroid_x": -45.690126, "centroid_y": -12.650409, "talhao": "PL PIVO 10B" }, "geometry": { "type": "MultiPolygon", "coordinates": [ [ [ [ -45.690305252, -12.650228944 ], [ -45.689945928, -12.650228944 ], [ -45.689945928, -12.650588268 ], [ -45.690305252, -12.650588268 ], [ -45.690305252, -12.650228944 ] ] ] ] } },
{ "type": "Feature", "properties": { "id": 10791, "left": -45.690305252000002, "top": -12.650588268, "right": -45.689945928, "bottom": -12.650947592, "centroid_x": -45.690126, "centroid_y": -12.650768, "talhao": "PL PIVO 10B" }, "geometry": { "type": "MultiPolygon", "coordinates": [ [ [ [ -45.690305252, -12.650588268 ], [ -45.689945928, -12.650588268 ], [ -45.689945928, -12.650947592 ], [ -45.690305252, -12.650947592 ], [ -45.690305252, -12.650588268 ] ] ] ] } },
{ "type": "Feature", "properties": { "id": 10792, "left": -45.690305252000002, "top": -12.650947592, "right": -45.689945928, "bottom": -12.651306916, "centroid_x": -45.690126, "centroid_y": -12.651127, "talhao": "PL PIVO 10B" }, "geometry": { "type": "MultiPolygon", "coordinates": [ [ [ [ -45.690305252, -12.650947592 ], [ -45.689945928, -12.650947592 ], [ -45.689945928, -12.651306916 ], [ -45.690305252, -12.651306916 ], [ -45.690305252, -12.650947592 ] ] ] ] } },
{ "type": "Feature", "properties": { "id": 10793, "left": -45.690305252000002, "top": -12.651306916, "right": -45.689945928, "bottom": -12.65166624, "centroid_x": -45.690126, "centroid_y": -12.651487, "talhao": "PL PIVO 10B" }, "geometry": { "type": "MultiPolygon", "coordinates": [ [ [ [ -45.690305252, -12.651306916 ], [ -45.689945928, -12.651306916 ], [ -45.689945928, -12.65166624 ], [ -45.690305252, -12.65166624 ], [ -45.690305252, -12.651306916 ] ] ] ] } },
{ "type": "Feature", "properties": { "id": 10794, "left": -45.690305252000002, "top": -12.65166624, "right": -45.689945928, "bottom": -12.652025564000001, "centroid_x": -45.690126, "centroid_y": -12.651846, "talhao": "PL PIVO 10B" }, "geometry": { "type": "MultiPolygon", "coordinates": [ [ [ [ -45.690305252, -12.65166624 ], [ -45.689945928, -12.65166624 ], [ -45.689945928, -12.652025564 ], [ -45.690305252, -12.652025564 ], [ -45.690305252, -12.65166624 ] ] ] ] } },
{ "type": "Feature", "properties": { "id": 10795, "left": -45.690305252000002, "top": -12.652025564000001, "right": -45.689945928, "bottom": -12.652384888, "centroid_x": -45.690126, "centroid_y": -12.652205, "talhao": "PL PIVO 10B" }, "geometry": { "type": "MultiPolygon", "coordinates": [ [ [ [ -45.690305252, -12.652025564 ], [ -45.689945928, -12.652025564 ], [ -45.689945928, -12.652384888 ], [ -45.690305252, -12.652384888 ], [ -45.690305252, -12.652025564 ] ] ] ] } },
{ "type": "Feature", "properties": { "id": 10796, "left": -45.690305252000002, "top": -12.652384888, "right": -45.689945928, "bottom": -12.652744212, "centroid_x": -45.690126, "centroid_y": -12.652565, "talhao": "PL PIVO 10B" }, "geometry": { "type": "MultiPolygon", "coordinates": [ [ [ [ -45.690305252, -12.652384888 ], [ -45.689945928, -12.652384888 ], [ -45.689945928, -12.652744212 ], [ -45.690305252, -12.652744212 ], [ -45.690305252, -12.652384888 ] ] ] ] } },
{ "type": "Feature", "properties": { "id": 10797, "left": -45.690305252000002, "top": -12.652744212, "right": -45.689945928, "bottom": -12.653103536, "centroid_x": -45.690126, "centroid_y": -12.652924, "talhao": "PL PIVO 10B" }, "geometry": { "type": "MultiPolygon", "coordinates": [ [ [ [ -45.690305252, -12.652744212 ], [ -45.689945928, -12.652744212 ], [ -45.689945928, -12.653103536 ], [ -45.690305252, -12.653103536 ], [ -45.690305252, -12.652744212 ] ] ] ] } },
{ "type": "Feature", "properties": { "id": 10798, "left": -45.690305252000002, "top": -12.653103536, "right": -45.689945928, "bottom": -12.65346286, "centroid_x": -45.690126, "centroid_y": -12.653283, "talhao": "PL PIVO 10B" }, "geometry": { "type": "MultiPolygon", "coordinates": [ [ [ [ -45.690305252, -12.653103536 ], [ -45.689945928, -12.653103536 ], [ -45.689945928, -12.65346286 ], [ -45.690305252, -12.65346286 ], [ -45.690305252, -12.653103536 ] ] ] ] } },
{ "type": "Feature", "properties": { "id": 10799, "left": -45.690305252000002, "top": -12.65346286, "right": -45.689945928, "bottom": -12.653822184, "centroid_x": -45.690126, "centroid_y": -12.653643, "talhao": "PL PIVO 10B" }, "geometry": { "type": "MultiPolygon", "coordinates": [ [ [ [ -45.690305252, -12.65346286 ], [ -45.689945928, -12.65346286 ], [ -45.689945928, -12.653822184 ], [ -45.690305252, -12.653822184 ], [ -45.690305252, -12.65346286 ] ] ] ] } },
{ "type": "Feature", "properties": { "id": 10800, "left": -45.690305252000002, "top": -12.653822184000001, "right": -45.689945928, "bottom": -12.654181508000001, "centroid_x": -45.690126, "centroid_y": -12.654002, "talhao": "PL PIVO 10B" }, "geometry": { "type": "MultiPolygon", "coordinates": [ [ [ [ -45.690305252, -12.653822184 ], [ -45.689945928, -12.653822184 ], [ -45.689945928, -12.654181508 ], [ -45.690305252, -12.654181508 ], [ -45.690305252, -12.653822184 ] ] ] ] } },
{ "type": "Feature", "properties": { "id": 10801, "left": -45.690305252000002, "top": -12.654181508000001, "right": -45.689945928, "bottom": -12.654540832, "centroid_x": -45.690126, "centroid_y": -12.654361, "talhao": "PL PIVO 10B" }, "geometry": { "type": "MultiPolygon", "coordinates": [ [ [ [ -45.690305252, -12.654181508 ], [ -45.689945928, -12.654181508 ], [ -45.689945928, -12.654540832 ], [ -45.690305252, -12.654540832 ], [ -45.690305252, -12.654181508 ] ] ] ] } },
{ "type": "Feature", "properties": { "id": 10802, "left": -45.690305252000002, "top": -12.654540832, "right": -45.689945928, "bottom": -12.654900156, "centroid_x": -45.690126, "centroid_y": -12.65472, "talhao": "PL PIVO 10B" }, "geometry": { "type": "MultiPolygon", "coordinates": [ [ [ [ -45.690305252, -12.654540832 ], [ -45.689945928, -12.654540832 ], [ -45.689945928, -12.654900156 ], [ -45.690305252, -12.654900156 ], [ -45.690305252, -12.654540832 ] ] ] ] } },
{ "type": "Feature", "properties": { "id": 10803, "left": -45.690305252000002, "top": -12.654900156, "right": -45.689945928, "bottom": -12.65525948, "centroid_x": -45.690126, "centroid_y": -12.65508, "talhao": "PL PIVO 10B" }, "geometry": { "type": "MultiPolygon", "coordinates": [ [ [ [ -45.690305252, -12.654900156 ], [ -45.689945928, -12.654900156 ], [ -45.689945928, -12.65525948 ], [ -45.690305252, -12.65525948 ], [ -45.690305252, -12.654900156 ] ] ] ] } },
{ "type": "Feature", "properties": { "id": 10804, "left": -45.690305252000002, "top": -12.65525948, "right": -45.689945928, "bottom": -12.655618804, "centroid_x": -45.690126, "centroid_y": -12.655439, "talhao": "PL PIVO 10B" }, "geometry": { "type": "MultiPolygon", "coordinates": [ [ [ [ -45.690305252, -12.65525948 ], [ -45.689945928, -12.65525948 ], [ -45.689945928, -12.655618804 ], [ -45.690305252, -12.655618804 ], [ -45.690305252, -12.65525948 ] ] ] ] } },
{ "type": "Feature", "properties": { "id": 10805, "left": -45.690305252000002, "top": -12.655618804, "right": -45.689945928, "bottom": -12.655978128, "centroid_x": -45.690135, "centroid_y": -12.65579, "talhao": "PL PIVO 10B" }, "geometry": { "type": "MultiPolygon", "coordinates": [ [ [ [ -45.690057729848604, -12.655978128 ], [ -45.690305252, -12.655978128 ], [ -45.690305252, -12.655618804 ], [ -45.689945928, -12.655618804 ], [ -45.689945928, -12.6558296504127 ], [ -45.690057729848604, -12.655978128 ] ] ] ] } },
{ "type": "Feature", "properties": { "id": 10806, "left": -45.690305252000002, "top": -12.655978128000001, "right": -45.689945928, "bottom": -12.656337452000001, "centroid_x": -45.690222, "centroid_y": -12.65608, "talhao": "PL PIVO 10B" }, "geometry": { "type": "MultiPolygon", "coordinates": [ [ [ [ -45.690087, -12.656017 ], [ -45.690253, -12.656221 ], [ -45.690305252, -12.656278191243784 ], [ -45.690305252, -12.655978128 ], [ -45.690057729848604, -12.655978128 ], [ -45.690087, -12.656017 ] ] ] ] } },
{ "type": "Feature", "properties": { "id": 10814, "left": -45.689945928, "top": -12.648432324, "right": -45.689586604, "bottom": -12.648791648, "centroid_x": -45.689893, "centroid_y": -12.648714, "talhao": "PL PIVO 10B" }, "geometry": { "type": "MultiPolygon", "coordinates": [ [ [ [ -45.689938, -12.64857 ], [ -45.689786695377244, -12.648791648 ], [ -45.689945928, -12.648791648 ], [ -45.689945928, -12.648559387716531 ], [ -45.689938, -12.64857 ] ] ] ] } },
{ "type": "Feature", "properties": { "id": 10815, "left": -45.689945928, "top": -12.648791648, "right": -45.689586604, "bottom": -12.649150972, "centroid_x": -45.689802, "centroid_y": -12.648995, "talhao": "PL PIVO 10B" }, "geometry": { "type": "MultiPolygon", "coordinates": [ [ [ [ -45.68971, -12.648904 ], [ -45.689626, -12.649043 ], [ -45.689586604, -12.649111698809914 ], [ -45.689586604, -12.649150972 ], [ -45.689945928, -12.649150972 ], [ -45.689945928, -12.648791648 ], [ -45.689786695377244, -12.648791648 ], [ -45.68971, -12.648904 ] ] ] ] } },
{ "type": "Feature", "properties": { "id": 10816, "left": -45.689945928, "top": -12.649150972, "right": -45.689586604, "bottom": -12.649510296000001, "centroid_x": -45.689766, "centroid_y": -12.649331, "talhao": "PL PIVO 10B" }, "geometry": { "type": "MultiPolygon", "coordinates": [ [ [ [ -45.689945928, -12.649150972 ], [ -45.689586604, -12.649150972 ], [ -45.689586604, -12.649510296 ], [ -45.689945928, -12.649510296 ], [ -45.689945928, -12.649150972 ] ] ] ] } },
{ "type": "Feature", "properties": { "id": 10817, "left": -45.689945928, "top": -12.649510296000001, "right": -45.689586604, "bottom": -12.64986962, "centroid_x": -45.689766, "centroid_y": -12.64969, "talhao": "PL PIVO 10B" }, "geometry": { "type": "MultiPolygon", "coordinates": [ [ [ [ -45.689945928, -12.649510296 ], [ -45.689586604, -12.649510296 ], [ -45.689586604, -12.64986962 ], [ -45.689945928, -12.64986962 ], [ -45.689945928, -12.649510296 ] ] ] ] } },
{ "type": "Feature", "properties": { "id": 10818, "left": -45.689945928, "top": -12.64986962, "right": -45.689586604, "bottom": -12.650228944, "centroid_x": -45.689766, "centroid_y": -12.650049, "talhao": "PL PIVO 10B" }, "geometry": { "type": "MultiPolygon", "coordinates": [ [ [ [ -45.689945928, -12.64986962 ], [ -45.689586604, -12.64986962 ], [ -45.689586604, -12.650228944 ], [ -45.689945928, -12.650228944 ], [ -45.689945928, -12.64986962 ] ] ] ] } },
{ "type": "Feature", "properties": { "id": 10819, "left": -45.689945928, "top": -12.650228944, "right": -45.689586604, "bottom": -12.650588268, "centroid_x": -45.689766, "centroid_y": -12.650409, "talhao": "PL PIVO 10B" }, "geometry": { "type": "MultiPolygon", "coordinates": [ [ [ [ -45.689945928, -12.650228944 ], [ -45.689586604, -12.650228944 ], [ -45.689586604, -12.650588268 ], [ -45.689945928, -12.650588268 ], [ -45.689945928, -12.650228944 ] ] ] ] } },
{ "type": "Feature", "properties": { "id": 10820, "left": -45.689945928, "top": -12.650588268, "right": -45.689586604, "bottom": -12.650947592, "centroid_x": -45.689766, "centroid_y": -12.650768, "talhao": "PL PIVO 10B" }, "geometry": { "type": "MultiPolygon", "coordinates": [ [ [ [ -45.689945928, -12.650588268 ], [ -45.689586604, -12.650588268 ], [ -45.689586604, -12.650947592 ], [ -45.689945928, -12.650947592 ], [ -45.689945928, -12.650588268 ] ] ] ] } },
{ "type": "Feature", "properties": { "id": 10821, "left": -45.689945928, "top": -12.650947592, "right": -45.689586604, "bottom": -12.651306916, "centroid_x": -45.689766, "centroid_y": -12.651127, "talhao": "PL PIVO 10B" }, "geometry": { "type": "MultiPolygon", "coordinates": [ [ [ [ -45.689945928, -12.650947592 ], [ -45.689586604, -12.650947592 ], [ -45.689586604, -12.651306916 ], [ -45.689945928, -12.651306916 ], [ -45.689945928, -12.650947592 ] ] ] ] } },
{ "type": "Feature", "properties": { "id": 10822, "left": -45.689945928, "top": -12.651306916, "right": -45.689586604, "bottom": -12.65166624, "centroid_x": -45.689766, "centroid_y": -12.651487, "talhao": "PL PIVO 10B" }, "geometry": { "type": "MultiPolygon", "coordinates": [ [ [ [ -45.689945928, -12.651306916 ], [ -45.689586604, -12.651306916 ], [ -45.689586604, -12.65166624 ], [ -45.689945928, -12.65166624 ], [ -45.689945928, -12.651306916 ] ] ] ] } },
{ "type": "Feature", "properties": { "id": 10823, "left": -45.689945928, "top": -12.65166624, "right": -45.689586604, "bottom": -12.652025564000001, "centroid_x": -45.689766, "centroid_y": -12.651846, "talhao": "PL PIVO 10B" }, "geometry": { "type": "MultiPolygon", "coordinates": [ [ [ [ -45.689945928, -12.65166624 ], [ -45.689586604, -12.65166624 ], [ -45.689586604, -12.652025564 ], [ -45.689945928, -12.652025564 ], [ -45.689945928, -12.65166624 ] ] ] ] } },
{ "type": "Feature", "properties": { "id": 10824, "left": -45.689945928, "top": -12.652025564000001, "right": -45.689586604, "bottom": -12.652384888, "centroid_x": -45.689766, "centroid_y": -12.652205, "talhao": "PL PIVO 10B" }, "geometry": { "type": "MultiPolygon", "coordinates": [ [ [ [ -45.689945928, -12.652025564 ], [ -45.689586604, -12.652025564 ], [ -45.689586604, -12.652384888 ], [ -45.689945928, -12.652384888 ], [ -45.689945928, -12.652025564 ] ] ] ] } },
{ "type": "Feature", "properties": { "id": 10825, "left": -45.689945928, "top": -12.652384888, "right": -45.689586604, "bottom": -12.652744212, "centroid_x": -45.689766, "centroid_y": -12.652565, "talhao": "PL PIVO 10B" }, "geometry": { "type": "MultiPolygon", "coordinates": [ [ [ [ -45.689945928, -12.652384888 ], [ -45.689586604, -12.652384888 ], [ -45.689586604, -12.652744212 ], [ -45.689945928, -12.652744212 ], [ -45.689945928, -12.652384888 ] ] ] ] } },
{ "type": "Feature", "properties": { "id": 10826, "left": -45.689945928, "top": -12.652744212, "right": -45.689586604, "bottom": -12.653103536, "centroid_x": -45.689766, "centroid_y": -12.652924, "talhao": "PL PIVO 10B" }, "geometry": { "type": "MultiPolygon", "coordinates": [ [ [ [ -45.689945928, -12.652744212 ], [ -45.689586604, -12.652744212 ], [ -45.689586604, -12.653103536 ], [ -45.689945928, -12.653103536 ], [ -45.689945928, -12.652744212 ] ] ] ] } },
{ "type": "Feature", "properties": { "id": 10827, "left": -45.689945928, "top": -12.653103536, "right": -45.689586604, "bottom": -12.65346286, "centroid_x": -45.689766, "centroid_y": -12.653283, "talhao": "PL PIVO 10B" }, "geometry": { "type": "MultiPolygon", "coordinates": [ [ [ [ -45.689945928, -12.653103536 ], [ -45.689586604, -12.653103536 ], [ -45.689586604, -12.65346286 ], [ -45.689945928, -12.65346286 ], [ -45.689945928, -12.653103536 ] ] ] ] } },
{ "type": "Feature", "properties": { "id": 10828, "left": -45.689945928, "top": -12.65346286, "right": -45.689586604, "bottom": -12.653822184, "centroid_x": -45.689766, "centroid_y": -12.653643, "talhao": "PL PIVO 10B" }, "geometry": { "type": "MultiPolygon", "coordinates": [ [ [ [ -45.689945928, -12.65346286 ], [ -45.689586604, -12.65346286 ], [ -45.689586604, -12.653822184 ], [ -45.689945928, -12.653822184 ], [ -45.689945928, -12.65346286 ] ] ] ] } },
{ "type": "Feature", "properties": { "id": 10829, "left": -45.689945928, "top": -12.653822184000001, "right": -45.689586604, "bottom": -12.654181508000001, "centroid_x": -45.689766, "centroid_y": -12.654002, "talhao": "PL PIVO 10B" }, "geometry": { "type": "MultiPolygon", "coordinates": [ [ [ [ -45.689945928, -12.653822184 ], [ -45.689586604, -12.653822184 ], [ -45.689586604, -12.654181508 ], [ -45.689945928, -12.654181508 ], [ -45.689945928, -12.653822184 ] ] ] ] } },
{ "type": "Feature", "properties": { "id": 10830, "left": -45.689945928, "top": -12.654181508000001, "right": -45.689586604, "bottom": -12.654540832, "centroid_x": -45.689766, "centroid_y": -12.654361, "talhao": "PL PIVO 10B" }, "geometry": { "type": "MultiPolygon", "coordinates": [ [ [ [ -45.689945928, -12.654181508 ], [ -45.689586604, -12.654181508 ], [ -45.689586604, -12.654540832 ], [ -45.689945928, -12.654540832 ], [ -45.689945928, -12.654181508 ] ] ] ] } },
{ "type": "Feature", "properties": { "id": 10831, "left": -45.689945928, "top": -12.654540832, "right": -45.689586604, "bottom": -12.654900156, "centroid_x": -45.689766, "centroid_y": -12.65472, "talhao": "PL PIVO 10B" }, "geometry": { "type": "MultiPolygon", "coordinates": [ [ [ [ -45.689945928, -12.654540832 ], [ -45.689586604, -12.654540832 ], [ -45.689586604, -12.654900156 ], [ -45.689945928, -12.654900156 ], [ -45.689945928, -12.654540832 ] ] ] ] } },
{ "type": "Feature", "properties": { "id": 10832, "left": -45.689945928, "top": -12.654900156, "right": -45.689586604, "bottom": -12.65525948, "centroid_x": -45.689766, "centroid_y": -12.65508, "talhao": "PL PIVO 10B" }, "geometry": { "type": "MultiPolygon", "coordinates": [ [ [ [ -45.689945928, -12.654900156 ], [ -45.689586604, -12.654900156 ], [ -45.689586604, -12.65525948 ], [ -45.689945928, -12.65525948 ], [ -45.689945928, -12.654900156 ] ] ] ] } },
{ "type": "Feature", "properties": { "id": 10833, "left": -45.689945928, "top": -12.65525948, "right": -45.689586604, "bottom": -12.655618804, "centroid_x": -45.689809, "centroid_y": -12.655414, "talhao": "PL PIVO 10B" }, "geometry": { "type": "MultiPolygon", "coordinates": [ [ [ [ -45.689725, -12.655506 ], [ -45.689800058046153, -12.655618804 ], [ -45.689945928, -12.655618804 ], [ -45.689945928, -12.65525948 ], [ -45.689586604, -12.65525948 ], [ -45.689586604, -12.655271472646707 ], [ -45.689725, -12.655506 ] ] ] ] } },
{ "type": "Feature", "properties": { "id": 10834, "left": -45.689945928, "top": -12.655618804, "right": -45.689586604, "bottom": -12.655978128, "centroid_x": -45.689897, "centroid_y": -12.65569, "talhao": "PL PIVO 10B" }, "geometry": { "type": "MultiPolygon", "coordinates": [ [ [ [ -45.689898, -12.655766 ], [ -45.689945928, -12.6558296504127 ], [ -45.689945928, -12.655618804 ], [ -45.689800058046153, -12.655618804 ], [ -45.689898, -12.655766 ] ] ] ] } },
{ "type": "Feature", "properties": { "id": 10844, "left": -45.689586604, "top": -12.648791648, "right": -45.68922728, "bottom": -12.649150972, "centroid_x": -45.689579, "centroid_y": -12.649138, "talhao": "PL PIVO 10B" }, "geometry": { "type": "MultiPolygon", "coordinates": [ [ [ [ -45.689564082407578, -12.649150972 ], [ -45.689586604, -12.649150972 ], [ -45.689586604, -12.649111698809914 ], [ -45.689564082407578, -12.649150972 ] ] ] ] } },
{ "type": "Feature", "properties": { "id": 10845, "left": -45.689586604, "top": -12.649150972, "right": -45.68922728, "bottom": -12.649510296000001, "centroid_x": -45.689513, "centroid_y": -12.649378, "talhao": "PL PIVO 10B" }, "geometry": { "type": "MultiPolygon", "coordinates": [ [ [ [ -45.689505, -12.649254 ], [ -45.689429, -12.649394 ], [ -45.689373, -12.649509 ], [ -45.689372422725668, -12.649510296 ], [ -45.689586604, -12.649510296 ], [ -45.689586604, -12.649150972 ], [ -45.689564082407578, -12.649150972 ], [ -45.689505, -12.649254 ] ] ] ] } },
{ "type": "Feature", "properties": { "id": 10846, "left": -45.689586604, "top": -12.649510296000001, "right": -45.68922728, "bottom": -12.64986962, "centroid_x": -45.689436, "centroid_y": -12.649706, "talhao": "PL PIVO 10B" }, "geometry": { "type": "MultiPolygon", "coordinates": [ [ [ [ -45.68922728, -12.649836146225175 ], [ -45.68922728, -12.64986962 ], [ -45.689586604, -12.64986962 ], [ -45.689586604, -12.649510296 ], [ -45.689372422725668, -12.649510296 ], [ -45.68922728, -12.649836146225175 ] ] ] ] } },
{ "type": "Feature", "properties": { "id": 10847, "left": -45.689586604, "top": -12.64986962, "right": -45.68922728, "bottom": -12.650228944, "centroid_x": -45.689407, "centroid_y": -12.650049, "talhao": "PL PIVO 10B" }, "geometry": { "type": "MultiPolygon", "coordinates": [ [ [ [ -45.689586604, -12.64986962 ], [ -45.68922728, -12.64986962 ], [ -45.68922728, -12.650228944 ], [ -45.689586604, -12.650228944 ], [ -45.689586604, -12.64986962 ] ] ] ] } },
{ "type": "Feature", "properties": { "id": 10848, "left": -45.689586604, "top": -12.650228944, "right": -45.68922728, "bottom": -12.650588268, "centroid_x": -45.689407, "centroid_y": -12.650409, "talhao": "PL PIVO 10B" }, "geometry": { "type": "MultiPolygon", "coordinates": [ [ [ [ -45.689586604, -12.650228944 ], [ -45.68922728, -12.650228944 ], [ -45.68922728, -12.650588268 ], [ -45.689586604, -12.650588268 ], [ -45.689586604, -12.650228944 ] ] ] ] } },
{ "type": "Feature", "properties": { "id": 10849, "left": -45.689586604, "top": -12.650588268, "right": -45.68922728, "bottom": -12.650947592, "centroid_x": -45.689407, "centroid_y": -12.650768, "talhao": "PL PIVO 10B" }, "geometry": { "type": "MultiPolygon", "coordinates": [ [ [ [ -45.689586604, -12.650588268 ], [ -45.68922728, -12.650588268 ], [ -45.68922728, -12.650947592 ], [ -45.689586604, -12.650947592 ], [ -45.689586604, -12.650588268 ] ] ] ] } },
{ "type": "Feature", "properties": { "id": 10850, "left": -45.689586604, "top": -12.650947592, "right": -45.68922728, "bottom": -12.651306916, "centroid_x": -45.689407, "centroid_y": -12.651127, "talhao": "PL PIVO 10B" }, "geometry": { "type": "MultiPolygon", "coordinates": [ [ [ [ -45.689586604, -12.650947592 ], [ -45.68922728, -12.650947592 ], [ -45.68922728, -12.651306916 ], [ -45.689586604, -12.651306916 ], [ -45.689586604, -12.650947592 ] ] ] ] } },
{ "type": "Feature", "properties": { "id": 10851, "left": -45.689586604, "top": -12.651306916, "right": -45.68922728, "bottom": -12.65166624, "centroid_x": -45.689407, "centroid_y": -12.651487, "talhao": "PL PIVO 10B" }, "geometry": { "type": "MultiPolygon", "coordinates": [ [ [ [ -45.689586604, -12.651306916 ], [ -45.68922728, -12.651306916 ], [ -45.68922728, -12.65166624 ], [ -45.689586604, -12.65166624 ], [ -45.689586604, -12.651306916 ] ] ] ] } },
{ "type": "Feature", "properties": { "id": 10852, "left": -45.689586604, "top": -12.65166624, "right": -45.68922728, "bottom": -12.652025564000001, "centroid_x": -45.689407, "centroid_y": -12.651846, "talhao": "PL PIVO 10B" }, "geometry": { "type": "MultiPolygon", "coordinates": [ [ [ [ -45.689586604, -12.65166624 ], [ -45.68922728, -12.65166624 ], [ -45.68922728, -12.652025564 ], [ -45.689586604, -12.652025564 ], [ -45.689586604, -12.65166624 ] ] ] ] } },
{ "type": "Feature", "properties": { "id": 10853, "left": -45.689586604, "top": -12.652025564000001, "right": -45.68922728, "bottom": -12.652384888, "centroid_x": -45.689407, "centroid_y": -12.652205, "talhao": "PL PIVO 10B" }, "geometry": { "type": "MultiPolygon", "coordinates": [ [ [ [ -45.689586604, -12.652025564 ], [ -45.68922728, -12.652025564 ], [ -45.68922728, -12.652384888 ], [ -45.689586604, -12.652384888 ], [ -45.689586604, -12.652025564 ] ] ] ] } },
{ "type": "Feature", "properties": { "id": 10854, "left": -45.689586604, "top": -12.652384888, "right": -45.68922728, "bottom": -12.652744212, "centroid_x": -45.689407, "centroid_y": -12.652565, "talhao": "PL PIVO 10B" }, "geometry": { "type": "MultiPolygon", "coordinates": [ [ [ [ -45.689586604, -12.652384888 ], [ -45.68922728, -12.652384888 ], [ -45.68922728, -12.652744212 ], [ -45.689586604, -12.652744212 ], [ -45.689586604, -12.652384888 ] ] ] ] } },
{ "type": "Feature", "properties": { "id": 10855, "left": -45.689586604, "top": -12.652744212, "right": -45.68922728, "bottom": -12.653103536, "centroid_x": -45.689407, "centroid_y": -12.652924, "talhao": "PL PIVO 10B" }, "geometry": { "type": "MultiPolygon", "coordinates": [ [ [ [ -45.689586604, -12.652744212 ], [ -45.68922728, -12.652744212 ], [ -45.68922728, -12.653103536 ], [ -45.689586604, -12.653103536 ], [ -45.689586604, -12.652744212 ] ] ] ] } },
{ "type": "Feature", "properties": { "id": 10856, "left": -45.689586604, "top": -12.653103536, "right": -45.68922728, "bottom": -12.65346286, "centroid_x": -45.689407, "centroid_y": -12.653283, "talhao": "PL PIVO 10B" }, "geometry": { "type": "MultiPolygon", "coordinates": [ [ [ [ -45.689586604, -12.653103536 ], [ -45.68922728, -12.653103536 ], [ -45.68922728, -12.65346286 ], [ -45.689586604, -12.65346286 ], [ -45.689586604, -12.653103536 ] ] ] ] } },
{ "type": "Feature", "properties": { "id": 10857, "left": -45.689586604, "top": -12.65346286, "right": -45.68922728, "bottom": -12.653822184, "centroid_x": -45.689407, "centroid_y": -12.653643, "talhao": "PL PIVO 10B" }, "geometry": { "type": "MultiPolygon", "coordinates": [ [ [ [ -45.689586604, -12.65346286 ], [ -45.68922728, -12.65346286 ], [ -45.68922728, -12.653822184 ], [ -45.689586604, -12.653822184 ], [ -45.689586604, -12.65346286 ] ] ] ] } },
{ "type": "Feature", "properties": { "id": 10858, "left": -45.689586604, "top": -12.653822184000001, "right": -45.68922728, "bottom": -12.654181508000001, "centroid_x": -45.689407, "centroid_y": -12.654002, "talhao": "PL PIVO 10B" }, "geometry": { "type": "MultiPolygon", "coordinates": [ [ [ [ -45.689586604, -12.653822184 ], [ -45.68922728, -12.653822184 ], [ -45.68922728, -12.654181508 ], [ -45.689586604, -12.654181508 ], [ -45.689586604, -12.653822184 ] ] ] ] } },
{ "type": "Feature", "properties": { "id": 10859, "left": -45.689586604, "top": -12.654181508000001, "right": -45.68922728, "bottom": -12.654540832, "centroid_x": -45.689407, "centroid_y": -12.654361, "talhao": "PL PIVO 10B" }, "geometry": { "type": "MultiPolygon", "coordinates": [ [ [ [ -45.689230095220779, -12.654540832 ], [ -45.689586604, -12.654540832 ], [ -45.689586604, -12.654181508 ], [ -45.68922728, -12.654181508 ], [ -45.68922728, -12.654534110387591 ], [ -45.689230095220779, -12.654540832 ] ] ] ] } },
{ "type": "Feature", "properties": { "id": 10860, "left": -45.689586604, "top": -12.654540832, "right": -45.68922728, "bottom": -12.654900156, "centroid_x": -45.689443, "centroid_y": -12.654704, "talhao": "PL PIVO 10B" }, "geometry": { "type": "MultiPolygon", "coordinates": [ [ [ [ -45.689311, -12.654734 ], [ -45.689388044402236, -12.654900156 ], [ -45.689586604, -12.654900156 ], [ -45.689586604, -12.654540832 ], [ -45.689230095220779, -12.654540832 ], [ -45.689311, -12.654734 ] ] ] ] } },
{ "type": "Feature", "properties": { "id": 10861, "left": -45.689586604, "top": -12.654900156, "right": -45.68922728, "bottom": -12.65525948, "centroid_x": -45.68952, "centroid_y": -12.655025, "talhao": "PL PIVO 10B" }, "geometry": { "type": "MultiPolygon", "coordinates": [ [ [ [ -45.689394, -12.654913 ], [ -45.689558, -12.655223 ], [ -45.689579527067139, -12.65525948 ], [ -45.689586604, -12.65525948 ], [ -45.689586604, -12.654900156 ], [ -45.689388044402236, -12.654900156 ], [ -45.689394, -12.654913 ] ] ] ] } },
{ "type": "Feature", "properties": { "id": 10862, "left": -45.689586604, "top": -12.65525948, "right": -45.68922728, "bottom": -12.655618804, "centroid_x": -45.689584, "centroid_y": -12.655263, "talhao": "PL PIVO 10B" }, "geometry": { "type": "MultiPolygon", "coordinates": [ [ [ [ -45.689586604, -12.655271472646707 ], [ -45.689586604, -12.65525948 ], [ -45.689579527067139, -12.65525948 ], [ -45.689586604, -12.655271472646707 ] ] ] ] } },
{ "type": "Feature", "properties": { "id": 10875, "left": -45.68922728, "top": -12.649510296000001, "right": -45.688867955999996, "bottom": -12.64986962, "centroid_x": -45.689223, "centroid_y": -12.649858, "talhao": "PL PIVO 10B" }, "geometry": { "type": "MultiPolygon", "coordinates": [ [ [ [ -45.689222, -12.649848 ], [ -45.689213436784314, -12.64986962 ], [ -45.68922728, -12.64986962 ], [ -45.68922728, -12.649836146225175 ], [ -45.689222, -12.649848 ] ] ] ] } },
{ "type": "Feature", "properties": { "id": 10876, "left": -45.68922728, "top": -12.64986962, "right": -45.688867955999996, "bottom": -12.650228944, "centroid_x": -45.689176, "centroid_y": -12.650098, "talhao": "PL PIVO 10B" }, "geometry": { "type": "MultiPolygon", "coordinates": [ [ [ [ -45.689121, -12.650103 ], [ -45.689077163138123, -12.650228944 ], [ -45.68922728, -12.650228944 ], [ -45.68922728, -12.64986962 ], [ -45.689213436784314, -12.64986962 ], [ -45.689121, -12.650103 ] ] ] ] } },
{ "type": "Feature", "properties": { "id": 10877, "left": -45.68922728, "top": -12.650228944, "right": -45.688867955999996, "bottom": -12.650588268, "centroid_x": -45.689122, "centroid_y": -12.650424, "talhao": "PL PIVO 10B" }, "geometry": { "type": "MultiPolygon", "coordinates": [ [ [ [ -45.689058, -12.650284 ], [ -45.688971, -12.650574 ], [ -45.688967748223256, -12.650588268 ], [ -45.68922728, -12.650588268 ], [ -45.68922728, -12.650228944 ], [ -45.689077163138123, -12.650228944 ], [ -45.689058, -12.650284 ] ] ] ] } },
{ "type": "Feature", "properties": { "id": 10878, "left": -45.68922728, "top": -12.650588268, "right": -45.688867955999996, "bottom": -12.650947592, "centroid_x": -45.689076, "centroid_y": -12.650776, "talhao": "PL PIVO 10B" }, "geometry": { "type": "MultiPolygon", "coordinates": [ [ [ [ -45.688885855776746, -12.650947592 ], [ -45.68922728, -12.650947592 ], [ -45.68922728, -12.650588268 ], [ -45.688967748223256, -12.650588268 ], [ -45.688885855776746, -12.650947592 ] ] ] ] } },
{ "type": "Feature", "properties": { "id": 10879, "left": -45.68922728, "top": -12.650947592, "right": -45.688867955999996, "bottom": -12.651306916, "centroid_x": -45.689049, "centroid_y": -12.651128, "talhao": "PL PIVO 10B" }, "geometry": { "type": "MultiPolygon", "coordinates": [ [ [ [ -45.688873, -12.651004 ], [ -45.688867956, -12.651032152558169 ], [ -45.688867956, -12.651306916 ], [ -45.68922728, -12.651306916 ], [ -45.68922728, -12.650947592 ], [ -45.688885855776746, -12.650947592 ], [ -45.688873, -12.651004 ] ] ] ] } },
{ "type": "Feature", "properties": { "id": 10880, "left": -45.68922728, "top": -12.651306916, "right": -45.688867955999996, "bottom": -12.65166624, "centroid_x": -45.689048, "centroid_y": -12.651487, "talhao": "PL PIVO 10B" }, "geometry": { "type": "MultiPolygon", "coordinates": [ [ [ [ -45.68922728, -12.651306916 ], [ -45.688867956, -12.651306916 ], [ -45.688867956, -12.65166624 ], [ -45.68922728, -12.65166624 ], [ -45.68922728, -12.651306916 ] ] ] ] } },
{ "type": "Feature", "properties": { "id": 10881, "left": -45.68922728, "top": -12.65166624, "right": -45.688867955999996, "bottom": -12.652025564000001, "centroid_x": -45.689048, "centroid_y": -12.651846, "talhao": "PL PIVO 10B" }, "geometry": { "type": "MultiPolygon", "coordinates": [ [ [ [ -45.68922728, -12.65166624 ], [ -45.688867956, -12.65166624 ], [ -45.688867956, -12.652025564 ], [ -45.68922728, -12.652025564 ], [ -45.68922728, -12.65166624 ] ] ] ] } },
{ "type": "Feature", "properties": { "id": 10882, "left": -45.68922728, "top": -12.652025564000001, "right": -45.688867955999996, "bottom": -12.652384888, "centroid_x": -45.689048, "centroid_y": -12.652205, "talhao": "PL PIVO 10B" }, "geometry": { "type": "MultiPolygon", "coordinates": [ [ [ [ -45.68922728, -12.652025564 ], [ -45.688867956, -12.652025564 ], [ -45.688867956, -12.652384888 ], [ -45.68922728, -12.652384888 ], [ -45.68922728, -12.652025564 ] ] ] ] } },
{ "type": "Feature", "properties": { "id": 10883, "left": -45.68922728, "top": -12.652384888, "right": -45.688867955999996, "bottom": -12.652744212, "centroid_x": -45.689048, "centroid_y": -12.652565, "talhao": "PL PIVO 10B" }, "geometry": { "type": "MultiPolygon", "coordinates": [ [ [ [ -45.68922728, -12.652384888 ], [ -45.688867956, -12.652384888 ], [ -45.688867956, -12.652744212 ], [ -45.68922728, -12.652744212 ], [ -45.68922728, -12.652384888 ] ] ] ] } },
{ "type": "Feature", "properties": { "id": 10884, "left": -45.68922728, "top": -12.652744212, "right": -45.688867955999996, "bottom": -12.653103536, "centroid_x": -45.689048, "centroid_y": -12.652924, "talhao": "PL PIVO 10B" }, "geometry": { "type": "MultiPolygon", "coordinates": [ [ [ [ -45.68922728, -12.652744212 ], [ -45.688867956, -12.652744212 ], [ -45.688867956, -12.653103536 ], [ -45.68922728, -12.653103536 ], [ -45.68922728, -12.652744212 ] ] ] ] } },
{ "type": "Feature", "properties": { "id": 10885, "left": -45.68922728, "top": -12.653103536, "right": -45.688867955999996, "bottom": -12.65346286, "centroid_x": -45.68905, "centroid_y": -12.653281, "talhao": "PL PIVO 10B" }, "geometry": { "type": "MultiPolygon", "coordinates": [ [ [ [ -45.688882, -12.653402 ], [ -45.688895816864864, -12.65346286 ], [ -45.68922728, -12.65346286 ], [ -45.68922728, -12.653103536 ], [ -45.688867956, -12.653103536 ], [ -45.688867956, -12.65332059681479 ], [ -45.688882, -12.653402 ] ] ] ] } },
{ "type": "Feature", "properties": { "id": 10886, "left": -45.68922728, "top": -12.65346286, "right": -45.688867955999996, "bottom": -12.653822184, "centroid_x": -45.689082, "centroid_y": -12.653633, "talhao": "PL PIVO 10B" }, "geometry": { "type": "MultiPolygon", "coordinates": [ [ [ [ -45.688924, -12.653587 ], [ -45.688986936563381, -12.653822184 ], [ -45.68922728, -12.653822184 ], [ -45.68922728, -12.65346286 ], [ -45.688895816864864, -12.65346286 ], [ -45.688924, -12.653587 ] ] ] ] } },
{ "type": "Feature", "properties": { "id": 10887, "left": -45.68922728, "top": -12.653822184000001, "right": -45.688867955999996, "bottom": -12.654181508000001, "centroid_x": -45.689131, "centroid_y": -12.653984, "talhao": "PL PIVO 10B" }, "geometry": { "type": "MultiPolygon", "coordinates": [ [ [ [ -45.689019, -12.653942 ], [ -45.689095984714285, -12.654181508 ], [ -45.68922728, -12.654181508 ], [ -45.68922728, -12.653822184 ], [ -45.688986936563381, -12.653822184 ], [ -45.689019, -12.653942 ] ] ] ] } },
{ "type": "Feature", "properties": { "id": 10888, "left": -45.68922728, "top": -12.654181508000001, "right": -45.688867955999996, "bottom": -12.654540832, "centroid_x": -45.689182, "centroid_y": -12.654302, "talhao": "PL PIVO 10B" }, "geometry": { "type": "MultiPolygon", "coordinates": [ [ [ [ -45.689127, -12.654278 ], [ -45.689182, -12.654426 ], [ -45.68922728, -12.654534110387591 ], [ -45.68922728, -12.654181508 ], [ -45.689095984714285, -12.654181508 ], [ -45.689127, -12.654278 ] ] ] ] } },
{ "type": "Feature", "properties": { "id": 10908, "left": -45.688867956000003, "top": -12.650947592, "right": -45.688508632000001, "bottom": -12.651306916, "centroid_x": -45.688852, "centroid_y": -12.651214, "talhao": "PL PIVO 10B" }, "geometry": { "type": "MultiPolygon", "coordinates": [ [ [ [ -45.68883, -12.651244 ], [ -45.688822310266666, -12.651306916 ], [ -45.688867956, -12.651306916 ], [ -45.688867956, -12.65103215255813 ], [ -45.68883, -12.651244 ] ] ] ] } },
{ "type": "Feature", "properties": { "id": 10909, "left": -45.688867956000003, "top": -12.651306916, "right": -45.688508632000001, "bottom": -12.65166624, "centroid_x": -45.688833, "centroid_y": -12.651505, "talhao": "PL PIVO 10B" }, "geometry": { "type": "MultiPolygon", "coordinates": [ [ [ [ -45.688786, -12.651604 ], [ -45.688781719885384, -12.65166624 ], [ -45.688867956, -12.65166624 ], [ -45.688867956, -12.651306916 ], [ -45.688822310266666, -12.651306916 ], [ -45.688786, -12.651604 ] ] ] ] } },
{ "type": "Feature", "properties": { "id": 10910, "left": -45.688867956000003, "top": -12.65166624, "right": -45.688508632000001, "bottom": -12.652025564000001, "centroid_x": -45.688819, "centroid_y": -12.651853, "talhao": "PL PIVO 10B" }, "geometry": { "type": "MultiPolygon", "coordinates": [ [ [ [ -45.688762, -12.651953 ], [ -45.688761755676765, -12.652025564 ], [ -45.688867956, -12.652025564 ], [ -45.688867956, -12.65166624 ], [ -45.688781719885384, -12.65166624 ], [ -45.688762, -12.651953 ] ] ] ] } },
{ "type": "Feature", "properties": { "id": 10911, "left": -45.688867956000003, "top": -12.652025564000001, "right": -45.688508632000001, "bottom": -12.652384888, "centroid_x": -45.688815, "centroid_y": -12.652205, "talhao": "PL PIVO 10B" }, "geometry": { "type": "MultiPolygon", "coordinates": [ [ [ [ -45.688761, -12.65225 ], [ -45.688764631600002, -12.652384888 ], [ -45.688867956, -12.652384888 ], [ -45.688867956, -12.652025564 ], [ -45.688761755676765, -12.652025564 ], [ -45.688761, -12.65225 ] ] ] ] } },
{ "type": "Feature", "properties": { "id": 10912, "left": -45.688867956000003, "top": -12.652384888, "right": -45.688508632000001, "bottom": -12.652744212, "centroid_x": -45.688821, "centroid_y": -12.652556, "talhao": "PL PIVO 10B" }, "geometry": { "type": "MultiPolygon", "coordinates": [ [ [ [ -45.688768, -12.65251 ], [ -45.68878899379272, -12.652744212 ], [ -45.688867956, -12.652744212 ], [ -45.688867956, -12.652384888 ], [ -45.688764631600002, -12.652384888 ], [ -45.688768, -12.65251 ] ] ] ] } },
{ "type": "Feature", "properties": { "id": 10913, "left": -45.688867956000003, "top": -12.652744212, "right": -45.688508632000001, "bottom": -12.653103536, "centroid_x": -45.688837, "centroid_y": -12.652903, "talhao": "PL PIVO 10B" }, "geometry": { "type": "MultiPolygon", "coordinates": [ [ [ [ -45.6888, -12.652867 ], [ -45.688828, -12.653089 ], [ -45.688830507808305, -12.653103536 ], [ -45.688867956, -12.653103536 ], [ -45.688867956, -12.652744212 ], [ -45.68878899379272, -12.652744212 ], [ -45.6888, -12.652867 ] ] ] ] } },
{ "type": "Feature", "properties": { "id": 10914, "left": -45.688867956000003, "top": -12.653103536, "right": -45.688508632000001, "bottom": -12.65346286, "centroid_x": -45.688855, "centroid_y": -12.653176, "talhao": "PL PIVO 10B" }, "geometry": { "type": "MultiPolygon", "coordinates": [ [ [ [ -45.688867956, -12.653320596814831 ], [ -45.688867956, -12.653103536 ], [ -45.688830507808305, -12.653103536 ], [ -45.688867956, -12.653320596814831 ] ] ] ] } }
]
}
